implementation,fixture,lane,sequence,account,hash,start_monotonic_ns,completion_monotonic_ns,latency_ns,error
nano,nano-serial,nano_3e3j5tkog48pnny9dmfzj1r16pg8t1e76dz5tmac6iq689wyjfpiij4txtdo,0,nano_3e3j5tkog48pnny9dmfzj1r16pg8t1e76dz5tmac6iq689wyjfpiij4txtdo,23C84354C9A0940AFD856425C8E77D3E4C7A45FAFEC7E551ADD7B3559A6EDFA0,89010819041,89156215467,145396426,
nano,nano-serial,nano_3e3j5tkog48pnny9dmfzj1r16pg8t1e76dz5tmac6iq689wyjfpiij4txtdo,1,nano_3e3j5tkog48pnny9dmfzj1r16pg8t1e76dz5tmac6iq689wyjfpiij4txtdo,CEDE52A7F6351575042F5382CCCA71DAF8B912987AFDA6A0D992A7C1E8DECBF8,89156573156,89355648079,199074923,
nano,nano-serial,nano_3e3j5tkog48pnny9dmfzj1r16pg8t1e76dz5tmac6iq689wyjfpiij4txtdo,2,nano_3e3j5tkog48pnny9dmfzj1r16pg8t1e76dz5tmac6iq689wyjfpiij4txtdo,BFB5AA41729D3A27DCC00C962C526CEC50BF00229DC68B8537CE4336FA26E651,89355659056,89555724843,200065787,
nano,nano-serial,nano_3e3j5tkog48pnny9dmfzj1r16pg8t1e76dz5tmac6iq689wyjfpiij4txtdo,3,nano_3e3j5tkog48pnny9dmfzj1r16pg8t1e76dz5tmac6iq689wyjfpiij4txtdo,CF50218931CA3CAC27B2FD50224F72F6F36EC948DA29442B91FE1FACDEED2973,89555735418,89756025837,200290419,
nano,nano-serial,nano_3e3j5tkog48pnny9dmfzj1r16pg8t1e76dz5tmac6iq689wyjfpiij4txtdo,4,nano_3e3j5tkog48pnny9dmfzj1r16pg8t1e76dz5tmac6iq689wyjfpiij4txtdo,7B6421B7ED2CB10F84CF551894780A7F8240BD1405ED6942784AE1FC7DDDBCF2,89756035020,89956219152,200184132,
nano,nano-serial,nano_3e3j5tkog48pnny9dmfzj1r16pg8t1e76dz5tmac6iq689wyjfpiij4txtdo,5,nano_3e3j5tkog48pnny9dmfzj1r16pg8t1e76dz5tmac6iq689wyjfpiij4txtdo,BE25BDA8A93B4D9DE1A67B3553E856BBBB31BAF735616FE024C1F7A90EEA424B,89956228787,90156335835,200107048,
nano,nano-serial,nano_3e3j5tkog48pnny9dmfzj1r16pg8t1e76dz5tmac6iq689wyjfpiij4txtdo,6,nano_3e3j5tkog48pnny9dmfzj1r16pg8t1e76dz5tmac6iq689wyjfpiij4txtdo,613FD71D2B77864B8788CF7BEFCD6F8E946381B64AAD196CBE2C7D80F626DF68,90156344658,90356645872,200301214,
nano,nano-serial,nano_3e3j5tkog48pnny9dmfzj1r16pg8t1e76dz5tmac6iq689wyjfpiij4txtdo,7,nano_3e3j5tkog48pnny9dmfzj1r16pg8t1e76dz5tmac6iq689wyjfpiij4txtdo,F780BD8E76D9141168A6C2E78FAE4D8EEA6C32D3AC3D53A70D2946060017DA7E,90356659052,90556896132,200237080,
nano,nano-serial,nano_3e3j5tkog48pnny9dmfzj1r16pg8t1e76dz5tmac6iq689wyjfpiij4txtdo,8,nano_3e3j5tkog48pnny9dmfzj1r16pg8t1e76dz5tmac6iq689wyjfpiij4txtdo,1AC40E27A8044AD1095224DF69F41A7981C819E6E329F05F0336601E5EBE5618,90556905416,90757019094,200113678,
nano,nano-serial,nano_3e3j5tkog48pnny9dmfzj1r16pg8t1e76dz5tmac6iq689wyjfpiij4txtdo,9,nano_3e3j5tkog48pnny9dmfzj1r16pg8t1e76dz5tmac6iq689wyjfpiij4txtdo,50CB9CFA5F17030F7FFFD4A5EAC188A0DED5DC9DE13DE53D26BAB2F73BFAB830,90757028368,90957404353,200375985,
nano,nano-serial,nano_3e3j5tkog48pnny9dmfzj1r16pg8t1e76dz5tmac6iq689wyjfpiij4txtdo,10,nano_3e3j5tkog48pnny9dmfzj1r16pg8t1e76dz5tmac6iq689wyjfpiij4txtdo,F6F385EEAC1011DEFB4B575CA940ECECBCEFB4F36DDDC7B881141230DB7C803C,90957413847,91157675173,200261326,
nano,nano-serial,nano_3e3j5tkog48pnny9dmfzj1r16pg8t1e76dz5tmac6iq689wyjfpiij4txtdo,11,nano_3e3j5tkog48pnny9dmfzj1r16pg8t1e76dz5tmac6iq689wyjfpiij4txtdo,E744C0DF13049E6C7B38B8878AAFC26C695CEC9CE92D19D67C86633C9865DAE2,91157685869,91358095062,200409193,
nano,nano-serial,nano_3e3j5tkog48pnny9dmfzj1r16pg8t1e76dz5tmac6iq689wyjfpiij4txtdo,12,nano_3e3j5tkog48pnny9dmfzj1r16pg8t1e76dz5tmac6iq689wyjfpiij4txtdo,0B8958E080183A38D73D1654CA4876EED04278D03684C5E71462FB2FF68084FF,91358104677,91558263632,200158955,
nano,nano-serial,nano_3e3j5tkog48pnny9dmfzj1r16pg8t1e76dz5tmac6iq689wyjfpiij4txtdo,13,nano_3e3j5tkog48pnny9dmfzj1r16pg8t1e76dz5tmac6iq689wyjfpiij4txtdo,883977FF3D71130E235FB37D5F7A0A3979B916E847020DA42901C412A19E1A1E,91558272245,91758396558,200124313,
nano,nano-serial,nano_3e3j5tkog48pnny9dmfzj1r16pg8t1e76dz5tmac6iq689wyjfpiij4txtdo,14,nano_3e3j5tkog48pnny9dmfzj1r16pg8t1e76dz5tmac6iq689wyjfpiij4txtdo,110855858A41BAF174781FF267FC0241EEF4893AB5DD54E515B6C74BC7FD845D,91758405211,91958707638,200302427,
nano,nano-serial,nano_3e3j5tkog48pnny9dmfzj1r16pg8t1e76dz5tmac6iq689wyjfpiij4txtdo,15,nano_3e3j5tkog48pnny9dmfzj1r16pg8t1e76dz5tmac6iq689wyjfpiij4txtdo,B81D391AE96373A19635759D5F179E43B15E8CE7F9A0985148F788589C890CAC,91958716271,92158851481,200135210,
nano,nano-serial,nano_3e3j5tkog48pnny9dmfzj1r16pg8t1e76dz5tmac6iq689wyjfpiij4txtdo,16,nano_3e3j5tkog48pnny9dmfzj1r16pg8t1e76dz5tmac6iq689wyjfpiij4txtdo,105E6F0CD12D1341A587A7682D924E8FB5FF9AED32FBAA8CA5747E4FAD1ACA67,92158861566,92359265842,200404276,
nano,nano-serial,nano_3e3j5tkog48pnny9dmfzj1r16pg8t1e76dz5tmac6iq689wyjfpiij4txtdo,17,nano_3e3j5tkog48pnny9dmfzj1r16pg8t1e76dz5tmac6iq689wyjfpiij4txtdo,B1601A11A64A7801D7872D6FF7E3D45BD4BC7273C78E713C8C086D2BCB0BB506,92359275186,92559461541,200186355,
nano,nano-serial,nano_3e3j5tkog48pnny9dmfzj1r16pg8t1e76dz5tmac6iq689wyjfpiij4txtdo,18,nano_3e3j5tkog48pnny9dmfzj1r16pg8t1e76dz5tmac6iq689wyjfpiij4txtdo,1917BC896560C381EF7C847EE96E7A2F479D9CE8FE0FA3FE5F24DCA3AB1C5A61,92559470505,92759715446,200244941,
nano,nano-serial,nano_3e3j5tkog48pnny9dmfzj1r16pg8t1e76dz5tmac6iq689wyjfpiij4txtdo,19,nano_3e3j5tkog48pnny9dmfzj1r16pg8t1e76dz5tmac6iq689wyjfpiij4txtdo,DC702E49903E1F1224EB968A19900C31911DB5C822765550EE0C5CC77E67FD25,92759725141,92960027868,200302727,
nano,nano-serial,nano_3e3j5tkog48pnny9dmfzj1r16pg8t1e76dz5tmac6iq689wyjfpiij4txtdo,20,nano_3e3j5tkog48pnny9dmfzj1r16pg8t1e76dz5tmac6iq689wyjfpiij4txtdo,F3C3FC2701F65CB53CF2C4C78D4063DC87D94340C33FC788A8927DEA6B688F84,92960037272,93160322252,200284980,
nano,nano-serial,nano_3e3j5tkog48pnny9dmfzj1r16pg8t1e76dz5tmac6iq689wyjfpiij4txtdo,21,nano_3e3j5tkog48pnny9dmfzj1r16pg8t1e76dz5tmac6iq689wyjfpiij4txtdo,E0E46813217B2751428DF6D28A92498878AB889B44D51379CF009D7EB19AEE00,93160331546,93360700381,200368835,
nano,nano-serial,nano_3e3j5tkog48pnny9dmfzj1r16pg8t1e76dz5tmac6iq689wyjfpiij4txtdo,22,nano_3e3j5tkog48pnny9dmfzj1r16pg8t1e76dz5tmac6iq689wyjfpiij4txtdo,5F10CEFEE11DB1F63AD14D6746B4AFA2ADCA6CAEBB6326257C43C98157DA4355,93360708884,93561261179,200552295,
nano,nano-serial,nano_3e3j5tkog48pnny9dmfzj1r16pg8t1e76dz5tmac6iq689wyjfpiij4txtdo,23,nano_3e3j5tkog48pnny9dmfzj1r16pg8t1e76dz5tmac6iq689wyjfpiij4txtdo,58F5360618CB0214F6A630DAB50BDA46E7D95FD774316E0E6DEF5339E7D8CA21,93561273217,93761301529,200028312,
nano,nano-serial,nano_3e3j5tkog48pnny9dmfzj1r16pg8t1e76dz5tmac6iq689wyjfpiij4txtdo,24,nano_3e3j5tkog48pnny9dmfzj1r16pg8t1e76dz5tmac6iq689wyjfpiij4txtdo,CD82F5C2AEB1CFE744671B135B73A78AC151583E08D28F61C29309C0D8E72AF2,93761311213,93961384792,200073579,
nano,nano-serial,nano_3e3j5tkog48pnny9dmfzj1r16pg8t1e76dz5tmac6iq689wyjfpiij4txtdo,25,nano_3e3j5tkog48pnny9dmfzj1r16pg8t1e76dz5tmac6iq689wyjfpiij4txtdo,974E5A7DAF6B7D68F02BD0D60D8F656637DB620F8B0B6A0AADEF7986B2DE4794,93961395067,94161686497,200291430,
nano,nano-serial,nano_3e3j5tkog48pnny9dmfzj1r16pg8t1e76dz5tmac6iq689wyjfpiij4txtdo,26,nano_3e3j5tkog48pnny9dmfzj1r16pg8t1e76dz5tmac6iq689wyjfpiij4txtdo,9F2CDEB66D23DC5C0D27D89B41B0AF0A783CC9FE58912EA858A787571279226A,94161695791,94361957227,200261436,
nano,nano-serial,nano_3e3j5tkog48pnny9dmfzj1r16pg8t1e76dz5tmac6iq689wyjfpiij4txtdo,27,nano_3e3j5tkog48pnny9dmfzj1r16pg8t1e76dz5tmac6iq689wyjfpiij4txtdo,FF3A8FCA5B5E79E59F7CFA011F9EF6CBFDBAE501753E247EEED4A28F1512581B,94361968613,94562106847,200138234,
nano,nano-serial,nano_3e3j5tkog48pnny9dmfzj1r16pg8t1e76dz5tmac6iq689wyjfpiij4txtdo,28,nano_3e3j5tkog48pnny9dmfzj1r16pg8t1e76dz5tmac6iq689wyjfpiij4txtdo,A82F32D08052D86F903E5949F760E8A7E12C99C745484B950DADC26DBBED5CD7,94562118985,94762534658,200415673,
nano,nano-serial,nano_3e3j5tkog48pnny9dmfzj1r16pg8t1e76dz5tmac6iq689wyjfpiij4txtdo,29,nano_3e3j5tkog48pnny9dmfzj1r16pg8t1e76dz5tmac6iq689wyjfpiij4txtdo,F465E9E561117689A454FCFB342065638656F8C524A59E958448D5F109180B1B,94762543752,94962672782,200129030,
nano,nano-serial,nano_3e3j5tkog48pnny9dmfzj1r16pg8t1e76dz5tmac6iq689wyjfpiij4txtdo,30,nano_3e3j5tkog48pnny9dmfzj1r16pg8t1e76dz5tmac6iq689wyjfpiij4txtdo,C9A9EA3498CEB94D0B9C5180E9EA17737CE796D7202CE6A6B88C9A79670FA1C6,94962683348,95162944503,200261155,
nano,nano-serial,nano_3e3j5tkog48pnny9dmfzj1r16pg8t1e76dz5tmac6iq689wyjfpiij4txtdo,31,nano_3e3j5tkog48pnny9dmfzj1r16pg8t1e76dz5tmac6iq689wyjfpiij4txtdo,3C8C65488E295A730AB0BAB8B8DF568569A99898DF54BD526C41F3B1AB46A9A3,95162955389,95363288541,200333152,
nano,nano-serial,nano_3e3j5tkog48pnny9dmfzj1r16pg8t1e76dz5tmac6iq689wyjfpiij4txtdo,32,nano_3e3j5tkog48pnny9dmfzj1r16pg8t1e76dz5tmac6iq689wyjfpiij4txtdo,923CFD4030FCA882F85E51E997398C64D4F4425CC354FF0D4AE2C8B7E5075F15,95363297023,95563408128,200111105,
nano,nano-serial,nano_3e3j5tkog48pnny9dmfzj1r16pg8t1e76dz5tmac6iq689wyjfpiij4txtdo,33,nano_3e3j5tkog48pnny9dmfzj1r16pg8t1e76dz5tmac6iq689wyjfpiij4txtdo,508379541F29CCA86B76CC5452BD162CC83A64EC8EC1DCB4CE82405D4D116530,95563417001,95763778855,200361854,
nano,nano-serial,nano_3e3j5tkog48pnny9dmfzj1r16pg8t1e76dz5tmac6iq689wyjfpiij4txtdo,34,nano_3e3j5tkog48pnny9dmfzj1r16pg8t1e76dz5tmac6iq689wyjfpiij4txtdo,1180F18D2673D88963C0983E8F761E086DF49725E7A0C9D6922785E5E0364D93,95763789420,95964105198,200315778,
nano,nano-serial,nano_3e3j5tkog48pnny9dmfzj1r16pg8t1e76dz5tmac6iq689wyjfpiij4txtdo,35,nano_3e3j5tkog48pnny9dmfzj1r16pg8t1e76dz5tmac6iq689wyjfpiij4txtdo,CAF69334B36AE6D4EA9B79CC3E1F66A08B7570D7F67F3A83FA150BF020BA791E,95964113771,96164248249,200134478,
nano,nano-serial,nano_3e3j5tkog48pnny9dmfzj1r16pg8t1e76dz5tmac6iq689wyjfpiij4txtdo,36,nano_3e3j5tkog48pnny9dmfzj1r16pg8t1e76dz5tmac6iq689wyjfpiij4txtdo,17E937BE86833D21C7B8FE350A105439BB7E65A5577A8950DAFAE82640D862D1,96164257483,96364627439,200369956,
nano,nano-serial,nano_3e3j5tkog48pnny9dmfzj1r16pg8t1e76dz5tmac6iq689wyjfpiij4txtdo,37,nano_3e3j5tkog48pnny9dmfzj1r16pg8t1e76dz5tmac6iq689wyjfpiij4txtdo,9BBBAAFDABEA6130035CD545631711F41B7BE0CDD9A0B5DE72A0B012829F1C09,96364637203,96564642350,200005147,
nano,nano-serial,nano_3e3j5tkog48pnny9dmfzj1r16pg8t1e76dz5tmac6iq689wyjfpiij4txtdo,38,nano_3e3j5tkog48pnny9dmfzj1r16pg8t1e76dz5tmac6iq689wyjfpiij4txtdo,06761CD77962BB710D65008F426F0088E927BA04A91F7BD15A00EB5391F0A2A5,96564652205,96765037244,200385039,
nano,nano-serial,nano_3e3j5tkog48pnny9dmfzj1r16pg8t1e76dz5tmac6iq689wyjfpiij4txtdo,39,nano_3e3j5tkog48pnny9dmfzj1r16pg8t1e76dz5tmac6iq689wyjfpiij4txtdo,26CCFD1799F80D08B0A02E506FAE27283A03006EBB560E3DB03C6646D1E4ADD5,96765046617,96965246822,200200205,
nano,nano-serial,nano_3e3j5tkog48pnny9dmfzj1r16pg8t1e76dz5tmac6iq689wyjfpiij4txtdo,40,nano_3e3j5tkog48pnny9dmfzj1r16pg8t1e76dz5tmac6iq689wyjfpiij4txtdo,327E4267EF32BB8C428E9FEFC9486145262EF02868654572BD80B54A8611F118,96965255916,97165462662,200206746,
nano,nano-serial,nano_3e3j5tkog48pnny9dmfzj1r16pg8t1e76dz5tmac6iq689wyjfpiij4txtdo,41,nano_3e3j5tkog48pnny9dmfzj1r16pg8t1e76dz5tmac6iq689wyjfpiij4txtdo,689694818150D7F75AC8225FBE8A5B4C377ED418C4E6BEBCCBF2DBB5AAEFDA84,97165472346,97365856203,200383857,
nano,nano-serial,nano_3e3j5tkog48pnny9dmfzj1r16pg8t1e76dz5tmac6iq689wyjfpiij4txtdo,42,nano_3e3j5tkog48pnny9dmfzj1r16pg8t1e76dz5tmac6iq689wyjfpiij4txtdo,CF40E55E10B0A64A67D33BC756C9CA49625E722590D54588980FB4BFCA286700,97365867400,97565928498,200061098,
nano,nano-serial,nano_3e3j5tkog48pnny9dmfzj1r16pg8t1e76dz5tmac6iq689wyjfpiij4txtdo,43,nano_3e3j5tkog48pnny9dmfzj1r16pg8t1e76dz5tmac6iq689wyjfpiij4txtdo,2AB32120B0A055D79AA465EC2A8A2E8A945C552EF3191B862FD3E9832E7FAA7B,97565938754,97766376921,200438167,
nano,nano-serial,nano_3e3j5tkog48pnny9dmfzj1r16pg8t1e76dz5tmac6iq689wyjfpiij4txtdo,44,nano_3e3j5tkog48pnny9dmfzj1r16pg8t1e76dz5tmac6iq689wyjfpiij4txtdo,810F8A2F7BF9D8C490145BC258F97B4A7FB6A1C29CD0082600781777186756F5,97766385784,97966560892,200175108,
nano,nano-serial,nano_3e3j5tkog48pnny9dmfzj1r16pg8t1e76dz5tmac6iq689wyjfpiij4txtdo,45,nano_3e3j5tkog48pnny9dmfzj1r16pg8t1e76dz5tmac6iq689wyjfpiij4txtdo,CC3B945E2C709AD44A26AE52133E7D50D5EE049CE37B55DD26352A3307613F04,97966569755,98166797502,200227747,
nano,nano-serial,nano_3e3j5tkog48pnny9dmfzj1r16pg8t1e76dz5tmac6iq689wyjfpiij4txtdo,46,nano_3e3j5tkog48pnny9dmfzj1r16pg8t1e76dz5tmac6iq689wyjfpiij4txtdo,66D9EB16ACD21207103E484170E787533871C5D39EAE42C5CBCCC18F28D80AA4,98166806615,98367091205,200284590,
nano,nano-serial,nano_3e3j5tkog48pnny9dmfzj1r16pg8t1e76dz5tmac6iq689wyjfpiij4txtdo,47,nano_3e3j5tkog48pnny9dmfzj1r16pg8t1e76dz5tmac6iq689wyjfpiij4txtdo,076B7E1510E1BF91D81CB6803A69AE29D0606CF68FB1CC7B28B8B29350F9A852,98367101481,98567389987,200288506,
nano,nano-serial,nano_3e3j5tkog48pnny9dmfzj1r16pg8t1e76dz5tmac6iq689wyjfpiij4txtdo,48,nano_3e3j5tkog48pnny9dmfzj1r16pg8t1e76dz5tmac6iq689wyjfpiij4txtdo,7169A7C335FC2DB07397752F1E1D4E98D2DDDD2C66A1832831C8AC30EAFF1D20,98567398850,98767538336,200139486,
nano,nano-serial,nano_3e3j5tkog48pnny9dmfzj1r16pg8t1e76dz5tmac6iq689wyjfpiij4txtdo,49,nano_3e3j5tkog48pnny9dmfzj1r16pg8t1e76dz5tmac6iq689wyjfpiij4txtdo,48ECA2388ADF18C77DD63ECF8844EC2A72FADC818A076E15647AECD0EBDF8793,98767548981,98967750450,200201469,
nano,nano-serial,nano_3e3j5tkog48pnny9dmfzj1r16pg8t1e76dz5tmac6iq689wyjfpiij4txtdo,50,nano_3e3j5tkog48pnny9dmfzj1r16pg8t1e76dz5tmac6iq689wyjfpiij4txtdo,DC922C29DF5E2D3616642E04DEED805BE0A666E1C4EF93D8A4A532E3DBBA98B6,98967760405,99168022722,200262317,
nano,nano-serial,nano_3e3j5tkog48pnny9dmfzj1r16pg8t1e76dz5tmac6iq689wyjfpiij4txtdo,51,nano_3e3j5tkog48pnny9dmfzj1r16pg8t1e76dz5tmac6iq689wyjfpiij4txtdo,58876EE0712831BF52BEA3226B8F4815C2641216C09530E9E46D4EA3C37850C9,99168031705,99368458423,200426718,
nano,nano-serial,nano_3e3j5tkog48pnny9dmfzj1r16pg8t1e76dz5tmac6iq689wyjfpiij4txtdo,52,nano_3e3j5tkog48pnny9dmfzj1r16pg8t1e76dz5tmac6iq689wyjfpiij4txtdo,5B461A2B8CCEADC821A5BF3A68E521E830C3755DE5C1A7B1BBE65F09E4B92237,99368467366,99568424090,199956724,
nano,nano-serial,nano_3e3j5tkog48pnny9dmfzj1r16pg8t1e76dz5tmac6iq689wyjfpiij4txtdo,53,nano_3e3j5tkog48pnny9dmfzj1r16pg8t1e76dz5tmac6iq689wyjfpiij4txtdo,4F4A211F5C13D441F3471099D81E07B8CD51C106870531B9E7F194285C6D6212,99568433894,99768690541,200256647,
nano,nano-serial,nano_3e3j5tkog48pnny9dmfzj1r16pg8t1e76dz5tmac6iq689wyjfpiij4txtdo,54,nano_3e3j5tkog48pnny9dmfzj1r16pg8t1e76dz5tmac6iq689wyjfpiij4txtdo,1A67C64722624504082A7BE38EACDDFC3E02257A4CB809A7E81BBB743AE5E23F,99768698833,99969048688,200349855,
nano,nano-serial,nano_3e3j5tkog48pnny9dmfzj1r16pg8t1e76dz5tmac6iq689wyjfpiij4txtdo,55,nano_3e3j5tkog48pnny9dmfzj1r16pg8t1e76dz5tmac6iq689wyjfpiij4txtdo,6DE020FFEA6CB8BF3CCD5F4833A5CB7E9E7D2F03B383023E06C50B06EC21FA5F,99969057721,100169226637,200168916,
nano,nano-serial,nano_3e3j5tkog48pnny9dmfzj1r16pg8t1e76dz5tmac6iq689wyjfpiij4txtdo,56,nano_3e3j5tkog48pnny9dmfzj1r16pg8t1e76dz5tmac6iq689wyjfpiij4txtdo,2D7F49BE7686AB41401F8CF70B7B368BCF67D151F7DA99321FDDDC967DC6F72E,100169236632,100369639184,200402552,
nano,nano-serial,nano_3e3j5tkog48pnny9dmfzj1r16pg8t1e76dz5tmac6iq689wyjfpiij4txtdo,57,nano_3e3j5tkog48pnny9dmfzj1r16pg8t1e76dz5tmac6iq689wyjfpiij4txtdo,2832E24FF474E150A3E55EA0354E731D813015DACF591E9C7151D20E744E633E,100369648658,100569823273,200174615,
nano,nano-serial,nano_3e3j5tkog48pnny9dmfzj1r16pg8t1e76dz5tmac6iq689wyjfpiij4txtdo,58,nano_3e3j5tkog48pnny9dmfzj1r16pg8t1e76dz5tmac6iq689wyjfpiij4txtdo,A39D918371B67277FACE8D6E03C10A97A4BDB5D678700EF0EAE610F5B8D25821,100569831975,100770193827,200361852,
nano,nano-serial,nano_3e3j5tkog48pnny9dmfzj1r16pg8t1e76dz5tmac6iq689wyjfpiij4txtdo,59,nano_3e3j5tkog48pnny9dmfzj1r16pg8t1e76dz5tmac6iq689wyjfpiij4txtdo,EF956267036D73B9402C66FA1542BC5F05F0F5F713A22539EE8E1CDFB25A31A7,100770215119,100970392258,200177139,
nano,nano-serial,nano_3e3j5tkog48pnny9dmfzj1r16pg8t1e76dz5tmac6iq689wyjfpiij4txtdo,60,nano_3e3j5tkog48pnny9dmfzj1r16pg8t1e76dz5tmac6iq689wyjfpiij4txtdo,50FE9AD1709811E99AFE4134F70669AC2B6994FF98B44F2794F3B30413113A0F,100970405908,101170864082,200458174,
nano,nano-serial,nano_3e3j5tkog48pnny9dmfzj1r16pg8t1e76dz5tmac6iq689wyjfpiij4txtdo,61,nano_3e3j5tkog48pnny9dmfzj1r16pg8t1e76dz5tmac6iq689wyjfpiij4txtdo,7A4F6EDE9D0E5B98A01EAC2E40E48BB417D1868722E6605F60BA9DF172098D45,101170872835,101371081551,200208716,
nano,nano-serial,nano_3e3j5tkog48pnny9dmfzj1r16pg8t1e76dz5tmac6iq689wyjfpiij4txtdo,62,nano_3e3j5tkog48pnny9dmfzj1r16pg8t1e76dz5tmac6iq689wyjfpiij4txtdo,0DEB05046EBD857CAB75D68101BDD900C581B20B16F5EDC39F07B286F97457E6,101371090254,101571054217,199963963,
nano,nano-serial,nano_3e3j5tkog48pnny9dmfzj1r16pg8t1e76dz5tmac6iq689wyjfpiij4txtdo,63,nano_3e3j5tkog48pnny9dmfzj1r16pg8t1e76dz5tmac6iq689wyjfpiij4txtdo,EFAB2F28B2E71156ABA39E69EB4969E7889E6918125E6BDE894AFC078DA72B03,101571064513,101771536476,200471963,
nano,nano-serial,nano_3e3j5tkog48pnny9dmfzj1r16pg8t1e76dz5tmac6iq689wyjfpiij4txtdo,64,nano_3e3j5tkog48pnny9dmfzj1r16pg8t1e76dz5tmac6iq689wyjfpiij4txtdo,4CB4FF2D12CEB74BB5AD53F48F2473FD36037F7E1095D66B5588E83D50337A28,101771550096,101971763129,200213033,
nano,nano-serial,nano_3e3j5tkog48pnny9dmfzj1r16pg8t1e76dz5tmac6iq689wyjfpiij4txtdo,65,nano_3e3j5tkog48pnny9dmfzj1r16pg8t1e76dz5tmac6iq689wyjfpiij4txtdo,E7BAF402B48289963779E0F5AB7E7D97A8384C398AE3949B07A701911F0BC244,101971772082,102172029069,200256987,
nano,nano-serial,nano_3e3j5tkog48pnny9dmfzj1r16pg8t1e76dz5tmac6iq689wyjfpiij4txtdo,66,nano_3e3j5tkog48pnny9dmfzj1r16pg8t1e76dz5tmac6iq689wyjfpiij4txtdo,6B7D135B89632C2FBD4C3D794FE9917C43331BCB563519C0FA91BBE781B7D854,102172037671,102372321467,200283796,
nano,nano-serial,nano_3e3j5tkog48pnny9dmfzj1r16pg8t1e76dz5tmac6iq689wyjfpiij4txtdo,67,nano_3e3j5tkog48pnny9dmfzj1r16pg8t1e76dz5tmac6iq689wyjfpiij4txtdo,EA0CCA9A0BBDE6A7D50D78126FCE1E51BC8334C862AB6945CA6D2859C4573E8F,102372330481,102572389936,200059455,
nano,nano-serial,nano_3e3j5tkog48pnny9dmfzj1r16pg8t1e76dz5tmac6iq689wyjfpiij4txtdo,68,nano_3e3j5tkog48pnny9dmfzj1r16pg8t1e76dz5tmac6iq689wyjfpiij4txtdo,2232D3618BF59EC8CCC6674E3041DCE289D4B2CA09CB7B6D148DBE5BB9143F40,102572403476,102772932134,200528658,
nano,nano-serial,nano_3e3j5tkog48pnny9dmfzj1r16pg8t1e76dz5tmac6iq689wyjfpiij4txtdo,69,nano_3e3j5tkog48pnny9dmfzj1r16pg8t1e76dz5tmac6iq689wyjfpiij4txtdo,F233BDDC40E0B4F7E808A39B2D92FB6846C2B6970789E854DB86EEAD74DE23F1,102772939786,102973144475,200204689,
nano,nano-serial,nano_3e3j5tkog48pnny9dmfzj1r16pg8t1e76dz5tmac6iq689wyjfpiij4txtdo,70,nano_3e3j5tkog48pnny9dmfzj1r16pg8t1e76dz5tmac6iq689wyjfpiij4txtdo,8B12B1E2789A4330DE0DB8CA9EE62A2275C95A7AA2ABD983AF139EA45E5048A1,102973153338,103173448160,200294822,
nano,nano-serial,nano_3e3j5tkog48pnny9dmfzj1r16pg8t1e76dz5tmac6iq689wyjfpiij4txtdo,71,nano_3e3j5tkog48pnny9dmfzj1r16pg8t1e76dz5tmac6iq689wyjfpiij4txtdo,DD4536C191FA473C021A4F61E17FAB80176BFD302C7866681879DD5A8C93CBDF,103173457234,103373796472,200339238,
nano,nano-serial,nano_3e3j5tkog48pnny9dmfzj1r16pg8t1e76dz5tmac6iq689wyjfpiij4txtdo,72,nano_3e3j5tkog48pnny9dmfzj1r16pg8t1e76dz5tmac6iq689wyjfpiij4txtdo,07D1943C149B6F54916C948D195498A2AAD5852A56F8627FFF47EE81A450AED5,103373805986,103573818952,200012966,
nano,nano-serial,nano_3e3j5tkog48pnny9dmfzj1r16pg8t1e76dz5tmac6iq689wyjfpiij4txtdo,73,nano_3e3j5tkog48pnny9dmfzj1r16pg8t1e76dz5tmac6iq689wyjfpiij4txtdo,DE6F8A2A5937A83F545B841AF199464676592636707DE07849415D1215D429F2,103573827955,103774227432,200399477,
nano,nano-serial,nano_3e3j5tkog48pnny9dmfzj1r16pg8t1e76dz5tmac6iq689wyjfpiij4txtdo,74,nano_3e3j5tkog48pnny9dmfzj1r16pg8t1e76dz5tmac6iq689wyjfpiij4txtdo,B23FE00DF42F88EA8FF013907866B674035A0290E9599B084DF65F1D78333AB9,103774237717,103974520472,200282755,
nano,nano-serial,nano_3e3j5tkog48pnny9dmfzj1r16pg8t1e76dz5tmac6iq689wyjfpiij4txtdo,75,nano_3e3j5tkog48pnny9dmfzj1r16pg8t1e76dz5tmac6iq689wyjfpiij4txtdo,04E85660BB738BEE096F5ED3F951A9BC122950A18272226DE4ED7216A2261CF9,103974529646,104174740214,200210568,
nano,nano-serial,nano_3e3j5tkog48pnny9dmfzj1r16pg8t1e76dz5tmac6iq689wyjfpiij4txtdo,76,nano_3e3j5tkog48pnny9dmfzj1r16pg8t1e76dz5tmac6iq689wyjfpiij4txtdo,C95B1DBBF8D9AF566DB6BB3A6F6FBB584523339E98CEAA12C8BF618BD54E73EB,104174748786,104375085130,200336344,
nano,nano-serial,nano_3e3j5tkog48pnny9dmfzj1r16pg8t1e76dz5tmac6iq689wyjfpiij4txtdo,77,nano_3e3j5tkog48pnny9dmfzj1r16pg8t1e76dz5tmac6iq689wyjfpiij4txtdo,64982DE6BF6E71530379F739B2189DB03A60527F4498AAF11ADD3271D601640D,104375093342,104575198064,200104722,
nano,nano-serial,nano_3e3j5tkog48pnny9dmfzj1r16pg8t1e76dz5tmac6iq689wyjfpiij4txtdo,78,nano_3e3j5tkog48pnny9dmfzj1r16pg8t1e76dz5tmac6iq689wyjfpiij4txtdo,8726798BD03ECF60FCB43DA42781E6D6A6CD00CDBED1EEACF94C57DB6C66CA42,104575206337,104775525826,200319489,
nano,nano-serial,nano_3e3j5tkog48pnny9dmfzj1r16pg8t1e76dz5tmac6iq689wyjfpiij4txtdo,79,nano_3e3j5tkog48pnny9dmfzj1r16pg8t1e76dz5tmac6iq689wyjfpiij4txtdo,9BC3519E6597B05D10B037D9B638742793FF278503296FBF45BE1847215D01AB,104775534539,104975850622,200316083,
nano,nano-serial,nano_3e3j5tkog48pnny9dmfzj1r16pg8t1e76dz5tmac6iq689wyjfpiij4txtdo,80,nano_3e3j5tkog48pnny9dmfzj1r16pg8t1e76dz5tmac6iq689wyjfpiij4txtdo,633752603B8A4DDFFE248386B19AF5E5A855F32491EF231E7D75695EDA9C5ADD,104975860317,105176222118,200361801,
nano,nano-serial,nano_3e3j5tkog48pnny9dmfzj1r16pg8t1e76dz5tmac6iq689wyjfpiij4txtdo,81,nano_3e3j5tkog48pnny9dmfzj1r16pg8t1e76dz5tmac6iq689wyjfpiij4txtdo,EEBC17924DA5A22FF9EC1D02A76E271C098376397C0829B7A27F333F226B3D86,105176230971,105376300181,200069210,
nano,nano-serial,nano_3e3j5tkog48pnny9dmfzj1r16pg8t1e76dz5tmac6iq689wyjfpiij4txtdo,82,nano_3e3j5tkog48pnny9dmfzj1r16pg8t1e76dz5tmac6iq689wyjfpiij4txtdo,2EEA2C51B884BBEF719E8B962FFE1BB5518A634DC144C9BB3536ED76FBD9DD7A,105376308273,105576406636,200098363,
nano,nano-serial,nano_3e3j5tkog48pnny9dmfzj1r16pg8t1e76dz5tmac6iq689wyjfpiij4txtdo,83,nano_3e3j5tkog48pnny9dmfzj1r16pg8t1e76dz5tmac6iq689wyjfpiij4txtdo,5A087FBC7F16A6E25146F109AFDBF6260693443402E7D988E738CBCDA21555CD,105576417441,105776795788,200378347,
nano,nano-serial,nano_3e3j5tkog48pnny9dmfzj1r16pg8t1e76dz5tmac6iq689wyjfpiij4txtdo,84,nano_3e3j5tkog48pnny9dmfzj1r16pg8t1e76dz5tmac6iq689wyjfpiij4txtdo,B2BE88FE9AACC95952AD66497D37ED90F77296FDDB49FD72CEB338A16DD4B04D,105776804781,105977189477,200384696,
nano,nano-serial,nano_3e3j5tkog48pnny9dmfzj1r16pg8t1e76dz5tmac6iq689wyjfpiij4txtdo,85,nano_3e3j5tkog48pnny9dmfzj1r16pg8t1e76dz5tmac6iq689wyjfpiij4txtdo,5E68EB564219C2A156D25FCCF19767CC73EF769CAA5FEC48853DA556E1E2041F,105977198360,106177435667,200237307,
nano,nano-serial,nano_3e3j5tkog48pnny9dmfzj1r16pg8t1e76dz5tmac6iq689wyjfpiij4txtdo,86,nano_3e3j5tkog48pnny9dmfzj1r16pg8t1e76dz5tmac6iq689wyjfpiij4txtdo,ED0BBFDCB4061E46B6A31D00803B70DDBC7DC5C5FC2CABE0B250DDB5E75D7BF0,106177445212,106377636492,200191280,
nano,nano-serial,nano_3e3j5tkog48pnny9dmfzj1r16pg8t1e76dz5tmac6iq689wyjfpiij4txtdo,87,nano_3e3j5tkog48pnny9dmfzj1r16pg8t1e76dz5tmac6iq689wyjfpiij4txtdo,BC7D13BA75660F9B33A009618A76268382DB4E1775A78101151EADC9E89494D3,106377645365,106577753662,200108297,
nano,nano-serial,nano_3e3j5tkog48pnny9dmfzj1r16pg8t1e76dz5tmac6iq689wyjfpiij4txtdo,88,nano_3e3j5tkog48pnny9dmfzj1r16pg8t1e76dz5tmac6iq689wyjfpiij4txtdo,F64C962A3AC5317DE35B00B8A78A6216310B9E47D612AC7B6502CCC83DFA8F2A,106577763767,106778138287,200374520,
nano,nano-serial,nano_3e3j5tkog48pnny9dmfzj1r16pg8t1e76dz5tmac6iq689wyjfpiij4txtdo,89,nano_3e3j5tkog48pnny9dmfzj1r16pg8t1e76dz5tmac6iq689wyjfpiij4txtdo,B6102BC0E3DAB6608E976A8C3110AD5C513733470BB16BAF3BCD4AF15DDFDC12,106778147200,106978529172,200381972,
nano,nano-serial,nano_3e3j5tkog48pnny9dmfzj1r16pg8t1e76dz5tmac6iq689wyjfpiij4txtdo,90,nano_3e3j5tkog48pnny9dmfzj1r16pg8t1e76dz5tmac6iq689wyjfpiij4txtdo,EC222DCD4B5C350077C141ECD26AE98C210A90553371A1F6409A34071183FBB7,106978537755,107178731599,200193844,
nano,nano-serial,nano_3e3j5tkog48pnny9dmfzj1r16pg8t1e76dz5tmac6iq689wyjfpiij4txtdo,91,nano_3e3j5tkog48pnny9dmfzj1r16pg8t1e76dz5tmac6iq689wyjfpiij4txtdo,762537BC977523114DEE1ECE19BE24CAD3E90A90DA9A948474D8C19F07452467,107178740562,107379053853,200313291,
nano,nano-serial,nano_3e3j5tkog48pnny9dmfzj1r16pg8t1e76dz5tmac6iq689wyjfpiij4txtdo,92,nano_3e3j5tkog48pnny9dmfzj1r16pg8t1e76dz5tmac6iq689wyjfpiij4txtdo,83B50E4CBA6B7E0943F23217094A58EA03E67063CE8E71D218CE4E29FAEC3F9C,107379062486,107579222735,200160249,
nano,nano-serial,nano_3e3j5tkog48pnny9dmfzj1r16pg8t1e76dz5tmac6iq689wyjfpiij4txtdo,93,nano_3e3j5tkog48pnny9dmfzj1r16pg8t1e76dz5tmac6iq689wyjfpiij4txtdo,3D9042DE92AFB6CAC4954D80952DD15B513C588196450165377E7F46BACEB077,107579231728,107779606936,200375208,
nano,nano-serial,nano_3e3j5tkog48pnny9dmfzj1r16pg8t1e76dz5tmac6iq689wyjfpiij4txtdo,94,nano_3e3j5tkog48pnny9dmfzj1r16pg8t1e76dz5tmac6iq689wyjfpiij4txtdo,5A305B2FA8A808AC660560A83954D8D7EECEDD587D429680387B02104BFD8675,107779621228,107979865913,200244685,
nano,nano-serial,nano_3e3j5tkog48pnny9dmfzj1r16pg8t1e76dz5tmac6iq689wyjfpiij4txtdo,95,nano_3e3j5tkog48pnny9dmfzj1r16pg8t1e76dz5tmac6iq689wyjfpiij4txtdo,79A12A7B1A03F280DD7C47C4F1C18E7BEE30DE43CE95A2BC03F8A8BD8BD4D1FD,107979874565,108180032631,200158066,
nano,nano-serial,nano_3e3j5tkog48pnny9dmfzj1r16pg8t1e76dz5tmac6iq689wyjfpiij4txtdo,96,nano_3e3j5tkog48pnny9dmfzj1r16pg8t1e76dz5tmac6iq689wyjfpiij4txtdo,C6612D38FFCE339D077E59EDF72063E749B5CF31FB06486B7DD8E839C7ACA276,108180041114,108380353850,200312736,
nano,nano-serial,nano_3e3j5tkog48pnny9dmfzj1r16pg8t1e76dz5tmac6iq689wyjfpiij4txtdo,97,nano_3e3j5tkog48pnny9dmfzj1r16pg8t1e76dz5tmac6iq689wyjfpiij4txtdo,D0F780AD05A138DA698BCDE540BDC1821EA361EE825E497618E03EF9383CEE0A,108380363404,108580476414,200113010,
nano,nano-serial,nano_3e3j5tkog48pnny9dmfzj1r16pg8t1e76dz5tmac6iq689wyjfpiij4txtdo,98,nano_3e3j5tkog48pnny9dmfzj1r16pg8t1e76dz5tmac6iq689wyjfpiij4txtdo,9C564610D0561168A0A0F4B88944F950A310A82E4ED5CE52A87EA89336DE1D45,108580485988,108780811271,200325283,
nano,nano-serial,nano_3e3j5tkog48pnny9dmfzj1r16pg8t1e76dz5tmac6iq689wyjfpiij4txtdo,99,nano_3e3j5tkog48pnny9dmfzj1r16pg8t1e76dz5tmac6iq689wyjfpiij4txtdo,BB3AA63CE669E7F1F64FA727904040C4061D1CB25ECFF2219FE0B8D8BBF0ABA4,108780820154,108981286976,200466822,
nano,nano-serial,nano_3e3j5tkog48pnny9dmfzj1r16pg8t1e76dz5tmac6iq689wyjfpiij4txtdo,100,nano_3e3j5tkog48pnny9dmfzj1r16pg8t1e76dz5tmac6iq689wyjfpiij4txtdo,F321001A84633CE3DF8ABD7C96072752F801D47D020CD4F82B577E35E18CEFD0,108981298794,109181562516,200263722,
nano,nano-serial,nano_3e3j5tkog48pnny9dmfzj1r16pg8t1e76dz5tmac6iq689wyjfpiij4txtdo,101,nano_3e3j5tkog48pnny9dmfzj1r16pg8t1e76dz5tmac6iq689wyjfpiij4txtdo,E19D64036DCAC3CA8D91FD7904F8C11DE12F4B1DA9DE654F4C2CCA88B63899D2,109181571980,109381776305,200204325,
nano,nano-serial,nano_3e3j5tkog48pnny9dmfzj1r16pg8t1e76dz5tmac6iq689wyjfpiij4txtdo,102,nano_3e3j5tkog48pnny9dmfzj1r16pg8t1e76dz5tmac6iq689wyjfpiij4txtdo,01EFE59C2633DBAACD482162E9ACB946962B34C0197C08F75D931ED5ACC98156,109381784638,109581903947,200119309,
nano,nano-serial,nano_3e3j5tkog48pnny9dmfzj1r16pg8t1e76dz5tmac6iq689wyjfpiij4txtdo,103,nano_3e3j5tkog48pnny9dmfzj1r16pg8t1e76dz5tmac6iq689wyjfpiij4txtdo,F661A62FF1BF77D2D4A2FC9F0D009A81AAC66EFC177716341FCBAD7F651AD2A5,109581913341,109782276741,200363400,
nano,nano-serial,nano_3e3j5tkog48pnny9dmfzj1r16pg8t1e76dz5tmac6iq689wyjfpiij4txtdo,104,nano_3e3j5tkog48pnny9dmfzj1r16pg8t1e76dz5tmac6iq689wyjfpiij4txtdo,08BFAAFB0B5A724358EBCB55394E5E4DB292C86E23DABE9C17AE23D5A580B62F,109782286906,109982592360,200305454,
nano,nano-serial,nano_3e3j5tkog48pnny9dmfzj1r16pg8t1e76dz5tmac6iq689wyjfpiij4txtdo,105,nano_3e3j5tkog48pnny9dmfzj1r16pg8t1e76dz5tmac6iq689wyjfpiij4txtdo,0603A56F9CE9E1B08FF9AFE7A4CD88333F4766DE4F7BF3ED555DE237BB2FA512,109982601303,110182929532,200328229,
nano,nano-serial,nano_3e3j5tkog48pnny9dmfzj1r16pg8t1e76dz5tmac6iq689wyjfpiij4txtdo,106,nano_3e3j5tkog48pnny9dmfzj1r16pg8t1e76dz5tmac6iq689wyjfpiij4txtdo,88D7C87B7EFD1B08DF4C0DD37EA5E9E6DE44FD4E3718CA7BAE589FECE014AABD,110182938395,110383272501,200334106,
nano,nano-serial,nano_3e3j5tkog48pnny9dmfzj1r16pg8t1e76dz5tmac6iq689wyjfpiij4txtdo,107,nano_3e3j5tkog48pnny9dmfzj1r16pg8t1e76dz5tmac6iq689wyjfpiij4txtdo,B176A596A818AB20947E8471345546BCC231687B62C10855236FDA7E95D5C8B3,110383282736,110583226826,199944090,
nano,nano-serial,nano_3e3j5tkog48pnny9dmfzj1r16pg8t1e76dz5tmac6iq689wyjfpiij4txtdo,108,nano_3e3j5tkog48pnny9dmfzj1r16pg8t1e76dz5tmac6iq689wyjfpiij4txtdo,BF7FD6B7F86DACBEDFB8F787C8D92D632A788408C57EF29CEAF7A974D9519B96,110583234979,110783722352,200487373,
nano,nano-serial,nano_3e3j5tkog48pnny9dmfzj1r16pg8t1e76dz5tmac6iq689wyjfpiij4txtdo,109,nano_3e3j5tkog48pnny9dmfzj1r16pg8t1e76dz5tmac6iq689wyjfpiij4txtdo,B8C1CD4E572D76D139C11D2B3ACEEC5C0AF63AC10EB2D9A2A36986A200F9A19D,110783731716,110983921991,200190275,
nano,nano-serial,nano_3e3j5tkog48pnny9dmfzj1r16pg8t1e76dz5tmac6iq689wyjfpiij4txtdo,110,nano_3e3j5tkog48pnny9dmfzj1r16pg8t1e76dz5tmac6iq689wyjfpiij4txtdo,6F561A440B3242AE8B92E45FDD2557A5DFCC12362774F6B63CA45AD7FD81D154,110983932436,111184310157,200377721,
nano,nano-serial,nano_3e3j5tkog48pnny9dmfzj1r16pg8t1e76dz5tmac6iq689wyjfpiij4txtdo,111,nano_3e3j5tkog48pnny9dmfzj1r16pg8t1e76dz5tmac6iq689wyjfpiij4txtdo,95A0D4BAAED96D090FD102D1C577E2FF9DDA0BA625AFA9A282A68A8E6EAFD81A,111184318990,111384480532,200161542,
nano,nano-serial,nano_3e3j5tkog48pnny9dmfzj1r16pg8t1e76dz5tmac6iq689wyjfpiij4txtdo,112,nano_3e3j5tkog48pnny9dmfzj1r16pg8t1e76dz5tmac6iq689wyjfpiij4txtdo,1C190B8C4ECAED217B83C71DBB9EEE84E7D313D6FB11631166E78C2DEAF3F981,111384489295,111584572692,200083397,
nano,nano-serial,nano_3e3j5tkog48pnny9dmfzj1r16pg8t1e76dz5tmac6iq689wyjfpiij4txtdo,113,nano_3e3j5tkog48pnny9dmfzj1r16pg8t1e76dz5tmac6iq689wyjfpiij4txtdo,1715E9A3399F20B173FD0A40EA3771A86164B67AD05A7307D8FE37AE2BD9FBEB,111584581054,111784921669,200340615,
nano,nano-serial,nano_3e3j5tkog48pnny9dmfzj1r16pg8t1e76dz5tmac6iq689wyjfpiij4txtdo,114,nano_3e3j5tkog48pnny9dmfzj1r16pg8t1e76dz5tmac6iq689wyjfpiij4txtdo,939FC048B916B0A88015116B5AE8E274EE1823A285CAD37606A2E8BC32A68A13,111784932205,111985210209,200278004,
nano,nano-serial,nano_3e3j5tkog48pnny9dmfzj1r16pg8t1e76dz5tmac6iq689wyjfpiij4txtdo,115,nano_3e3j5tkog48pnny9dmfzj1r16pg8t1e76dz5tmac6iq689wyjfpiij4txtdo,4898F148F82503A371D189ACE2ECA25A8E3CE4923B24EE1D84820172E369F791,111985218992,112185537936,200318944,
nano,nano-serial,nano_3e3j5tkog48pnny9dmfzj1r16pg8t1e76dz5tmac6iq689wyjfpiij4txtdo,116,nano_3e3j5tkog48pnny9dmfzj1r16pg8t1e76dz5tmac6iq689wyjfpiij4txtdo,F7BB0D35CCCAACFE1AC665207C8DF640BEC902EE0B361C78A2558086CBDADA9A,112185546749,112385785095,200238346,
nano,nano-serial,nano_3e3j5tkog48pnny9dmfzj1r16pg8t1e76dz5tmac6iq689wyjfpiij4txtdo,117,nano_3e3j5tkog48pnny9dmfzj1r16pg8t1e76dz5tmac6iq689wyjfpiij4txtdo,E05CA87854A8F4D070BCBD8990FAB887E06B2BA38B32348E75A7F4AA9925160F,112385796462,112586034557,200238095,
nano,nano-serial,nano_3e3j5tkog48pnny9dmfzj1r16pg8t1e76dz5tmac6iq689wyjfpiij4txtdo,118,nano_3e3j5tkog48pnny9dmfzj1r16pg8t1e76dz5tmac6iq689wyjfpiij4txtdo,A41699CDF9636873C6156F7892213BFC77601035F860577B660B40EE38509659,112586043850,112786429001,200385151,
nano,nano-serial,nano_3e3j5tkog48pnny9dmfzj1r16pg8t1e76dz5tmac6iq689wyjfpiij4txtdo,119,nano_3e3j5tkog48pnny9dmfzj1r16pg8t1e76dz5tmac6iq689wyjfpiij4txtdo,419D476B14C64E53332BB8D06ABE8C401011060A1F1F46AC6AE2738E41B62D13,112786440639,112986691202,200250563,
nano,nano-serial,nano_3e3j5tkog48pnny9dmfzj1r16pg8t1e76dz5tmac6iq689wyjfpiij4txtdo,120,nano_3e3j5tkog48pnny9dmfzj1r16pg8t1e76dz5tmac6iq689wyjfpiij4txtdo,507CAC8839EC85A92FC63A624B9F8940B9AC7BA3898D27E6EABE3D4D56F38990,112986700445,113186983046,200282601,
nano,nano-serial,nano_3e3j5tkog48pnny9dmfzj1r16pg8t1e76dz5tmac6iq689wyjfpiij4txtdo,121,nano_3e3j5tkog48pnny9dmfzj1r16pg8t1e76dz5tmac6iq689wyjfpiij4txtdo,1B57419CED50C1AE81CA94FAA99BD6D9B82D8C4C6DFF5086C59C414E81B89DA2,113186993492,113287024529,100031037,
nano,nano-serial,nano_3e3j5tkog48pnny9dmfzj1r16pg8t1e76dz5tmac6iq689wyjfpiij4txtdo,122,nano_3e3j5tkog48pnny9dmfzj1r16pg8t1e76dz5tmac6iq689wyjfpiij4txtdo,A3C3E07FB64B97DDE5EDE5767148ADF6260A7B9381E8F75177E8CEC3D87AB272,113287034624,113387325044,100290420,
nano,nano-serial,nano_3e3j5tkog48pnny9dmfzj1r16pg8t1e76dz5tmac6iq689wyjfpiij4txtdo,123,nano_3e3j5tkog48pnny9dmfzj1r16pg8t1e76dz5tmac6iq689wyjfpiij4txtdo,172BFC97BD4098ABDFF1C071A2085C77C6A49CBD86F285AC56D35C5071D8A336,113387334028,113487421559,100087531,
nano,nano-serial,nano_3e3j5tkog48pnny9dmfzj1r16pg8t1e76dz5tmac6iq689wyjfpiij4txtdo,124,nano_3e3j5tkog48pnny9dmfzj1r16pg8t1e76dz5tmac6iq689wyjfpiij4txtdo,5DD97BCCFA2922853521F1236073433C17A8A0A961F528C1EF35D19572A1F660,113487432004,113587571471,100139467,
nano,nano-serial,nano_3e3j5tkog48pnny9dmfzj1r16pg8t1e76dz5tmac6iq689wyjfpiij4txtdo,125,nano_3e3j5tkog48pnny9dmfzj1r16pg8t1e76dz5tmac6iq689wyjfpiij4txtdo,F1D293CEB01F7A6802D176A280F4AC4920301EAD038D74FB78197B2EE58A72D9,113587581756,113788035701,200453945,
nano,nano-serial,nano_3e3j5tkog48pnny9dmfzj1r16pg8t1e76dz5tmac6iq689wyjfpiij4txtdo,126,nano_3e3j5tkog48pnny9dmfzj1r16pg8t1e76dz5tmac6iq689wyjfpiij4txtdo,7F7A0C33864DC83AAA4A6C0153AB8F2CCA8FE446625F9519B018510CFDD31B7E,113788044284,113988410349,200366065,
nano,nano-serial,nano_3e3j5tkog48pnny9dmfzj1r16pg8t1e76dz5tmac6iq689wyjfpiij4txtdo,127,nano_3e3j5tkog48pnny9dmfzj1r16pg8t1e76dz5tmac6iq689wyjfpiij4txtdo,9C5736CAF2B738B9F4DAE443333D8A8C232C0951FAA0E7F9EA515F57794BC613,113988419783,114188747612,200327829,
nano,nano-serial,nano_3e3j5tkog48pnny9dmfzj1r16pg8t1e76dz5tmac6iq689wyjfpiij4txtdo,128,nano_3e3j5tkog48pnny9dmfzj1r16pg8t1e76dz5tmac6iq689wyjfpiij4txtdo,D92162A3F680FAA2447A61AD6F8B69F24EAA35825EF7B0DB6BD2059276A4B67C,114188762824,114288499613,99736789,
nano,nano-serial,nano_3e3j5tkog48pnny9dmfzj1r16pg8t1e76dz5tmac6iq689wyjfpiij4txtdo,129,nano_3e3j5tkog48pnny9dmfzj1r16pg8t1e76dz5tmac6iq689wyjfpiij4txtdo,94E6F87EAC6AB365AF60544F5F58AC183CF5116D01D635009DD91088C13338B7,114288514225,114388735219,100220994,
nano,nano-serial,nano_3e3j5tkog48pnny9dmfzj1r16pg8t1e76dz5tmac6iq689wyjfpiij4txtdo,130,nano_3e3j5tkog48pnny9dmfzj1r16pg8t1e76dz5tmac6iq689wyjfpiij4txtdo,6858D674EBCABC32FB6B4C4ABB6C2B0BB83BDFBDE3C8948188E5452251DC49FB,114388744493,114488860821,100116328,
nano,nano-serial,nano_3e3j5tkog48pnny9dmfzj1r16pg8t1e76dz5tmac6iq689wyjfpiij4txtdo,131,nano_3e3j5tkog48pnny9dmfzj1r16pg8t1e76dz5tmac6iq689wyjfpiij4txtdo,600E5C50B5F14D8402376E1F28DD855939F91B8A793C3A58B104BD2A4CFC9AAB,114488869004,114589020695,100151691,
nano,nano-serial,nano_3e3j5tkog48pnny9dmfzj1r16pg8t1e76dz5tmac6iq689wyjfpiij4txtdo,132,nano_3e3j5tkog48pnny9dmfzj1r16pg8t1e76dz5tmac6iq689wyjfpiij4txtdo,CA6EF83BFF3FEA1432219684519F7A23C1FFD3DB2CFD5BF608E4D0E41B25CB37,114589030219,114689240767,100210548,
nano,nano-serial,nano_3e3j5tkog48pnny9dmfzj1r16pg8t1e76dz5tmac6iq689wyjfpiij4txtdo,133,nano_3e3j5tkog48pnny9dmfzj1r16pg8t1e76dz5tmac6iq689wyjfpiij4txtdo,CC4AF7E7AEEAF64A7ACFBFF4A057B727C7980782621B3C0D6F89590F6CB05576,114689250351,114789397526,100147175,
nano,nano-serial,nano_3e3j5tkog48pnny9dmfzj1r16pg8t1e76dz5tmac6iq689wyjfpiij4txtdo,134,nano_3e3j5tkog48pnny9dmfzj1r16pg8t1e76dz5tmac6iq689wyjfpiij4txtdo,43C8EE1A05B025B40FE3C1202D53C34D1F521A893BF2351E82551C84F3C79C3B,114789406209,114889516699,100110490,
nano,nano-serial,nano_3e3j5tkog48pnny9dmfzj1r16pg8t1e76dz5tmac6iq689wyjfpiij4txtdo,135,nano_3e3j5tkog48pnny9dmfzj1r16pg8t1e76dz5tmac6iq689wyjfpiij4txtdo,41830E5CB165E6D6F5ED6BAC736D0B2DC6BE6A469ED8D1AFEDCF5D080AD3A0D6,114889525643,115090139905,200614262,
nano,nano-serial,nano_3e3j5tkog48pnny9dmfzj1r16pg8t1e76dz5tmac6iq689wyjfpiij4txtdo,136,nano_3e3j5tkog48pnny9dmfzj1r16pg8t1e76dz5tmac6iq689wyjfpiij4txtdo,7D5369B2E42F3310CE81F37FA4500116719A3EA7FB346017641D75CAB9E6BC56,115090149920,115290350133,200200213,
nano,nano-serial,nano_3e3j5tkog48pnny9dmfzj1r16pg8t1e76dz5tmac6iq689wyjfpiij4txtdo,137,nano_3e3j5tkog48pnny9dmfzj1r16pg8t1e76dz5tmac6iq689wyjfpiij4txtdo,D557FB47ECC7710CF2952DB89467C4B5781BD099B903D29C0C17C9764B5E1E5B,115290360368,115490578685,200218317,
nano,nano-serial,nano_3e3j5tkog48pnny9dmfzj1r16pg8t1e76dz5tmac6iq689wyjfpiij4txtdo,138,nano_3e3j5tkog48pnny9dmfzj1r16pg8t1e76dz5tmac6iq689wyjfpiij4txtdo,072673774878E386112C768DFC8FC5A9356822A8F6A3CCE606C5293D8C8F07AB,115490587878,115590500301,99912423,
nano,nano-serial,nano_3e3j5tkog48pnny9dmfzj1r16pg8t1e76dz5tmac6iq689wyjfpiij4txtdo,139,nano_3e3j5tkog48pnny9dmfzj1r16pg8t1e76dz5tmac6iq689wyjfpiij4txtdo,78E7AED8FAE480A0987361779A2D36C0822FC2BBE16B82172B6E1F71F6CA3C87,115590509114,115790943930,200434816,
nano,nano-serial,nano_3e3j5tkog48pnny9dmfzj1r16pg8t1e76dz5tmac6iq689wyjfpiij4txtdo,140,nano_3e3j5tkog48pnny9dmfzj1r16pg8t1e76dz5tmac6iq689wyjfpiij4txtdo,CC17004CCEA15D9CB2300549F70B39B26F73688E5EC1A971AF414E9BFC40B6A7,115790953945,115991268665,200314720,
nano,nano-serial,nano_3e3j5tkog48pnny9dmfzj1r16pg8t1e76dz5tmac6iq689wyjfpiij4txtdo,141,nano_3e3j5tkog48pnny9dmfzj1r16pg8t1e76dz5tmac6iq689wyjfpiij4txtdo,ABC5DE876B78CA76C42FA79EA7318B6E83D99803D5DA17D06BAC6C51EEFA0081,115991277908,116191416416,200138508,
nano,nano-serial,nano_3e3j5tkog48pnny9dmfzj1r16pg8t1e76dz5tmac6iq689wyjfpiij4txtdo,142,nano_3e3j5tkog48pnny9dmfzj1r16pg8t1e76dz5tmac6iq689wyjfpiij4txtdo,F2C7078F04C1A01074E8EFF54703B11689D55BD28CDC96D2F0F6397B26D4718C,116191425810,116391674592,200248782,
nano,nano-serial,nano_3e3j5tkog48pnny9dmfzj1r16pg8t1e76dz5tmac6iq689wyjfpiij4txtdo,143,nano_3e3j5tkog48pnny9dmfzj1r16pg8t1e76dz5tmac6iq689wyjfpiij4txtdo,020AE66740659B0261690ECE8A52CF7460A63A325ADC2CFCC907EAEF4D041AD0,116391683555,116591835094,200151539,
nano,nano-serial,nano_3e3j5tkog48pnny9dmfzj1r16pg8t1e76dz5tmac6iq689wyjfpiij4txtdo,144,nano_3e3j5tkog48pnny9dmfzj1r16pg8t1e76dz5tmac6iq689wyjfpiij4txtdo,9DCC02042ED37A1F40229BB361B2056FD7C8E49F5EEAB81F9DE2D4EEF93FDD25,116591844528,116792220336,200375808,
nano,nano-serial,nano_3e3j5tkog48pnny9dmfzj1r16pg8t1e76dz5tmac6iq689wyjfpiij4txtdo,145,nano_3e3j5tkog48pnny9dmfzj1r16pg8t1e76dz5tmac6iq689wyjfpiij4txtdo,3E18E7C4F499009007C50935C45C7474066F353EB370494D6CF37E5C994F22DF,116792229880,116992495026,200265146,
nano,nano-serial,nano_3e3j5tkog48pnny9dmfzj1r16pg8t1e76dz5tmac6iq689wyjfpiij4txtdo,146,nano_3e3j5tkog48pnny9dmfzj1r16pg8t1e76dz5tmac6iq689wyjfpiij4txtdo,70C9C0B2D921193768A6A78659F8B9FB6B13FF43BB16F69AFCA17F2E99C45680,116992503509,117192856784,200353275,
nano,nano-serial,nano_3e3j5tkog48pnny9dmfzj1r16pg8t1e76dz5tmac6iq689wyjfpiij4txtdo,147,nano_3e3j5tkog48pnny9dmfzj1r16pg8t1e76dz5tmac6iq689wyjfpiij4txtdo,14C6449DF74FA266C714918C013D64801E06B5C9AE9A5CB484A0F58F027FFCA9,117192866058,117393092416,200226358,
nano,nano-serial,nano_3e3j5tkog48pnny9dmfzj1r16pg8t1e76dz5tmac6iq689wyjfpiij4txtdo,148,nano_3e3j5tkog48pnny9dmfzj1r16pg8t1e76dz5tmac6iq689wyjfpiij4txtdo,C6E1376F69E90AA1048EEE2AC3429C0A08DFDDC65503ADB71D9E5FB45571EFE3,117393102051,117593201042,200098991,
nano,nano-serial,nano_3e3j5tkog48pnny9dmfzj1r16pg8t1e76dz5tmac6iq689wyjfpiij4txtdo,149,nano_3e3j5tkog48pnny9dmfzj1r16pg8t1e76dz5tmac6iq689wyjfpiij4txtdo,00639B727FC899B1CF67ECA8F3FEADA80880EE2E560975F7AC1B85B03B80C473,117593210906,117793626022,200415116,
nano,nano-serial,nano_3e3j5tkog48pnny9dmfzj1r16pg8t1e76dz5tmac6iq689wyjfpiij4txtdo,150,nano_3e3j5tkog48pnny9dmfzj1r16pg8t1e76dz5tmac6iq689wyjfpiij4txtdo,C162462845D03B04BFCE3C115798405BF171F170B77D66A0ED49C555EE99C5F6,117793634886,117994032527,200397641,
nano,nano-serial,nano_3e3j5tkog48pnny9dmfzj1r16pg8t1e76dz5tmac6iq689wyjfpiij4txtdo,151,nano_3e3j5tkog48pnny9dmfzj1r16pg8t1e76dz5tmac6iq689wyjfpiij4txtdo,EFFFCD9142A4DC7AA84EEA4EA790457AE842D6D407BCA06DB92638D8A79751B3,117994042312,118194223794,200181482,
nano,nano-serial,nano_3e3j5tkog48pnny9dmfzj1r16pg8t1e76dz5tmac6iq689wyjfpiij4txtdo,152,nano_3e3j5tkog48pnny9dmfzj1r16pg8t1e76dz5tmac6iq689wyjfpiij4txtdo,DE0C04BF1DDAED9C2E3261FBE22F6913E86C3806F27728AC9E9C27E1BA363818,118194233839,118394443093,200209254,
nano,nano-serial,nano_3e3j5tkog48pnny9dmfzj1r16pg8t1e76dz5tmac6iq689wyjfpiij4txtdo,153,nano_3e3j5tkog48pnny9dmfzj1r16pg8t1e76dz5tmac6iq689wyjfpiij4txtdo,AC66B67886681ED700BEFA1A85510632526C3054EB288A0A0651CC1F31407230,118394452526,118594698845,200246319,
nano,nano-serial,nano_3e3j5tkog48pnny9dmfzj1r16pg8t1e76dz5tmac6iq689wyjfpiij4txtdo,154,nano_3e3j5tkog48pnny9dmfzj1r16pg8t1e76dz5tmac6iq689wyjfpiij4txtdo,AEDE85B386C21B4D75D8C82D5A93AA07837F6B326A0335784BE12715061E5B04,118594708649,118795116496,200407847,
nano,nano-serial,nano_3e3j5tkog48pnny9dmfzj1r16pg8t1e76dz5tmac6iq689wyjfpiij4txtdo,155,nano_3e3j5tkog48pnny9dmfzj1r16pg8t1e76dz5tmac6iq689wyjfpiij4txtdo,601462F4FAD141E7711E61EADB91DB5DC5809496A67B1C732A0757E3E6E383B3,118795126571,118995339590,200213019,
nano,nano-serial,nano_3e3j5tkog48pnny9dmfzj1r16pg8t1e76dz5tmac6iq689wyjfpiij4txtdo,156,nano_3e3j5tkog48pnny9dmfzj1r16pg8t1e76dz5tmac6iq689wyjfpiij4txtdo,740AF08CCF46348D420D9EC0B1512B03AFCD7732654FD4505B7635CA55B222DF,118995348934,119195615403,200266469,
nano,nano-serial,nano_3e3j5tkog48pnny9dmfzj1r16pg8t1e76dz5tmac6iq689wyjfpiij4txtdo,157,nano_3e3j5tkog48pnny9dmfzj1r16pg8t1e76dz5tmac6iq689wyjfpiij4txtdo,3EFAFC1F31DD1ACA1B722708957ED28EC65953729C9102D87B08799BABF07898,119195624837,119395881130,200256293,
nano,nano-serial,nano_3e3j5tkog48pnny9dmfzj1r16pg8t1e76dz5tmac6iq689wyjfpiij4txtdo,158,nano_3e3j5tkog48pnny9dmfzj1r16pg8t1e76dz5tmac6iq689wyjfpiij4txtdo,7A7635DA27032CBB4B87ECC90965DA03DBBC4E5CD68E7D6F2EBE269B88AEE01D,119395890433,119595981902,200091469,
nano,nano-serial,nano_3e3j5tkog48pnny9dmfzj1r16pg8t1e76dz5tmac6iq689wyjfpiij4txtdo,159,nano_3e3j5tkog48pnny9dmfzj1r16pg8t1e76dz5tmac6iq689wyjfpiij4txtdo,9B2CDE1999752FCC6C7320C2DBEB93A885608827FDBBD8F961260D15F48A9FD7,119595990675,119796425192,200434517,
nano,nano-serial,nano_3e3j5tkog48pnny9dmfzj1r16pg8t1e76dz5tmac6iq689wyjfpiij4txtdo,160,nano_3e3j5tkog48pnny9dmfzj1r16pg8t1e76dz5tmac6iq689wyjfpiij4txtdo,C76B0F2D58A940EB7FFD4915F7AFC4D060F7B94B6D1291C3B57576B4E9E32AAC,119796434586,119996790285,200355699,
nano,nano-serial,nano_3e3j5tkog48pnny9dmfzj1r16pg8t1e76dz5tmac6iq689wyjfpiij4txtdo,161,nano_3e3j5tkog48pnny9dmfzj1r16pg8t1e76dz5tmac6iq689wyjfpiij4txtdo,C11F4ED5362E3F9DC665CCD8205B876416D2426B4256754CC8B1A3A34E5C51EC,119996800941,120197061760,200260819,
nano,nano-serial,nano_3e3j5tkog48pnny9dmfzj1r16pg8t1e76dz5tmac6iq689wyjfpiij4txtdo,162,nano_3e3j5tkog48pnny9dmfzj1r16pg8t1e76dz5tmac6iq689wyjfpiij4txtdo,308F73D2C24F3BB503164B3A0CCFAC5A0E9AB5F5F19D295B2521D63C8B9F17B0,120197071675,120397366665,200294990,
nano,nano-serial,nano_3e3j5tkog48pnny9dmfzj1r16pg8t1e76dz5tmac6iq689wyjfpiij4txtdo,163,nano_3e3j5tkog48pnny9dmfzj1r16pg8t1e76dz5tmac6iq689wyjfpiij4txtdo,D081A52C0DF40E176524350F2B2055866683A3F779847B1ADD1F93F77DA27484,120397376550,120597506016,200129466,
nano,nano-serial,nano_3e3j5tkog48pnny9dmfzj1r16pg8t1e76dz5tmac6iq689wyjfpiij4txtdo,164,nano_3e3j5tkog48pnny9dmfzj1r16pg8t1e76dz5tmac6iq689wyjfpiij4txtdo,B2FB6140EFF972B0AD1995D58B3DC0871A4D4244D500EE491FB362D0A271066F,120597516491,120797888134,200371643,
nano,nano-serial,nano_3e3j5tkog48pnny9dmfzj1r16pg8t1e76dz5tmac6iq689wyjfpiij4txtdo,165,nano_3e3j5tkog48pnny9dmfzj1r16pg8t1e76dz5tmac6iq689wyjfpiij4txtdo,A9E41FE77A433601C68EF633EF141C04D6F25A6ACBC0E3298B2EB21075292864,120797897989,120998222423,200324434,
nano,nano-serial,nano_3e3j5tkog48pnny9dmfzj1r16pg8t1e76dz5tmac6iq689wyjfpiij4txtdo,166,nano_3e3j5tkog48pnny9dmfzj1r16pg8t1e76dz5tmac6iq689wyjfpiij4txtdo,DF5DDDD62E37D6BF032D9AA181583C14B276A402CB23E3A11DF3EBA5032330F0,120998232968,121198506516,200273548,
nano,nano-serial,nano_3e3j5tkog48pnny9dmfzj1r16pg8t1e76dz5tmac6iq689wyjfpiij4txtdo,167,nano_3e3j5tkog48pnny9dmfzj1r16pg8t1e76dz5tmac6iq689wyjfpiij4txtdo,397555C05B8A4FD0EAA28CA4BA4A3D0BB9159E868D2DEB7E2F75993850B39599,121198517973,121398762980,200245007,
nano,nano-serial,nano_3e3j5tkog48pnny9dmfzj1r16pg8t1e76dz5tmac6iq689wyjfpiij4txtdo,168,nano_3e3j5tkog48pnny9dmfzj1r16pg8t1e76dz5tmac6iq689wyjfpiij4txtdo,BDFD349B96D3DD59878BE9681CB0B5E672111D6221BAA566500567D7D445C5EF,121398771843,121598873467,200101624,
nano,nano-serial,nano_3e3j5tkog48pnny9dmfzj1r16pg8t1e76dz5tmac6iq689wyjfpiij4txtdo,169,nano_3e3j5tkog48pnny9dmfzj1r16pg8t1e76dz5tmac6iq689wyjfpiij4txtdo,D2925B6D772BBF5824DD4AC1F1049E891BFDF4371294EF77C93CE71DE1016183,121598883202,121799351327,200468125,
nano,nano-serial,nano_3e3j5tkog48pnny9dmfzj1r16pg8t1e76dz5tmac6iq689wyjfpiij4txtdo,170,nano_3e3j5tkog48pnny9dmfzj1r16pg8t1e76dz5tmac6iq689wyjfpiij4txtdo,9C16CA7FC80E40A0E7C9507A00F40FF89444AB3C2114E8787FACEAC807BA9D95,121799360551,121999684503,200323952,
nano,nano-serial,nano_3e3j5tkog48pnny9dmfzj1r16pg8t1e76dz5tmac6iq689wyjfpiij4txtdo,171,nano_3e3j5tkog48pnny9dmfzj1r16pg8t1e76dz5tmac6iq689wyjfpiij4txtdo,0FFB22D7D0F9DB9F24020491350C5FB21357E4F7FDD376CDF13F4A275584E407,121999693066,122199981947,200288881,
nano,nano-serial,nano_3e3j5tkog48pnny9dmfzj1r16pg8t1e76dz5tmac6iq689wyjfpiij4txtdo,172,nano_3e3j5tkog48pnny9dmfzj1r16pg8t1e76dz5tmac6iq689wyjfpiij4txtdo,A476B81B7348486463489F636413C53068C44EC3274A7C837AEA8C4CFDBB3376,122199991641,122400253972,200262331,
nano,nano-serial,nano_3e3j5tkog48pnny9dmfzj1r16pg8t1e76dz5tmac6iq689wyjfpiij4txtdo,173,nano_3e3j5tkog48pnny9dmfzj1r16pg8t1e76dz5tmac6iq689wyjfpiij4txtdo,F7D0F72EA6ACCC9B3920147F757F6148C20EC2584BD01FD89E027E3CF3FFFC01,122400262885,122600259264,199996379,
nano,nano-serial,nano_3e3j5tkog48pnny9dmfzj1r16pg8t1e76dz5tmac6iq689wyjfpiij4txtdo,174,nano_3e3j5tkog48pnny9dmfzj1r16pg8t1e76dz5tmac6iq689wyjfpiij4txtdo,9F409364E8E83C6ED58DDE45621948C803B6706611E10693122ADE46C57E2B26,122600268488,122800794392,200525904,
nano,nano-serial,nano_3e3j5tkog48pnny9dmfzj1r16pg8t1e76dz5tmac6iq689wyjfpiij4txtdo,175,nano_3e3j5tkog48pnny9dmfzj1r16pg8t1e76dz5tmac6iq689wyjfpiij4txtdo,8318EB386091CB2A5FF514FE0FEF6764525FDF7B8ECD82E7D79EA543D0FDE971,122800803576,123001061262,200257686,
nano,nano-serial,nano_3e3j5tkog48pnny9dmfzj1r16pg8t1e76dz5tmac6iq689wyjfpiij4txtdo,176,nano_3e3j5tkog48pnny9dmfzj1r16pg8t1e76dz5tmac6iq689wyjfpiij4txtdo,958C49ECAE9D0490E8BB5BC39E4214D14E52703487C9E7D85EFAC965818CD848,123001070896,123201364484,200293588,
nano,nano-serial,nano_3e3j5tkog48pnny9dmfzj1r16pg8t1e76dz5tmac6iq689wyjfpiij4txtdo,177,nano_3e3j5tkog48pnny9dmfzj1r16pg8t1e76dz5tmac6iq689wyjfpiij4txtdo,5B8BE39AD4AEE02ADFB30C77E5871AFA9D5CBD13F2B8BA841FE7AA2D08F21C67,123201374980,123401657161,200282181,
nano,nano-serial,nano_3e3j5tkog48pnny9dmfzj1r16pg8t1e76dz5tmac6iq689wyjfpiij4txtdo,178,nano_3e3j5tkog48pnny9dmfzj1r16pg8t1e76dz5tmac6iq689wyjfpiij4txtdo,3383E3AA56B797A82869A08A9697E36DCDB69222B5C739C8BE1D95EA1826FD11,123401666145,123601719032,200052887,
nano,nano-serial,nano_3e3j5tkog48pnny9dmfzj1r16pg8t1e76dz5tmac6iq689wyjfpiij4txtdo,179,nano_3e3j5tkog48pnny9dmfzj1r16pg8t1e76dz5tmac6iq689wyjfpiij4txtdo,8C8A6974A74161B28A1438CD6325C39AB29EBD254241D988E5BDA33E361A4C39,123601727795,123802223766,200495971,
nano,nano-serial,nano_3e3j5tkog48pnny9dmfzj1r16pg8t1e76dz5tmac6iq689wyjfpiij4txtdo,180,nano_3e3j5tkog48pnny9dmfzj1r16pg8t1e76dz5tmac6iq689wyjfpiij4txtdo,7870B4C68C1EBE629BFBED1ACD917D2D1E1174778CE3EF6404AB5D3579968A8F,123802233210,124002393745,200160535,
nano,nano-serial,nano_3e3j5tkog48pnny9dmfzj1r16pg8t1e76dz5tmac6iq689wyjfpiij4txtdo,181,nano_3e3j5tkog48pnny9dmfzj1r16pg8t1e76dz5tmac6iq689wyjfpiij4txtdo,C790D1C30A9FC50BC4C6412D8C46D8DF10A310C5E0E37323B957ED9E6241E33A,124002403580,124202746535,200342955,
nano,nano-serial,nano_3e3j5tkog48pnny9dmfzj1r16pg8t1e76dz5tmac6iq689wyjfpiij4txtdo,182,nano_3e3j5tkog48pnny9dmfzj1r16pg8t1e76dz5tmac6iq689wyjfpiij4txtdo,2CC9B57B3DFF4DDA8E6D1C111CD9756E834F83BE57C8DE26F438E5133589F4E1,124202756179,124403128567,200372388,
nano,nano-serial,nano_3e3j5tkog48pnny9dmfzj1r16pg8t1e76dz5tmac6iq689wyjfpiij4txtdo,183,nano_3e3j5tkog48pnny9dmfzj1r16pg8t1e76dz5tmac6iq689wyjfpiij4txtdo,0AE3E0AA04D53DC9E5E8AB8C34F2E47D9F9D2C72190974DB95A797DC9A87A6AA,124403137530,124603218718,200081188,
nano,nano-serial,nano_3e3j5tkog48pnny9dmfzj1r16pg8t1e76dz5tmac6iq689wyjfpiij4txtdo,184,nano_3e3j5tkog48pnny9dmfzj1r16pg8t1e76dz5tmac6iq689wyjfpiij4txtdo,2552264E57765AFE2B0E8BF45C57966606B25AB5909D1C80043E9BC482AD3A4D,124603228563,124803636274,200407711,
nano,nano-serial,nano_3e3j5tkog48pnny9dmfzj1r16pg8t1e76dz5tmac6iq689wyjfpiij4txtdo,185,nano_3e3j5tkog48pnny9dmfzj1r16pg8t1e76dz5tmac6iq689wyjfpiij4txtdo,5F3D095D2ED2AA084013DE7AF139225AB7B7446767B8301E2CC7954E68FF7676,124803645879,125003941023,200295144,
nano,nano-serial,nano_3e3j5tkog48pnny9dmfzj1r16pg8t1e76dz5tmac6iq689wyjfpiij4txtdo,186,nano_3e3j5tkog48pnny9dmfzj1r16pg8t1e76dz5tmac6iq689wyjfpiij4txtdo,13E32584C5F42B07546D6AB41631C890210770D3EC19941CDC1BED304FD0BF46,125003950287,125204332239,200381952,
nano,nano-serial,nano_3e3j5tkog48pnny9dmfzj1r16pg8t1e76dz5tmac6iq689wyjfpiij4txtdo,187,nano_3e3j5tkog48pnny9dmfzj1r16pg8t1e76dz5tmac6iq689wyjfpiij4txtdo,C3BB0D975A83C527CB38D018924C98DFE0BF0A117FB33F0AAFBEBF2884210479,125204342114,125404503481,200161367,
nano,nano-serial,nano_3e3j5tkog48pnny9dmfzj1r16pg8t1e76dz5tmac6iq689wyjfpiij4txtdo,188,nano_3e3j5tkog48pnny9dmfzj1r16pg8t1e76dz5tmac6iq689wyjfpiij4txtdo,A895299C6A0C2BDEEEC90723B14B0E8389D478B356D3ABBF20B984AF5A979C1A,125404520306,125604984430,200464124,
nano,nano-serial,nano_3e3j5tkog48pnny9dmfzj1r16pg8t1e76dz5tmac6iq689wyjfpiij4txtdo,189,nano_3e3j5tkog48pnny9dmfzj1r16pg8t1e76dz5tmac6iq689wyjfpiij4txtdo,2364A8CBDD3F8185920463CABA8F027D9B09AC541F735A7058BA488244A5BD33,125604999072,125804962035,199962963,
nano,nano-serial,nano_3e3j5tkog48pnny9dmfzj1r16pg8t1e76dz5tmac6iq689wyjfpiij4txtdo,190,nano_3e3j5tkog48pnny9dmfzj1r16pg8t1e76dz5tmac6iq689wyjfpiij4txtdo,924647B3DED7E7BAB3E95D49CEE36E43F0C79658D1EE777F514582EF7BE0AE18,125804972120,126005136151,200164031,
nano,nano-serial,nano_3e3j5tkog48pnny9dmfzj1r16pg8t1e76dz5tmac6iq689wyjfpiij4txtdo,191,nano_3e3j5tkog48pnny9dmfzj1r16pg8t1e76dz5tmac6iq689wyjfpiij4txtdo,95AA8F494A08CB4A6477B4E6FC538EEDB42C75A2ED8187FF3F3707424824412F,126005144484,126205452006,200307522,
nano,nano-serial,nano_3e3j5tkog48pnny9dmfzj1r16pg8t1e76dz5tmac6iq689wyjfpiij4txtdo,192,nano_3e3j5tkog48pnny9dmfzj1r16pg8t1e76dz5tmac6iq689wyjfpiij4txtdo,911DF6D288A6C6B2AC2100D9A19C624325E2B278900F635F51ECA097C8AB1AA2,126205461911,126405644468,200182557,
nano,nano-serial,nano_3e3j5tkog48pnny9dmfzj1r16pg8t1e76dz5tmac6iq689wyjfpiij4txtdo,193,nano_3e3j5tkog48pnny9dmfzj1r16pg8t1e76dz5tmac6iq689wyjfpiij4txtdo,B420D986D9DD3AAD4BF9C736C6D0C8DADC372F9500E2659E0F3382703DAD8933,126405682885,126605645098,199962213,
nano,nano-serial,nano_3e3j5tkog48pnny9dmfzj1r16pg8t1e76dz5tmac6iq689wyjfpiij4txtdo,194,nano_3e3j5tkog48pnny9dmfzj1r16pg8t1e76dz5tmac6iq689wyjfpiij4txtdo,B5000D8B098138CD04D18C31C8005160BF9D3E3DE6E7BE1B35B8F08849E77200,126605653751,126806021974,200368223,
nano,nano-serial,nano_3e3j5tkog48pnny9dmfzj1r16pg8t1e76dz5tmac6iq689wyjfpiij4txtdo,195,nano_3e3j5tkog48pnny9dmfzj1r16pg8t1e76dz5tmac6iq689wyjfpiij4txtdo,94B3E577E562CF02EDADCF24980A2A7246A3A7AEFDAF1DB3DF600E91C1B491E9,126806029996,127006396996,200367000,
nano,nano-serial,nano_3e3j5tkog48pnny9dmfzj1r16pg8t1e76dz5tmac6iq689wyjfpiij4txtdo,196,nano_3e3j5tkog48pnny9dmfzj1r16pg8t1e76dz5tmac6iq689wyjfpiij4txtdo,4A50C91C6C45F8F503C1FAAD806310FACE169C8907AA1250A2C3D676A4777412,127006405579,127206617910,200212331,
nano,nano-serial,nano_3e3j5tkog48pnny9dmfzj1r16pg8t1e76dz5tmac6iq689wyjfpiij4txtdo,197,nano_3e3j5tkog48pnny9dmfzj1r16pg8t1e76dz5tmac6iq689wyjfpiij4txtdo,4FE2F5518D44D98F0A1D9771B6B40F58BB6307FEA82E4BCFB793D947266AC569,127206626232,127406950720,200324488,
nano,nano-serial,nano_3e3j5tkog48pnny9dmfzj1r16pg8t1e76dz5tmac6iq689wyjfpiij4txtdo,198,nano_3e3j5tkog48pnny9dmfzj1r16pg8t1e76dz5tmac6iq689wyjfpiij4txtdo,74C590B65FF7920FD84D4BFAF1CABF8B1ED4E736C6009FBD2B794CCD1CDB0796,127406960725,127607180979,200220254,
nano,nano-serial,nano_3e3j5tkog48pnny9dmfzj1r16pg8t1e76dz5tmac6iq689wyjfpiij4txtdo,199,nano_3e3j5tkog48pnny9dmfzj1r16pg8t1e76dz5tmac6iq689wyjfpiij4txtdo,5A032BD9657B46DC6324334CB2CC37B45ABE0AEF5A221FE02BFEF00B77CDD50E,127607189842,127807534559,200344717,
nano,nano-serial,nano_3e3j5tkog48pnny9dmfzj1r16pg8t1e76dz5tmac6iq689wyjfpiij4txtdo,200,nano_3e3j5tkog48pnny9dmfzj1r16pg8t1e76dz5tmac6iq689wyjfpiij4txtdo,C4E71EE78F6DE1E94DB836D20B384533356ECAC874D812F0A9AD4EC08B1B716B,127807542591,128007749705,200207114,
nano,nano-serial,nano_3e3j5tkog48pnny9dmfzj1r16pg8t1e76dz5tmac6iq689wyjfpiij4txtdo,201,nano_3e3j5tkog48pnny9dmfzj1r16pg8t1e76dz5tmac6iq689wyjfpiij4txtdo,EB62D66FC7ACC8ECBCD7949F69DE2024AAA21F377D849E6CB7CD1452BE05D2F9,128007757918,128208150065,200392147,
nano,nano-serial,nano_3e3j5tkog48pnny9dmfzj1r16pg8t1e76dz5tmac6iq689wyjfpiij4txtdo,202,nano_3e3j5tkog48pnny9dmfzj1r16pg8t1e76dz5tmac6iq689wyjfpiij4txtdo,A96AFAF3B58C264CF8F9916FFAD8D4E0875E4E409DC3F5F88EA523C9063893FA,128208158798,128408420884,200262086,
nano,nano-serial,nano_3e3j5tkog48pnny9dmfzj1r16pg8t1e76dz5tmac6iq689wyjfpiij4txtdo,203,nano_3e3j5tkog48pnny9dmfzj1r16pg8t1e76dz5tmac6iq689wyjfpiij4txtdo,BDBEBD771C02953F27A9BBAD533E2791AC5FB2582C6BD3A79CB34AAF947E5B2C,128408428855,128608621850,200192995,
nano,nano-serial,nano_3e3j5tkog48pnny9dmfzj1r16pg8t1e76dz5tmac6iq689wyjfpiij4txtdo,204,nano_3e3j5tkog48pnny9dmfzj1r16pg8t1e76dz5tmac6iq689wyjfpiij4txtdo,6500C01294AB9CF4A6AE5D0B9899B9A337D5CED54B2A8410FAD42B047D4BBC25,128608630382,128809024152,200393770,
nano,nano-serial,nano_3e3j5tkog48pnny9dmfzj1r16pg8t1e76dz5tmac6iq689wyjfpiij4txtdo,205,nano_3e3j5tkog48pnny9dmfzj1r16pg8t1e76dz5tmac6iq689wyjfpiij4txtdo,677C0E280B4AAB98D9B771AD9F9FEE3E6004AE32541EA83A44476D9C5F07B950,128809034357,129009292177,200257820,
nano,nano-serial,nano_3e3j5tkog48pnny9dmfzj1r16pg8t1e76dz5tmac6iq689wyjfpiij4txtdo,206,nano_3e3j5tkog48pnny9dmfzj1r16pg8t1e76dz5tmac6iq689wyjfpiij4txtdo,53D96CA243D89AB7241BE588EC4A49638535DABB209FF6C17C445B392EA83D38,129009300579,129209642673,200342094,
nano,nano-serial,nano_3e3j5tkog48pnny9dmfzj1r16pg8t1e76dz5tmac6iq689wyjfpiij4txtdo,207,nano_3e3j5tkog48pnny9dmfzj1r16pg8t1e76dz5tmac6iq689wyjfpiij4txtdo,604E13A8646E66C772B868B3157BFC10934D26D68A675BA951BC6E966AE0A63C,129209653158,129409904057,200250899,
nano,nano-serial,nano_3e3j5tkog48pnny9dmfzj1r16pg8t1e76dz5tmac6iq689wyjfpiij4txtdo,208,nano_3e3j5tkog48pnny9dmfzj1r16pg8t1e76dz5tmac6iq689wyjfpiij4txtdo,6976A093A1E72F1D64E903A4749097C26E6F594737E4E0758D621AF7A4064440,129409913070,129610193312,200280242,
nano,nano-serial,nano_3e3j5tkog48pnny9dmfzj1r16pg8t1e76dz5tmac6iq689wyjfpiij4txtdo,209,nano_3e3j5tkog48pnny9dmfzj1r16pg8t1e76dz5tmac6iq689wyjfpiij4txtdo,D23ED32C1A50B94DDE407625688E3DCB72626585397901DFE12C19B8FCBB4852,129610202015,129810503448,200301433,
nano,nano-serial,nano_3e3j5tkog48pnny9dmfzj1r16pg8t1e76dz5tmac6iq689wyjfpiij4txtdo,210,nano_3e3j5tkog48pnny9dmfzj1r16pg8t1e76dz5tmac6iq689wyjfpiij4txtdo,E313E2D26AAC50C6446F5BDAC6D45050863FF87E1CC353FA2EE57044C3DED80C,129810511480,130010812583,200301103,
nano,nano-serial,nano_3e3j5tkog48pnny9dmfzj1r16pg8t1e76dz5tmac6iq689wyjfpiij4txtdo,211,nano_3e3j5tkog48pnny9dmfzj1r16pg8t1e76dz5tmac6iq689wyjfpiij4txtdo,989815CEFBBFAEEDDE81BCC80DB55075E65AA8D9524D40DDC931A92E4BBE98D1,130010821066,130211072226,200251160,
nano,nano-serial,nano_3e3j5tkog48pnny9dmfzj1r16pg8t1e76dz5tmac6iq689wyjfpiij4txtdo,212,nano_3e3j5tkog48pnny9dmfzj1r16pg8t1e76dz5tmac6iq689wyjfpiij4txtdo,8527F66EB1F3F49EA50C456DDE9075B730E80C448CF3D875EA0534C77F2E4B53,130211079887,130411491394,200411507,
nano,nano-serial,nano_3e3j5tkog48pnny9dmfzj1r16pg8t1e76dz5tmac6iq689wyjfpiij4txtdo,213,nano_3e3j5tkog48pnny9dmfzj1r16pg8t1e76dz5tmac6iq689wyjfpiij4txtdo,456843859AAA1DE77041C5C733F4F2B9C3B3FFFBB96B30C87EBE035B3034235B,130411499125,130611651928,200152803,
nano,nano-serial,nano_3e3j5tkog48pnny9dmfzj1r16pg8t1e76dz5tmac6iq689wyjfpiij4txtdo,214,nano_3e3j5tkog48pnny9dmfzj1r16pg8t1e76dz5tmac6iq689wyjfpiij4txtdo,52BFF8E7FD3FE863C137161278689C03A7FCC8C077B8D4A79DC39DF7C533665F,130611660851,130811912122,200251271,
nano,nano-serial,nano_3e3j5tkog48pnny9dmfzj1r16pg8t1e76dz5tmac6iq689wyjfpiij4txtdo,215,nano_3e3j5tkog48pnny9dmfzj1r16pg8t1e76dz5tmac6iq689wyjfpiij4txtdo,C052F1F4D1394CC305F9EFE8505D4E2A1F2C2E8DE6FFF1C0A43AEF15DA5785FE,130811919943,131012235728,200315785,
nano,nano-serial,nano_3e3j5tkog48pnny9dmfzj1r16pg8t1e76dz5tmac6iq689wyjfpiij4txtdo,216,nano_3e3j5tkog48pnny9dmfzj1r16pg8t1e76dz5tmac6iq689wyjfpiij4txtdo,27D2CCA2AF895B9D163ED77EC77D43B2E1966B669B4B3901A1D6771F208EF15C,131012243880,131212608978,200365098,
nano,nano-serial,nano_3e3j5tkog48pnny9dmfzj1r16pg8t1e76dz5tmac6iq689wyjfpiij4txtdo,217,nano_3e3j5tkog48pnny9dmfzj1r16pg8t1e76dz5tmac6iq689wyjfpiij4txtdo,61210FB54098645BEA48747EBF012E14CEC021273DF9A8CFBE11545C86E202D2,131212617951,131412915307,200297356,
nano,nano-serial,nano_3e3j5tkog48pnny9dmfzj1r16pg8t1e76dz5tmac6iq689wyjfpiij4txtdo,218,nano_3e3j5tkog48pnny9dmfzj1r16pg8t1e76dz5tmac6iq689wyjfpiij4txtdo,505176E84729E224D62B56DAA8FD77776DB778A6604BEE8ECB1037CC18522C79,131412927825,131613053122,200125297,
nano,nano-serial,nano_3e3j5tkog48pnny9dmfzj1r16pg8t1e76dz5tmac6iq689wyjfpiij4txtdo,219,nano_3e3j5tkog48pnny9dmfzj1r16pg8t1e76dz5tmac6iq689wyjfpiij4txtdo,B27F900B7881513F3A14213D122A4E7935E3292877C1E19FE02BA2EA65F268D6,131613061004,131813454287,200393283,
nano,nano-serial,nano_3e3j5tkog48pnny9dmfzj1r16pg8t1e76dz5tmac6iq689wyjfpiij4txtdo,220,nano_3e3j5tkog48pnny9dmfzj1r16pg8t1e76dz5tmac6iq689wyjfpiij4txtdo,AF27598D35FCF4530906965F215F0258A03CAC2E02F7FF48E54FCB9BBBF4DA70,131813463721,132013619903,200156182,
nano,nano-serial,nano_3e3j5tkog48pnny9dmfzj1r16pg8t1e76dz5tmac6iq689wyjfpiij4txtdo,221,nano_3e3j5tkog48pnny9dmfzj1r16pg8t1e76dz5tmac6iq689wyjfpiij4txtdo,73C93346665482C79B3D49253E8C6226B149964E9D9B0BED6582631414FB919C,132013628546,132213967047,200338501,
nano,nano-serial,nano_3e3j5tkog48pnny9dmfzj1r16pg8t1e76dz5tmac6iq689wyjfpiij4txtdo,222,nano_3e3j5tkog48pnny9dmfzj1r16pg8t1e76dz5tmac6iq689wyjfpiij4txtdo,FEECB215F3742F14544FD1F05D984F23C500F58281914A12F86CA2727AA183BB,132213975209,132414219712,200244503,
nano,nano-serial,nano_3e3j5tkog48pnny9dmfzj1r16pg8t1e76dz5tmac6iq689wyjfpiij4txtdo,223,nano_3e3j5tkog48pnny9dmfzj1r16pg8t1e76dz5tmac6iq689wyjfpiij4txtdo,A9FB586778EE1BA08695ED127ADC6F7F2583B941E9A9EDF75DA82CB32519C66D,132414228054,132614340552,200112498,
nano,nano-serial,nano_3e3j5tkog48pnny9dmfzj1r16pg8t1e76dz5tmac6iq689wyjfpiij4txtdo,224,nano_3e3j5tkog48pnny9dmfzj1r16pg8t1e76dz5tmac6iq689wyjfpiij4txtdo,F826FFDC1977452E7A81160D8C903D78CC144F40099F859D92CFB2703E154684,132614348814,132814780193,200431379,
nano,nano-serial,nano_3e3j5tkog48pnny9dmfzj1r16pg8t1e76dz5tmac6iq689wyjfpiij4txtdo,225,nano_3e3j5tkog48pnny9dmfzj1r16pg8t1e76dz5tmac6iq689wyjfpiij4txtdo,DA479BB85825A3E6F2A4FD40641D4CB236FCC325F2A79B39830B7E175F9CE2E9,132814788546,133015153406,200364860,
nano,nano-serial,nano_3e3j5tkog48pnny9dmfzj1r16pg8t1e76dz5tmac6iq689wyjfpiij4txtdo,226,nano_3e3j5tkog48pnny9dmfzj1r16pg8t1e76dz5tmac6iq689wyjfpiij4txtdo,871B535B474CEBB11316B638A175B65986A0AF67EB48C3B26A6C23078615FC48,133015162109,133215369506,200207397,
nano,nano-serial,nano_3e3j5tkog48pnny9dmfzj1r16pg8t1e76dz5tmac6iq689wyjfpiij4txtdo,227,nano_3e3j5tkog48pnny9dmfzj1r16pg8t1e76dz5tmac6iq689wyjfpiij4txtdo,845E741B34F5FA8975468173663A07D890D8CFC3CFA5FA4048BB6DF222021FF8,133215380583,133415587670,200207087,
nano,nano-serial,nano_3e3j5tkog48pnny9dmfzj1r16pg8t1e76dz5tmac6iq689wyjfpiij4txtdo,228,nano_3e3j5tkog48pnny9dmfzj1r16pg8t1e76dz5tmac6iq689wyjfpiij4txtdo,A68744BAAEA3A620A78D07F6C30779874050714C49BBEC440EE8F4C53D2197A1,133415597455,133615861897,200264442,
nano,nano-serial,nano_3e3j5tkog48pnny9dmfzj1r16pg8t1e76dz5tmac6iq689wyjfpiij4txtdo,229,nano_3e3j5tkog48pnny9dmfzj1r16pg8t1e76dz5tmac6iq689wyjfpiij4txtdo,47FB43D5F278580C7CFF1BCE411526195C1F39B8844B967983DBC6D80764F078,133615873504,133816114381,200240877,
nano,nano-serial,nano_3e3j5tkog48pnny9dmfzj1r16pg8t1e76dz5tmac6iq689wyjfpiij4txtdo,230,nano_3e3j5tkog48pnny9dmfzj1r16pg8t1e76dz5tmac6iq689wyjfpiij4txtdo,C8E38FA376D70BBA53BE3F79EBCBFEBC3607643E3AD9578D00DEA4C08B67C274,133816123665,134016288270,200164605,
nano,nano-serial,nano_3e3j5tkog48pnny9dmfzj1r16pg8t1e76dz5tmac6iq689wyjfpiij4txtdo,231,nano_3e3j5tkog48pnny9dmfzj1r16pg8t1e76dz5tmac6iq689wyjfpiij4txtdo,611C7080A49295BAE7DAC9F66757DC9339400E68B1160FFE895570243A6163DF,134016296472,134216577289,200280817,
nano,nano-serial,nano_3e3j5tkog48pnny9dmfzj1r16pg8t1e76dz5tmac6iq689wyjfpiij4txtdo,232,nano_3e3j5tkog48pnny9dmfzj1r16pg8t1e76dz5tmac6iq689wyjfpiij4txtdo,EB9EB6F0E7B2D3CE47AD303D04FEF4DD8D5B57871D83DD339F5CD05CBCEAE075,134216585591,134416976961,200391370,
nano,nano-serial,nano_3e3j5tkog48pnny9dmfzj1r16pg8t1e76dz5tmac6iq689wyjfpiij4txtdo,233,nano_3e3j5tkog48pnny9dmfzj1r16pg8t1e76dz5tmac6iq689wyjfpiij4txtdo,06260ECD4FF97C9F7F6E8823AF0EF69E341218697B64AC66EBA1722FC2DC83DA,134416986796,134617128967,200142171,
nano,nano-serial,nano_3e3j5tkog48pnny9dmfzj1r16pg8t1e76dz5tmac6iq689wyjfpiij4txtdo,234,nano_3e3j5tkog48pnny9dmfzj1r16pg8t1e76dz5tmac6iq689wyjfpiij4txtdo,407F563115C7EF50814610FFE23C1E55D073AA5C3204F276D232C78C4A0F096D,134617137049,134817383764,200246715,
nano,nano-serial,nano_3e3j5tkog48pnny9dmfzj1r16pg8t1e76dz5tmac6iq689wyjfpiij4txtdo,235,nano_3e3j5tkog48pnny9dmfzj1r16pg8t1e76dz5tmac6iq689wyjfpiij4txtdo,32A2630B685411E758C33C4333014CD3A88E2B4E6190722B4DAE0D40A48C265A,134817391786,135017620876,200229090,
nano,nano-serial,nano_3e3j5tkog48pnny9dmfzj1r16pg8t1e76dz5tmac6iq689wyjfpiij4txtdo,236,nano_3e3j5tkog48pnny9dmfzj1r16pg8t1e76dz5tmac6iq689wyjfpiij4txtdo,B2F5EF15AAF04232B9BA6CE186ACE4A6AD735D6FFB159AEBD84A99CEF28C19FD,135017628858,135218025006,200396148,
nano,nano-serial,nano_3e3j5tkog48pnny9dmfzj1r16pg8t1e76dz5tmac6iq689wyjfpiij4txtdo,237,nano_3e3j5tkog48pnny9dmfzj1r16pg8t1e76dz5tmac6iq689wyjfpiij4txtdo,DB66124188028E02A508C51883C5A4FB758A16B2B0CFED7BF91D57F739522BB5,135218033208,135418283719,200250511,
nano,nano-serial,nano_3e3j5tkog48pnny9dmfzj1r16pg8t1e76dz5tmac6iq689wyjfpiij4txtdo,238,nano_3e3j5tkog48pnny9dmfzj1r16pg8t1e76dz5tmac6iq689wyjfpiij4txtdo,CCAC10795EA738CF849CBD97D8AA93E5C174AF9E7A5CFED8D4078B090F7C3EDD,135418293353,135618459549,200166196,
nano,nano-serial,nano_3e3j5tkog48pnny9dmfzj1r16pg8t1e76dz5tmac6iq689wyjfpiij4txtdo,239,nano_3e3j5tkog48pnny9dmfzj1r16pg8t1e76dz5tmac6iq689wyjfpiij4txtdo,B2766E1EBE6CC0021C588A150A7CD7CC4C10D1BD2633BDCA0DE997EEDD5D0168,135618467501,135818829788,200362287,
nano,nano-serial,nano_3e3j5tkog48pnny9dmfzj1r16pg8t1e76dz5tmac6iq689wyjfpiij4txtdo,240,nano_3e3j5tkog48pnny9dmfzj1r16pg8t1e76dz5tmac6iq689wyjfpiij4txtdo,3BC3A5E2120F5C5B658BB67958A317F1B383EB74DA6D8B4AC4E7619A4D676254,135818838270,136019144694,200306424,
nano,nano-serial,nano_3e3j5tkog48pnny9dmfzj1r16pg8t1e76dz5tmac6iq689wyjfpiij4txtdo,241,nano_3e3j5tkog48pnny9dmfzj1r16pg8t1e76dz5tmac6iq689wyjfpiij4txtdo,BD3F4885F248427BC406EAE84EC4464B40614B72336D48242714C8127560570F,136019152997,136219410289,200257292,
nano,nano-serial,nano_3e3j5tkog48pnny9dmfzj1r16pg8t1e76dz5tmac6iq689wyjfpiij4txtdo,242,nano_3e3j5tkog48pnny9dmfzj1r16pg8t1e76dz5tmac6iq689wyjfpiij4txtdo,0994BEFA3DD042EC5F846D00B10DDF3C9F2247E1788A6A7055092AF00965A38E,136219420724,136419576636,200155912,
nano,nano-serial,nano_3e3j5tkog48pnny9dmfzj1r16pg8t1e76dz5tmac6iq689wyjfpiij4txtdo,243,nano_3e3j5tkog48pnny9dmfzj1r16pg8t1e76dz5tmac6iq689wyjfpiij4txtdo,9E4D817092CA316EAD3CEE7ADFBBC660E68F50795C5AF9E470C9736C78BE297F,136419584727,136619733249,200148522,
nano,nano-serial,nano_3e3j5tkog48pnny9dmfzj1r16pg8t1e76dz5tmac6iq689wyjfpiij4txtdo,244,nano_3e3j5tkog48pnny9dmfzj1r16pg8t1e76dz5tmac6iq689wyjfpiij4txtdo,C57907C76E2E8B93F5F5A9147D3405FE8190A90B53EDD4D02BE4F5A8E3706CF4,136619741131,136820097930,200356799,
nano,nano-serial,nano_3e3j5tkog48pnny9dmfzj1r16pg8t1e76dz5tmac6iq689wyjfpiij4txtdo,245,nano_3e3j5tkog48pnny9dmfzj1r16pg8t1e76dz5tmac6iq689wyjfpiij4txtdo,C5D4DFDB8363A5900246309698882A2AFDFBF1566D51AEC772F132EC9CBFE81B,136820108876,137020345557,200236681,
nano,nano-serial,nano_3e3j5tkog48pnny9dmfzj1r16pg8t1e76dz5tmac6iq689wyjfpiij4txtdo,246,nano_3e3j5tkog48pnny9dmfzj1r16pg8t1e76dz5tmac6iq689wyjfpiij4txtdo,248B79543DC8D1EF95FF43F8D5880283C521DE7623D48097736E2A95BED07BA4,137020353379,137220584731,200231352,
nano,nano-serial,nano_3e3j5tkog48pnny9dmfzj1r16pg8t1e76dz5tmac6iq689wyjfpiij4txtdo,247,nano_3e3j5tkog48pnny9dmfzj1r16pg8t1e76dz5tmac6iq689wyjfpiij4txtdo,B2F4F7321274A2B7182A31A75D99064EBAD85B659779DCCC7509F49D6F613D25,137220593484,137420871647,200278163,
nano,nano-serial,nano_3e3j5tkog48pnny9dmfzj1r16pg8t1e76dz5tmac6iq689wyjfpiij4txtdo,248,nano_3e3j5tkog48pnny9dmfzj1r16pg8t1e76dz5tmac6iq689wyjfpiij4txtdo,6167AD23362283DA748F25C7EDDE38C91FA0682060CE9CCDABCF30537E69C1E1,137420879299,137621052375,200173076,
nano,nano-serial,nano_3e3j5tkog48pnny9dmfzj1r16pg8t1e76dz5tmac6iq689wyjfpiij4txtdo,249,nano_3e3j5tkog48pnny9dmfzj1r16pg8t1e76dz5tmac6iq689wyjfpiij4txtdo,A958F87C2F87BB01750DD4234A2F4E47A4DEAD443FCC553FC726D03BD39DB0B4,137621060647,137821670581,200609934,
nano,nano-serial,nano_3e3j5tkog48pnny9dmfzj1r16pg8t1e76dz5tmac6iq689wyjfpiij4txtdo,250,nano_3e3j5tkog48pnny9dmfzj1r16pg8t1e76dz5tmac6iq689wyjfpiij4txtdo,DC54C0EA4A1B16B3696B02245D790EE75CEF9E1817D35C34414DECEDDA5DF7EE,137821680826,138022890604,201209778,
nano,nano-serial,nano_3e3j5tkog48pnny9dmfzj1r16pg8t1e76dz5tmac6iq689wyjfpiij4txtdo,251,nano_3e3j5tkog48pnny9dmfzj1r16pg8t1e76dz5tmac6iq689wyjfpiij4txtdo,00D21B942A3B9D970FF07365D3B0ACBAD731FD3820687C3E00C2EDC516BBC114,138022905086,138222158965,199253879,
nano,nano-serial,nano_3e3j5tkog48pnny9dmfzj1r16pg8t1e76dz5tmac6iq689wyjfpiij4txtdo,252,nano_3e3j5tkog48pnny9dmfzj1r16pg8t1e76dz5tmac6iq689wyjfpiij4txtdo,7442BF4E128C3FD158D835B5AB971EBD35A5095380F2D709F399A5AE6CE9AC1B,138222169310,138422530765,200361455,
nano,nano-serial,nano_3e3j5tkog48pnny9dmfzj1r16pg8t1e76dz5tmac6iq689wyjfpiij4txtdo,253,nano_3e3j5tkog48pnny9dmfzj1r16pg8t1e76dz5tmac6iq689wyjfpiij4txtdo,FDCDD598E25F4B28BDB5DCA18F7EEAF0C79A3054E15A2D42A2DD62AB653991B4,138422538917,138622665095,200126178,
nano,nano-serial,nano_3e3j5tkog48pnny9dmfzj1r16pg8t1e76dz5tmac6iq689wyjfpiij4txtdo,254,nano_3e3j5tkog48pnny9dmfzj1r16pg8t1e76dz5tmac6iq689wyjfpiij4txtdo,E93D44C71D1191BB7655F088C7946290FDD85947F9697BF0B27542DA8D733DBF,138622674019,138823110845,200436826,
nano,nano-serial,nano_3e3j5tkog48pnny9dmfzj1r16pg8t1e76dz5tmac6iq689wyjfpiij4txtdo,255,nano_3e3j5tkog48pnny9dmfzj1r16pg8t1e76dz5tmac6iq689wyjfpiij4txtdo,AE464EC609EC128B44ADE5FFDF8EAC7143654FF52D32185A2C2A910F4C5D1DE6,138823119178,139023415938,200296760,
nano,nano-serial,nano_3e3j5tkog48pnny9dmfzj1r16pg8t1e76dz5tmac6iq689wyjfpiij4txtdo,256,nano_3e3j5tkog48pnny9dmfzj1r16pg8t1e76dz5tmac6iq689wyjfpiij4txtdo,CB9BF12BB347512BC12D9AF8394BFA7977744192B0F543FF2D3DB1BBBA683320,139023425272,139223609866,200184594,
nano,nano-serial,nano_3e3j5tkog48pnny9dmfzj1r16pg8t1e76dz5tmac6iq689wyjfpiij4txtdo,257,nano_3e3j5tkog48pnny9dmfzj1r16pg8t1e76dz5tmac6iq689wyjfpiij4txtdo,28CD414D3923B586DB5BE46049D34840387751C002BA39D23823B58C5B8A8D72,139223618489,139423770522,200152033,
nano,nano-serial,nano_3e3j5tkog48pnny9dmfzj1r16pg8t1e76dz5tmac6iq689wyjfpiij4txtdo,258,nano_3e3j5tkog48pnny9dmfzj1r16pg8t1e76dz5tmac6iq689wyjfpiij4txtdo,B6FFF4A2107C48D42F5E681DE6753F3CE04C8E4C67CF8D0197678C824A0DA6CA,139423778273,139623932399,200154126,
nano,nano-serial,nano_3e3j5tkog48pnny9dmfzj1r16pg8t1e76dz5tmac6iq689wyjfpiij4txtdo,259,nano_3e3j5tkog48pnny9dmfzj1r16pg8t1e76dz5tmac6iq689wyjfpiij4txtdo,282742D70947C9649FED29DCAF00811457803A06C2E5916334B94CD69D1AB4F2,139623940891,139824333309,200392418,
nano,nano-serial,nano_3e3j5tkog48pnny9dmfzj1r16pg8t1e76dz5tmac6iq689wyjfpiij4txtdo,260,nano_3e3j5tkog48pnny9dmfzj1r16pg8t1e76dz5tmac6iq689wyjfpiij4txtdo,E901DF13061A49DA06724A7F5027689EA5013735AC21903D4E2BE0FBA860E93E,139824342903,140024676233,200333330,
nano,nano-serial,nano_3e3j5tkog48pnny9dmfzj1r16pg8t1e76dz5tmac6iq689wyjfpiij4txtdo,261,nano_3e3j5tkog48pnny9dmfzj1r16pg8t1e76dz5tmac6iq689wyjfpiij4txtdo,691A5B6F5071DC2D28580024F3DF52B285C1035B97F103E2AA093F0F27F1A70B,140024685006,140224995563,200310557,
nano,nano-serial,nano_3e3j5tkog48pnny9dmfzj1r16pg8t1e76dz5tmac6iq689wyjfpiij4txtdo,262,nano_3e3j5tkog48pnny9dmfzj1r16pg8t1e76dz5tmac6iq689wyjfpiij4txtdo,1A3FAA114000C347679940F9C5B86A88D2A907E9803F64F979578041E943BD72,140225026839,140425376062,200349223,
nano,nano-serial,nano_3e3j5tkog48pnny9dmfzj1r16pg8t1e76dz5tmac6iq689wyjfpiij4txtdo,263,nano_3e3j5tkog48pnny9dmfzj1r16pg8t1e76dz5tmac6iq689wyjfpiij4txtdo,FC86D3EC2824B88B8112F8D7CD8CCB2E978C78EE7EECB10B77B3E7413FA1DACE,140425383914,140625554675,200170761,
nano,nano-serial,nano_3e3j5tkog48pnny9dmfzj1r16pg8t1e76dz5tmac6iq689wyjfpiij4txtdo,264,nano_3e3j5tkog48pnny9dmfzj1r16pg8t1e76dz5tmac6iq689wyjfpiij4txtdo,507DF4EB810ABDB6558650097779D1E4A9EF17492CE7EE2979CA8F9E49202198,140625563788,140825883839,200320051,
nano,nano-serial,nano_3e3j5tkog48pnny9dmfzj1r16pg8t1e76dz5tmac6iq689wyjfpiij4txtdo,265,nano_3e3j5tkog48pnny9dmfzj1r16pg8t1e76dz5tmac6iq689wyjfpiij4txtdo,3FF5B3EA8442DF0943A6B95944E1AAA2643942C1E36C8BA36EB88BC192862CC3,140825892842,141026230509,200337667,
nano,nano-serial,nano_3e3j5tkog48pnny9dmfzj1r16pg8t1e76dz5tmac6iq689wyjfpiij4txtdo,266,nano_3e3j5tkog48pnny9dmfzj1r16pg8t1e76dz5tmac6iq689wyjfpiij4txtdo,17150D431EC8616AF3F08BDCEFC110F49D40C5E82A67F8AC3DB45DE05DF482D3,141026238681,141226567114,200328433,
nano,nano-serial,nano_3e3j5tkog48pnny9dmfzj1r16pg8t1e76dz5tmac6iq689wyjfpiij4txtdo,267,nano_3e3j5tkog48pnny9dmfzj1r16pg8t1e76dz5tmac6iq689wyjfpiij4txtdo,0D78F5CFF34DB4593D806DE211C97CA314F402451686AD64FAEEEED0B504E731,141226575927,141426850531,200274604,
nano,nano-serial,nano_3e3j5tkog48pnny9dmfzj1r16pg8t1e76dz5tmac6iq689wyjfpiij4txtdo,268,nano_3e3j5tkog48pnny9dmfzj1r16pg8t1e76dz5tmac6iq689wyjfpiij4txtdo,9DC175002042BC381FD72B4E300A217A59591EBD447E6988BF8101B4219FB778,141426858412,141627115609,200257197,
nano,nano-serial,nano_3e3j5tkog48pnny9dmfzj1r16pg8t1e76dz5tmac6iq689wyjfpiij4txtdo,269,nano_3e3j5tkog48pnny9dmfzj1r16pg8t1e76dz5tmac6iq689wyjfpiij4txtdo,C9D4F456452CAB976B0FC165E4EC4D7FD84829B784383B7FA4D8AD684F3DBEED,141627123932,141827431164,200307232,
nano,nano-serial,nano_3e3j5tkog48pnny9dmfzj1r16pg8t1e76dz5tmac6iq689wyjfpiij4txtdo,270,nano_3e3j5tkog48pnny9dmfzj1r16pg8t1e76dz5tmac6iq689wyjfpiij4txtdo,57BC0AADA86192FA7FF602E76A1DCF156483BA3A0D9EED763132A143AEA77EDF,141827439496,142027711115,200271619,
nano,nano-serial,nano_3e3j5tkog48pnny9dmfzj1r16pg8t1e76dz5tmac6iq689wyjfpiij4txtdo,271,nano_3e3j5tkog48pnny9dmfzj1r16pg8t1e76dz5tmac6iq689wyjfpiij4txtdo,A91C963E6093D3601F76D919C19D9674844FA476B6EF6F44F1F569C75A852937,142027719457,142228033179,200313722,
nano,nano-serial,nano_3e3j5tkog48pnny9dmfzj1r16pg8t1e76dz5tmac6iq689wyjfpiij4txtdo,272,nano_3e3j5tkog48pnny9dmfzj1r16pg8t1e76dz5tmac6iq689wyjfpiij4txtdo,324C7BC119F287495480B1CB23173DE33CE40052FE6E219D92D32B3460768D32,142228041731,142428325839,200284108,
nano,nano-serial,nano_3e3j5tkog48pnny9dmfzj1r16pg8t1e76dz5tmac6iq689wyjfpiij4txtdo,273,nano_3e3j5tkog48pnny9dmfzj1r16pg8t1e76dz5tmac6iq689wyjfpiij4txtdo,963796A0F1ADFD15A0C0B7151F1A64F103D84958CF770877E7B0E572F1A82123,142428335763,142628531099,200195336,
nano,nano-serial,nano_3e3j5tkog48pnny9dmfzj1r16pg8t1e76dz5tmac6iq689wyjfpiij4txtdo,274,nano_3e3j5tkog48pnny9dmfzj1r16pg8t1e76dz5tmac6iq689wyjfpiij4txtdo,664324DFFC0B9C3CE2C6D29692D47319A2120574250CAE9F4D53E5967328B220,142628538911,142828800014,200261103,
nano,nano-serial,nano_3e3j5tkog48pnny9dmfzj1r16pg8t1e76dz5tmac6iq689wyjfpiij4txtdo,275,nano_3e3j5tkog48pnny9dmfzj1r16pg8t1e76dz5tmac6iq689wyjfpiij4txtdo,6588F283019B7A4073B0A02441C5EAFEE1E5938F7CDAB18D35D38DEAC0199156,142828808687,143029182347,200373660,
nano,nano-serial,nano_3e3j5tkog48pnny9dmfzj1r16pg8t1e76dz5tmac6iq689wyjfpiij4txtdo,276,nano_3e3j5tkog48pnny9dmfzj1r16pg8t1e76dz5tmac6iq689wyjfpiij4txtdo,FA19DC3AF60BA841F2B5AD8115B0ACE12C1B42C985E0805561A05574C6274DF0,143029191069,143229456620,200265551,
nano,nano-serial,nano_3e3j5tkog48pnny9dmfzj1r16pg8t1e76dz5tmac6iq689wyjfpiij4txtdo,277,nano_3e3j5tkog48pnny9dmfzj1r16pg8t1e76dz5tmac6iq689wyjfpiij4txtdo,EE6A5C7126DC9BC1A4B35378E595978775E73208B509C88778B1C1777CFE4D26,143229464872,143429747928,200283056,
nano,nano-serial,nano_3e3j5tkog48pnny9dmfzj1r16pg8t1e76dz5tmac6iq689wyjfpiij4txtdo,278,nano_3e3j5tkog48pnny9dmfzj1r16pg8t1e76dz5tmac6iq689wyjfpiij4txtdo,26AB27996DA418CE62C7A9915993D0EAED29C0FCDAD1271DF58D2856D03F5E7C,143429755459,143629905569,200150110,
nano,nano-serial,nano_3e3j5tkog48pnny9dmfzj1r16pg8t1e76dz5tmac6iq689wyjfpiij4txtdo,279,nano_3e3j5tkog48pnny9dmfzj1r16pg8t1e76dz5tmac6iq689wyjfpiij4txtdo,0D1AF61ADB4AB81A231054582A54C7AC0F82B4AE9A76F5BFF9EECD4DB66A1026,143629913440,143830381250,200467810,
nano,nano-serial,nano_3e3j5tkog48pnny9dmfzj1r16pg8t1e76dz5tmac6iq689wyjfpiij4txtdo,280,nano_3e3j5tkog48pnny9dmfzj1r16pg8t1e76dz5tmac6iq689wyjfpiij4txtdo,21E6E7F88E78F12D1021E533B7E1F2E7D54B1E1198D008726C9CDB417D20591A,143830390013,144030657115,200267102,
nano,nano-serial,nano_3e3j5tkog48pnny9dmfzj1r16pg8t1e76dz5tmac6iq689wyjfpiij4txtdo,281,nano_3e3j5tkog48pnny9dmfzj1r16pg8t1e76dz5tmac6iq689wyjfpiij4txtdo,F0ADD1A3A961395EF8B2F2AB70048AA38F11D00E2DD293A86649D8393D596893,144030665597,144231025877,200360280,
nano,nano-serial,nano_3e3j5tkog48pnny9dmfzj1r16pg8t1e76dz5tmac6iq689wyjfpiij4txtdo,282,nano_3e3j5tkog48pnny9dmfzj1r16pg8t1e76dz5tmac6iq689wyjfpiij4txtdo,A50C04707ED6F45E4B11979699E39932CA8D2D2A1138C673CA42DD43C76EB691,144231035742,144431165121,200129379,
nano,nano-serial,nano_3e3j5tkog48pnny9dmfzj1r16pg8t1e76dz5tmac6iq689wyjfpiij4txtdo,283,nano_3e3j5tkog48pnny9dmfzj1r16pg8t1e76dz5tmac6iq689wyjfpiij4txtdo,985878B9303A1541577B40485F8CAD37A719FAEBE3EE02977557284361989925,144431174235,144631405744,200231509,
nano,nano-serial,nano_3e3j5tkog48pnny9dmfzj1r16pg8t1e76dz5tmac6iq689wyjfpiij4txtdo,284,nano_3e3j5tkog48pnny9dmfzj1r16pg8t1e76dz5tmac6iq689wyjfpiij4txtdo,415C631BD91FAB4F5B327D9AD8B2427900AF2991579AF06218E513D07B03391E,144631414547,144831798161,200383614,
nano,nano-serial,nano_3e3j5tkog48pnny9dmfzj1r16pg8t1e76dz5tmac6iq689wyjfpiij4txtdo,285,nano_3e3j5tkog48pnny9dmfzj1r16pg8t1e76dz5tmac6iq689wyjfpiij4txtdo,E7937E4F45B3DD0AB6475AF23CF4EA2DDC62FF99F44CE112085E3CB6DF136ADD,144831806814,145031997193,200190379,
nano,nano-serial,nano_3e3j5tkog48pnny9dmfzj1r16pg8t1e76dz5tmac6iq689wyjfpiij4txtdo,286,nano_3e3j5tkog48pnny9dmfzj1r16pg8t1e76dz5tmac6iq689wyjfpiij4txtdo,53BDCDEED81AD946EFE70CE89710486D087A97A0212086A87F68F5728530BAFC,145032024213,145232304115,200279902,
nano,nano-serial,nano_3e3j5tkog48pnny9dmfzj1r16pg8t1e76dz5tmac6iq689wyjfpiij4txtdo,287,nano_3e3j5tkog48pnny9dmfzj1r16pg8t1e76dz5tmac6iq689wyjfpiij4txtdo,E8D814ADD6BA4DB28F091C289364E1E6783F47C629D71624C9C58AEF346D4FB1,145232312277,145432699857,200387580,
nano,nano-serial,nano_3e3j5tkog48pnny9dmfzj1r16pg8t1e76dz5tmac6iq689wyjfpiij4txtdo,288,nano_3e3j5tkog48pnny9dmfzj1r16pg8t1e76dz5tmac6iq689wyjfpiij4txtdo,B800ABF83F7E009B39A836D1FB86C3F737B0B668FF19013C15F27D226C487D1F,145432708079,145632844999,200136920,
nano,nano-serial,nano_3e3j5tkog48pnny9dmfzj1r16pg8t1e76dz5tmac6iq689wyjfpiij4txtdo,289,nano_3e3j5tkog48pnny9dmfzj1r16pg8t1e76dz5tmac6iq689wyjfpiij4txtdo,E8CC1E0CB7516ABEAA1E984FE780B574018FA9125DCB3DA62B8BBF867990AA8B,145632852981,145833260420,200407439,
nano,nano-serial,nano_3e3j5tkog48pnny9dmfzj1r16pg8t1e76dz5tmac6iq689wyjfpiij4txtdo,290,nano_3e3j5tkog48pnny9dmfzj1r16pg8t1e76dz5tmac6iq689wyjfpiij4txtdo,F11F4B56FB4B9D482F11A3AF75EFA1B073D0F82EC03F00B144467F1C97889EC9,145833267992,146033526916,200258924,
nano,nano-serial,nano_3e3j5tkog48pnny9dmfzj1r16pg8t1e76dz5tmac6iq689wyjfpiij4txtdo,291,nano_3e3j5tkog48pnny9dmfzj1r16pg8t1e76dz5tmac6iq689wyjfpiij4txtdo,482B6A80C0AF5163A39F3B4D3F4C98F2A9596A7D9F4A3C11903A7FC7DE2E9D21,146033536521,146233804024,200267503,
nano,nano-serial,nano_3e3j5tkog48pnny9dmfzj1r16pg8t1e76dz5tmac6iq689wyjfpiij4txtdo,292,nano_3e3j5tkog48pnny9dmfzj1r16pg8t1e76dz5tmac6iq689wyjfpiij4txtdo,1912C849F386D053F906EF1C75632EC86542D5C632954DD4FF4323A7433873B7,146233812746,146434141080,200328334,
nano,nano-serial,nano_3e3j5tkog48pnny9dmfzj1r16pg8t1e76dz5tmac6iq689wyjfpiij4txtdo,293,nano_3e3j5tkog48pnny9dmfzj1r16pg8t1e76dz5tmac6iq689wyjfpiij4txtdo,CFDEF018E764D3F22D71C82EFF481DB0663BAD9E45AAA89C9C57276950D4EF21,146434149652,146634244561,200094909,
nano,nano-serial,nano_3e3j5tkog48pnny9dmfzj1r16pg8t1e76dz5tmac6iq689wyjfpiij4txtdo,294,nano_3e3j5tkog48pnny9dmfzj1r16pg8t1e76dz5tmac6iq689wyjfpiij4txtdo,8E8F740C1841813E8B25C392A6D25A910D61FCDB7487DA5F63A7D5F84B7EA1E1,146634252242,146834582689,200330447,
nano,nano-serial,nano_3e3j5tkog48pnny9dmfzj1r16pg8t1e76dz5tmac6iq689wyjfpiij4txtdo,295,nano_3e3j5tkog48pnny9dmfzj1r16pg8t1e76dz5tmac6iq689wyjfpiij4txtdo,6EC00324768555355FE221B5DB344E357F250CEB0CE848D7E8757EAA9CA193B7,146834591422,147034906846,200315424,
nano,nano-serial,nano_3e3j5tkog48pnny9dmfzj1r16pg8t1e76dz5tmac6iq689wyjfpiij4txtdo,296,nano_3e3j5tkog48pnny9dmfzj1r16pg8t1e76dz5tmac6iq689wyjfpiij4txtdo,FCC9C4115D09A0CF5892AC7E4968834F58CC4AC18B3141998B20D8D8A331E24A,147034914918,147235195210,200280292,
nano,nano-serial,nano_3e3j5tkog48pnny9dmfzj1r16pg8t1e76dz5tmac6iq689wyjfpiij4txtdo,297,nano_3e3j5tkog48pnny9dmfzj1r16pg8t1e76dz5tmac6iq689wyjfpiij4txtdo,437497223AB41A69D8FE9749AFCC143D20169C9307C4F94BCDF6F22F8D6FE8AF,147235203652,147435544673,200341021,
nano,nano-serial,nano_3e3j5tkog48pnny9dmfzj1r16pg8t1e76dz5tmac6iq689wyjfpiij4txtdo,298,nano_3e3j5tkog48pnny9dmfzj1r16pg8t1e76dz5tmac6iq689wyjfpiij4txtdo,30E0555861117AE006D06B79FFC46834926940DD1F2C8CFB7C9DA2DC731DA786,147435553065,147635609639,200056574,
nano,nano-serial,nano_3e3j5tkog48pnny9dmfzj1r16pg8t1e76dz5tmac6iq689wyjfpiij4txtdo,299,nano_3e3j5tkog48pnny9dmfzj1r16pg8t1e76dz5tmac6iq689wyjfpiij4txtdo,F2DD5013CFD9F5AB8465796834F6BEFCCE66F84D7F7F504F8FF92080E230B0F1,147635616910,147836107706,200490796,
nano,nano-serial,nano_3e3j5tkog48pnny9dmfzj1r16pg8t1e76dz5tmac6iq689wyjfpiij4txtdo,300,nano_3e3j5tkog48pnny9dmfzj1r16pg8t1e76dz5tmac6iq689wyjfpiij4txtdo,374C194B4458BD4D00B8E53ADDD7E249B4667BD7B44C182C229B8790E0906A06,147836116098,148036372989,200256891,
nano,nano-serial,nano_3e3j5tkog48pnny9dmfzj1r16pg8t1e76dz5tmac6iq689wyjfpiij4txtdo,301,nano_3e3j5tkog48pnny9dmfzj1r16pg8t1e76dz5tmac6iq689wyjfpiij4txtdo,307BF8C9CFFF8DBFA4DA42E7D11F4FF9E9563343A3A377EED5CB6482CF90C227,148036381411,148236671400,200289989,
nano,nano-serial,nano_3e3j5tkog48pnny9dmfzj1r16pg8t1e76dz5tmac6iq689wyjfpiij4txtdo,302,nano_3e3j5tkog48pnny9dmfzj1r16pg8t1e76dz5tmac6iq689wyjfpiij4txtdo,DB249876B1F0CDBE454E1246C6FDE992D1B644A16C5C631BF5ACFEF4CB25AC9C,148236679933,148437038012,200358079,
nano,nano-serial,nano_3e3j5tkog48pnny9dmfzj1r16pg8t1e76dz5tmac6iq689wyjfpiij4txtdo,303,nano_3e3j5tkog48pnny9dmfzj1r16pg8t1e76dz5tmac6iq689wyjfpiij4txtdo,74EB70A7311595919AB70B981258D17425670D09B7BC861D4DA8D999FEF50D21,148437046384,148637172031,200125647,
nano,nano-serial,nano_3e3j5tkog48pnny9dmfzj1r16pg8t1e76dz5tmac6iq689wyjfpiij4txtdo,304,nano_3e3j5tkog48pnny9dmfzj1r16pg8t1e76dz5tmac6iq689wyjfpiij4txtdo,5E60C6FF608F82F8A2CBAEBAB16E758DDDAC674EA3E3D9EBCBBBDCE83C1763EC,148637179412,148837499755,200320343,
nano,nano-serial,nano_3e3j5tkog48pnny9dmfzj1r16pg8t1e76dz5tmac6iq689wyjfpiij4txtdo,305,nano_3e3j5tkog48pnny9dmfzj1r16pg8t1e76dz5tmac6iq689wyjfpiij4txtdo,803FAB037D1821492ECB28B5BF1057E97DA4842E222C1CFC9A4F79E708F8F294,148837507797,149037770156,200262359,
nano,nano-serial,nano_3e3j5tkog48pnny9dmfzj1r16pg8t1e76dz5tmac6iq689wyjfpiij4txtdo,306,nano_3e3j5tkog48pnny9dmfzj1r16pg8t1e76dz5tmac6iq689wyjfpiij4txtdo,83BA29CFA60735AA0E19F1C627406C1844980AD0AB76433DC00D989CB7239C84,149037778157,149238166602,200388445,
nano,nano-serial,nano_3e3j5tkog48pnny9dmfzj1r16pg8t1e76dz5tmac6iq689wyjfpiij4txtdo,307,nano_3e3j5tkog48pnny9dmfzj1r16pg8t1e76dz5tmac6iq689wyjfpiij4txtdo,DCB24A0E65B63433224CB5D421155F38B8F8FFA91E7674F848D11910B0F7CFC8,149238174573,149438453236,200278663,
nano,nano-serial,nano_3e3j5tkog48pnny9dmfzj1r16pg8t1e76dz5tmac6iq689wyjfpiij4txtdo,308,nano_3e3j5tkog48pnny9dmfzj1r16pg8t1e76dz5tmac6iq689wyjfpiij4txtdo,5883E99D9C313E28639013C4B60D5499428D971050BF991F5F52BC069C9D44A7,149438461298,149638596518,200135220,
nano,nano-serial,nano_3e3j5tkog48pnny9dmfzj1r16pg8t1e76dz5tmac6iq689wyjfpiij4txtdo,309,nano_3e3j5tkog48pnny9dmfzj1r16pg8t1e76dz5tmac6iq689wyjfpiij4txtdo,B2642CE309C9B94DEB4BD60ACBEB989B7B82D438ADA8841DC99FC84942DC523D,149638604991,149838961588,200356597,
nano,nano-serial,nano_3e3j5tkog48pnny9dmfzj1r16pg8t1e76dz5tmac6iq689wyjfpiij4txtdo,310,nano_3e3j5tkog48pnny9dmfzj1r16pg8t1e76dz5tmac6iq689wyjfpiij4txtdo,2D5A931F0673BBC677F5D6756540D4BFE3AD1885C49CFB97673DF9015D1FC3C2,149838970231,150039389582,200419351,
nano,nano-serial,nano_3e3j5tkog48pnny9dmfzj1r16pg8t1e76dz5tmac6iq689wyjfpiij4txtdo,311,nano_3e3j5tkog48pnny9dmfzj1r16pg8t1e76dz5tmac6iq689wyjfpiij4txtdo,1F48370CF8354B75700222ED49B6FA9F52818037D268C2FCFB38CF968916F85F,150039398174,150239599222,200201048,
nano,nano-serial,nano_3e3j5tkog48pnny9dmfzj1r16pg8t1e76dz5tmac6iq689wyjfpiij4txtdo,312,nano_3e3j5tkog48pnny9dmfzj1r16pg8t1e76dz5tmac6iq689wyjfpiij4txtdo,018EC6903CFFBD811ED364E84E3AF16A4DCC24AD9FFBAC92AF4AC48D269FC71C,150239607595,150439838787,200231192,
nano,nano-serial,nano_3e3j5tkog48pnny9dmfzj1r16pg8t1e76dz5tmac6iq689wyjfpiij4txtdo,313,nano_3e3j5tkog48pnny9dmfzj1r16pg8t1e76dz5tmac6iq689wyjfpiij4txtdo,0DE6E968114F1E527CDCA35424972925E5A24215F56044ABBEDD60DC5AB36354,150439846388,150639983531,200137143,
nano,nano-serial,nano_3e3j5tkog48pnny9dmfzj1r16pg8t1e76dz5tmac6iq689wyjfpiij4txtdo,314,nano_3e3j5tkog48pnny9dmfzj1r16pg8t1e76dz5tmac6iq689wyjfpiij4txtdo,34388D5F4EEAB87A521C8122BCE7BCB5E68FB56ECE95B2E8ACFBDDA1572228B5,150639992084,150840405896,200413812,
nano,nano-serial,nano_3e3j5tkog48pnny9dmfzj1r16pg8t1e76dz5tmac6iq689wyjfpiij4txtdo,315,nano_3e3j5tkog48pnny9dmfzj1r16pg8t1e76dz5tmac6iq689wyjfpiij4txtdo,C9EF0DB0BAE2321C1958C67BA40D2A80B4F8A9B5C667F42A0F64B868029EF79F,150840414769,151040724807,200310038,
nano,nano-serial,nano_3e3j5tkog48pnny9dmfzj1r16pg8t1e76dz5tmac6iq689wyjfpiij4txtdo,316,nano_3e3j5tkog48pnny9dmfzj1r16pg8t1e76dz5tmac6iq689wyjfpiij4txtdo,BF903052BA4BB0E4B0B5E236E946DC3D6EEA17D0B4575FA7EDBDCAAA83194AC4,151040734001,151240975778,200241777,
nano,nano-serial,nano_3e3j5tkog48pnny9dmfzj1r16pg8t1e76dz5tmac6iq689wyjfpiij4txtdo,317,nano_3e3j5tkog48pnny9dmfzj1r16pg8t1e76dz5tmac6iq689wyjfpiij4txtdo,936FBD0CE1BE04BB54C304B207BA6F74DA4573E99946758D258E4E16673A46A7,151240984481,151441390162,200405681,
nano,nano-serial,nano_3e3j5tkog48pnny9dmfzj1r16pg8t1e76dz5tmac6iq689wyjfpiij4txtdo,318,nano_3e3j5tkog48pnny9dmfzj1r16pg8t1e76dz5tmac6iq689wyjfpiij4txtdo,D13FFDFD917334440BB92424C5545B800DC288A1D7FFFC435A5EBF462CBB0CCB,151441397904,151641445265,200047361,
nano,nano-serial,nano_3e3j5tkog48pnny9dmfzj1r16pg8t1e76dz5tmac6iq689wyjfpiij4txtdo,319,nano_3e3j5tkog48pnny9dmfzj1r16pg8t1e76dz5tmac6iq689wyjfpiij4txtdo,A36A7EABAEBCFD5F380936C8C60C55CF7AE56B4A92E3BFC82A32595D7C0D5FA6,151641453427,151841779609,200326182,
nano,nano-serial,nano_3e3j5tkog48pnny9dmfzj1r16pg8t1e76dz5tmac6iq689wyjfpiij4txtdo,320,nano_3e3j5tkog48pnny9dmfzj1r16pg8t1e76dz5tmac6iq689wyjfpiij4txtdo,4F8E37E6B8CF150B69AAC24EE3B5AF9F4F7D44D569F30909709681CAC4D2F35D,151841806159,152041868081,200061922,
nano,nano-serial,nano_3e3j5tkog48pnny9dmfzj1r16pg8t1e76dz5tmac6iq689wyjfpiij4txtdo,321,nano_3e3j5tkog48pnny9dmfzj1r16pg8t1e76dz5tmac6iq689wyjfpiij4txtdo,E935BC8B758276DBC5FB55FCC43B5A59BF07FDCA1B570A917E935BBBAD6484D6,152041880620,152242357485,200476865,
nano,nano-serial,nano_3e3j5tkog48pnny9dmfzj1r16pg8t1e76dz5tmac6iq689wyjfpiij4txtdo,322,nano_3e3j5tkog48pnny9dmfzj1r16pg8t1e76dz5tmac6iq689wyjfpiij4txtdo,B36CD89C67014EAC561460080F81DD81A3C2D48BCDCF4C8D7169222564F8B89A,152242375632,152442646823,200271191,
nano,nano-serial,nano_3e3j5tkog48pnny9dmfzj1r16pg8t1e76dz5tmac6iq689wyjfpiij4txtdo,323,nano_3e3j5tkog48pnny9dmfzj1r16pg8t1e76dz5tmac6iq689wyjfpiij4txtdo,2E6771125D4FC0C61CBC3AED55C5351991C630FFA8394901AB48C8F790389C39,152442654013,152642875572,200221559,
nano,nano-serial,nano_3e3j5tkog48pnny9dmfzj1r16pg8t1e76dz5tmac6iq689wyjfpiij4txtdo,324,nano_3e3j5tkog48pnny9dmfzj1r16pg8t1e76dz5tmac6iq689wyjfpiij4txtdo,64CE166ECED886E10804B4C05A671A4A5751C214EE7CE29C2A595E8DD2995985,152642884174,152843172661,200288487,
nano,nano-serial,nano_3e3j5tkog48pnny9dmfzj1r16pg8t1e76dz5tmac6iq689wyjfpiij4txtdo,325,nano_3e3j5tkog48pnny9dmfzj1r16pg8t1e76dz5tmac6iq689wyjfpiij4txtdo,0ED75F4FA381B88469B08D3B20A022E883AD1C2E1E7AA71EF2C8D49C580AA820,152843180362,153043498834,200318472,
nano,nano-serial,nano_3e3j5tkog48pnny9dmfzj1r16pg8t1e76dz5tmac6iq689wyjfpiij4txtdo,326,nano_3e3j5tkog48pnny9dmfzj1r16pg8t1e76dz5tmac6iq689wyjfpiij4txtdo,19C92EBEB1CB07E4A7D9A9F5692176D28A1C3940D3DA6C6CE16027BB17A1A63D,153043506315,153243809482,200303167,
nano,nano-serial,nano_3e3j5tkog48pnny9dmfzj1r16pg8t1e76dz5tmac6iq689wyjfpiij4txtdo,327,nano_3e3j5tkog48pnny9dmfzj1r16pg8t1e76dz5tmac6iq689wyjfpiij4txtdo,5BD3D56DE117E98FA7AD1F7225617D49D7E46B711B12AB1667566F31ABCA300F,153243818085,153444131660,200313575,
nano,nano-serial,nano_3e3j5tkog48pnny9dmfzj1r16pg8t1e76dz5tmac6iq689wyjfpiij4txtdo,328,nano_3e3j5tkog48pnny9dmfzj1r16pg8t1e76dz5tmac6iq689wyjfpiij4txtdo,08F79DD727D0BCB98A5CCF38455D4CDFE86344CA8DE4E789D28DF469373E95DC,153444138790,153644328942,200190152,
nano,nano-serial,nano_3e3j5tkog48pnny9dmfzj1r16pg8t1e76dz5tmac6iq689wyjfpiij4txtdo,329,nano_3e3j5tkog48pnny9dmfzj1r16pg8t1e76dz5tmac6iq689wyjfpiij4txtdo,1C63178C0273D388210E0F3E560B355D42E7564559998F59933685EC27DED476,153644336683,153844648665,200311982,
nano,nano-serial,nano_3e3j5tkog48pnny9dmfzj1r16pg8t1e76dz5tmac6iq689wyjfpiij4txtdo,330,nano_3e3j5tkog48pnny9dmfzj1r16pg8t1e76dz5tmac6iq689wyjfpiij4txtdo,289922CEABD3674E3DCCD867D2CCD10F33100A5000DAA3CD09C70079E9D6C54B,153844655645,154044872025,200216380,
nano,nano-serial,nano_3e3j5tkog48pnny9dmfzj1r16pg8t1e76dz5tmac6iq689wyjfpiij4txtdo,331,nano_3e3j5tkog48pnny9dmfzj1r16pg8t1e76dz5tmac6iq689wyjfpiij4txtdo,8993230032B3A2E4CD635A9BF4C262C384426AAB64CA388D82C5E3F1B3424387,154044879907,154245117869,200237962,
nano,nano-serial,nano_3e3j5tkog48pnny9dmfzj1r16pg8t1e76dz5tmac6iq689wyjfpiij4txtdo,332,nano_3e3j5tkog48pnny9dmfzj1r16pg8t1e76dz5tmac6iq689wyjfpiij4txtdo,D6E34B0FDC934AB65A91920C06F2E71C564B64F3E933EA5D1F0B2690D44F5935,154245126122,154445496769,200370647,
nano,nano-serial,nano_3e3j5tkog48pnny9dmfzj1r16pg8t1e76dz5tmac6iq689wyjfpiij4txtdo,333,nano_3e3j5tkog48pnny9dmfzj1r16pg8t1e76dz5tmac6iq689wyjfpiij4txtdo,1B440145ED84191837FDD003115C057DA64D314702FE77A5A1D7E80D3CF90589,154445506714,154645951432,200444718,
nano,nano-serial,nano_3e3j5tkog48pnny9dmfzj1r16pg8t1e76dz5tmac6iq689wyjfpiij4txtdo,334,nano_3e3j5tkog48pnny9dmfzj1r16pg8t1e76dz5tmac6iq689wyjfpiij4txtdo,94FD56CCE7745C9A13897036F04F5E5B21156ABA630F82678496269AFF3D2A76,154645958562,154845957131,199998569,
nano,nano-serial,nano_3e3j5tkog48pnny9dmfzj1r16pg8t1e76dz5tmac6iq689wyjfpiij4txtdo,335,nano_3e3j5tkog48pnny9dmfzj1r16pg8t1e76dz5tmac6iq689wyjfpiij4txtdo,E9221E116AD0454C119516AB06A2339DE97447DECDE28EDBD8E2D4DA7E420ACD,154845964853,155046282672,200317819,
nano,nano-serial,nano_3e3j5tkog48pnny9dmfzj1r16pg8t1e76dz5tmac6iq689wyjfpiij4txtdo,336,nano_3e3j5tkog48pnny9dmfzj1r16pg8t1e76dz5tmac6iq689wyjfpiij4txtdo,27F9ECF407DFD1838A72F4D3F9CD1665CE3E6C7875AF911EA67805582781ABB3,155046289993,155246631108,200341115,
nano,nano-serial,nano_3e3j5tkog48pnny9dmfzj1r16pg8t1e76dz5tmac6iq689wyjfpiij4txtdo,337,nano_3e3j5tkog48pnny9dmfzj1r16pg8t1e76dz5tmac6iq689wyjfpiij4txtdo,A3C25289007978932DC72FB16F5BE7FAA70268ED853D06DC8EED0A1EBA36056E,155246638569,155446764680,200126111,
nano,nano-serial,nano_3e3j5tkog48pnny9dmfzj1r16pg8t1e76dz5tmac6iq689wyjfpiij4txtdo,338,nano_3e3j5tkog48pnny9dmfzj1r16pg8t1e76dz5tmac6iq689wyjfpiij4txtdo,CE94AFC13D2DCFBC66B612680695FC0AC2D24AE36AC2CBF9A5D684C83F7B4658,155446772001,155647040339,200268338,
nano,nano-serial,nano_3e3j5tkog48pnny9dmfzj1r16pg8t1e76dz5tmac6iq689wyjfpiij4txtdo,339,nano_3e3j5tkog48pnny9dmfzj1r16pg8t1e76dz5tmac6iq689wyjfpiij4txtdo,E5534FB2BE2BDDD947EAB8425291A1A9E02B96B61671EAE18C71292657E9D550,155647048230,155847423176,200374946,
nano,nano-serial,nano_3e3j5tkog48pnny9dmfzj1r16pg8t1e76dz5tmac6iq689wyjfpiij4txtdo,340,nano_3e3j5tkog48pnny9dmfzj1r16pg8t1e76dz5tmac6iq689wyjfpiij4txtdo,2F9F8376CEB7AF858EE0E2EB1F9E815E157A18108F32D89721EE64037AA0F587,155847431989,156047766754,200334765,
nano,nano-serial,nano_3e3j5tkog48pnny9dmfzj1r16pg8t1e76dz5tmac6iq689wyjfpiij4txtdo,341,nano_3e3j5tkog48pnny9dmfzj1r16pg8t1e76dz5tmac6iq689wyjfpiij4txtdo,3F9F8D86759292388555EF40549FE00D86C0DC7DF7BE82B4307368E71C90DD93,156047773915,156247944127,200170212,
nano,nano-serial,nano_3e3j5tkog48pnny9dmfzj1r16pg8t1e76dz5tmac6iq689wyjfpiij4txtdo,342,nano_3e3j5tkog48pnny9dmfzj1r16pg8t1e76dz5tmac6iq689wyjfpiij4txtdo,E84E1F618358D0BAABFA33C597FD2867AE2B323E388E33B5348E672592864AC7,156247951909,156448261648,200309739,
nano,nano-serial,nano_3e3j5tkog48pnny9dmfzj1r16pg8t1e76dz5tmac6iq689wyjfpiij4txtdo,343,nano_3e3j5tkog48pnny9dmfzj1r16pg8t1e76dz5tmac6iq689wyjfpiij4txtdo,EEB66DAA487E0A46077985A7E63C8E113B3051F99E97A1BB4386E9D5ED64DC0A,156448269259,156648458079,200188820,
nano,nano-serial,nano_3e3j5tkog48pnny9dmfzj1r16pg8t1e76dz5tmac6iq689wyjfpiij4txtdo,344,nano_3e3j5tkog48pnny9dmfzj1r16pg8t1e76dz5tmac6iq689wyjfpiij4txtdo,7BB8069E932D0F07EFFB11EB76C6C87104FB8E632FF40A34846683B6A860456F,156648465590,156848746756,200281166,
nano,nano-serial,nano_3e3j5tkog48pnny9dmfzj1r16pg8t1e76dz5tmac6iq689wyjfpiij4txtdo,345,nano_3e3j5tkog48pnny9dmfzj1r16pg8t1e76dz5tmac6iq689wyjfpiij4txtdo,17F95055F5B0558C687846C808CE870FBB5C0CDE9BEFF1CF90CFCB323EA41430,156848755749,157049106358,200350609,
nano,nano-serial,nano_3e3j5tkog48pnny9dmfzj1r16pg8t1e76dz5tmac6iq689wyjfpiij4txtdo,346,nano_3e3j5tkog48pnny9dmfzj1r16pg8t1e76dz5tmac6iq689wyjfpiij4txtdo,871000BAF69909911C26358580C9BA01D6768BFAE23619CE903984A5FF7C5EA7,157049113539,157249279585,200166046,
nano,nano-serial,nano_3e3j5tkog48pnny9dmfzj1r16pg8t1e76dz5tmac6iq689wyjfpiij4txtdo,347,nano_3e3j5tkog48pnny9dmfzj1r16pg8t1e76dz5tmac6iq689wyjfpiij4txtdo,3A2084F32128F2C76584091649382B347C7C657E23EA22D965B57A60CE281B4F,157249287397,157449646640,200359243,
nano,nano-serial,nano_3e3j5tkog48pnny9dmfzj1r16pg8t1e76dz5tmac6iq689wyjfpiij4txtdo,348,nano_3e3j5tkog48pnny9dmfzj1r16pg8t1e76dz5tmac6iq689wyjfpiij4txtdo,5A0B5A8CE039DACE7D8315037CC74A156FBB1962CF51C30880FF530A46EA7ADE,157449653800,157649998881,200345081,
nano,nano-serial,nano_3e3j5tkog48pnny9dmfzj1r16pg8t1e76dz5tmac6iq689wyjfpiij4txtdo,349,nano_3e3j5tkog48pnny9dmfzj1r16pg8t1e76dz5tmac6iq689wyjfpiij4txtdo,3FC54849BA8EA9EC54B0663708B41CAB7CC732F0A97DF1670F31560EF9B6A2DC,157650031289,157850274601,200243312,
nano,nano-serial,nano_3e3j5tkog48pnny9dmfzj1r16pg8t1e76dz5tmac6iq689wyjfpiij4txtdo,350,nano_3e3j5tkog48pnny9dmfzj1r16pg8t1e76dz5tmac6iq689wyjfpiij4txtdo,7126BB95FAC80C7946D5B40E20665B2CC99C257C9BEB035C318F5AF07AB140D1,157850281281,158050400157,200118876,
nano,nano-serial,nano_3e3j5tkog48pnny9dmfzj1r16pg8t1e76dz5tmac6iq689wyjfpiij4txtdo,351,nano_3e3j5tkog48pnny9dmfzj1r16pg8t1e76dz5tmac6iq689wyjfpiij4txtdo,904482405DFC510791B492938F5D578CEB253A17DC390F1E9F68BE9E72B51430,158050406517,158250841891,200435374,
nano,nano-serial,nano_3e3j5tkog48pnny9dmfzj1r16pg8t1e76dz5tmac6iq689wyjfpiij4txtdo,352,nano_3e3j5tkog48pnny9dmfzj1r16pg8t1e76dz5tmac6iq689wyjfpiij4txtdo,F70F3AB3A6F10FD753F7D8E02BD249906241CF124FE7774D57192997BD21C339,158250849092,158451080043,200230951,
nano,nano-serial,nano_3e3j5tkog48pnny9dmfzj1r16pg8t1e76dz5tmac6iq689wyjfpiij4txtdo,353,nano_3e3j5tkog48pnny9dmfzj1r16pg8t1e76dz5tmac6iq689wyjfpiij4txtdo,C2A9011C6EDC3C56E865C895C36DC050E70251B3060E3A0078547DBA16B6C920,158451087765,158651220712,200132947,
nano,nano-serial,nano_3e3j5tkog48pnny9dmfzj1r16pg8t1e76dz5tmac6iq689wyjfpiij4txtdo,354,nano_3e3j5tkog48pnny9dmfzj1r16pg8t1e76dz5tmac6iq689wyjfpiij4txtdo,59EB83785848269DF7C4200470C200A0ED01F311B40F832754098C26C86F65C6,158651228344,158851665091,200436747,
nano,nano-serial,nano_3e3j5tkog48pnny9dmfzj1r16pg8t1e76dz5tmac6iq689wyjfpiij4txtdo,355,nano_3e3j5tkog48pnny9dmfzj1r16pg8t1e76dz5tmac6iq689wyjfpiij4txtdo,647CFE51BF5AFC787AD45E06768D097FD9AD438127AFD41B6A6ABD6CD773111F,158851671841,159052062758,200390917,
nano,nano-serial,nano_3e3j5tkog48pnny9dmfzj1r16pg8t1e76dz5tmac6iq689wyjfpiij4txtdo,356,nano_3e3j5tkog48pnny9dmfzj1r16pg8t1e76dz5tmac6iq689wyjfpiij4txtdo,959813D15896E42351F56B39966DE53CC4EA768D7C9E48F0099A55E947A865E1,159052070329,159252353219,200282890,
nano,nano-serial,nano_3e3j5tkog48pnny9dmfzj1r16pg8t1e76dz5tmac6iq689wyjfpiij4txtdo,357,nano_3e3j5tkog48pnny9dmfzj1r16pg8t1e76dz5tmac6iq689wyjfpiij4txtdo,A23A12471C4235A61DB6D280AF74893548D7F6C0EC7C709D276248D6AE4B4657,159252360440,159452594305,200233865,
nano,nano-serial,nano_3e3j5tkog48pnny9dmfzj1r16pg8t1e76dz5tmac6iq689wyjfpiij4txtdo,358,nano_3e3j5tkog48pnny9dmfzj1r16pg8t1e76dz5tmac6iq689wyjfpiij4txtdo,A3B6CF6DB7EA66848DB51F8CFE8712F99343BB920A8E48C2709583AC06ECF99D,159452603028,159652810817,200207789,
nano,nano-serial,nano_3e3j5tkog48pnny9dmfzj1r16pg8t1e76dz5tmac6iq689wyjfpiij4txtdo,359,nano_3e3j5tkog48pnny9dmfzj1r16pg8t1e76dz5tmac6iq689wyjfpiij4txtdo,C2E1452B13BA2CB9E666C51720C2D01E06CB0C5911091AB1BDAFDAC52D31A593,159652818098,159853163620,200345522,
nano,nano-serial,nano_3e3j5tkog48pnny9dmfzj1r16pg8t1e76dz5tmac6iq689wyjfpiij4txtdo,360,nano_3e3j5tkog48pnny9dmfzj1r16pg8t1e76dz5tmac6iq689wyjfpiij4txtdo,6CA13C393C5BCE16E88CB087EC6A537EA894A68A91E6CEFD97DF686124D66ADD,159853171050,160053451305,200280255,
nano,nano-serial,nano_3e3j5tkog48pnny9dmfzj1r16pg8t1e76dz5tmac6iq689wyjfpiij4txtdo,361,nano_3e3j5tkog48pnny9dmfzj1r16pg8t1e76dz5tmac6iq689wyjfpiij4txtdo,2A0F72D1628D0764D833D6FE0C8A2B791E9CF1C4EE1A3FE3397031EBFB5E14E7,160053459177,160253736929,200277752,
nano,nano-serial,nano_3e3j5tkog48pnny9dmfzj1r16pg8t1e76dz5tmac6iq689wyjfpiij4txtdo,362,nano_3e3j5tkog48pnny9dmfzj1r16pg8t1e76dz5tmac6iq689wyjfpiij4txtdo,90912C146DCBE3387B44489A30F2F20D9578E81F1E513CF64553839D1F8DCA36,160253744240,160454083922,200339682,
nano,nano-serial,nano_3e3j5tkog48pnny9dmfzj1r16pg8t1e76dz5tmac6iq689wyjfpiij4txtdo,363,nano_3e3j5tkog48pnny9dmfzj1r16pg8t1e76dz5tmac6iq689wyjfpiij4txtdo,C10FF9718BD623E8EB77666C9D7CB459AF0C444F325C78CF3745014933947CA4,160454091464,160654321745,200230281,
nano,nano-serial,nano_3e3j5tkog48pnny9dmfzj1r16pg8t1e76dz5tmac6iq689wyjfpiij4txtdo,364,nano_3e3j5tkog48pnny9dmfzj1r16pg8t1e76dz5tmac6iq689wyjfpiij4txtdo,E923ACCFC30BCEF67BF7F1397B21415987CD0BECC97EA9F4BA9041EF7498ADBD,160654329236,160854728877,200399641,
nano,nano-serial,nano_3e3j5tkog48pnny9dmfzj1r16pg8t1e76dz5tmac6iq689wyjfpiij4txtdo,365,nano_3e3j5tkog48pnny9dmfzj1r16pg8t1e76dz5tmac6iq689wyjfpiij4txtdo,3B5AA9BCFCF0A01ED05C5519D8A1263DBE8F736D30BAF22427C2DE3E9807784A,160854736519,161054956976,200220457,
nano,nano-serial,nano_3e3j5tkog48pnny9dmfzj1r16pg8t1e76dz5tmac6iq689wyjfpiij4txtdo,366,nano_3e3j5tkog48pnny9dmfzj1r16pg8t1e76dz5tmac6iq689wyjfpiij4txtdo,A3BC94A1BCC1F4E4238DD5E55015AC602BC79A1AF830F9A1FDA0AA266ACFA04C,161054965058,161255154468,200189410,
nano,nano-serial,nano_3e3j5tkog48pnny9dmfzj1r16pg8t1e76dz5tmac6iq689wyjfpiij4txtdo,367,nano_3e3j5tkog48pnny9dmfzj1r16pg8t1e76dz5tmac6iq689wyjfpiij4txtdo,3C24748A045213DF60A21282E6C641C81F6F166293D1C1D28BFBFAE871BDC801,161255171463,161455452880,200281417,
nano,nano-serial,nano_3e3j5tkog48pnny9dmfzj1r16pg8t1e76dz5tmac6iq689wyjfpiij4txtdo,368,nano_3e3j5tkog48pnny9dmfzj1r16pg8t1e76dz5tmac6iq689wyjfpiij4txtdo,F393FD653CA780A5FE85276E2A8C93A052F34BD881F5E7AB0BF521881D00A26A,161455460411,161655684394,200223983,
nano,nano-serial,nano_3e3j5tkog48pnny9dmfzj1r16pg8t1e76dz5tmac6iq689wyjfpiij4txtdo,369,nano_3e3j5tkog48pnny9dmfzj1r16pg8t1e76dz5tmac6iq689wyjfpiij4txtdo,B6CE297436006677BFC3F1F52D7C67A06590B9F09F5CBF463358DDE127B88EFB,161655691935,161855996886,200304951,
nano,nano-serial,nano_3e3j5tkog48pnny9dmfzj1r16pg8t1e76dz5tmac6iq689wyjfpiij4txtdo,370,nano_3e3j5tkog48pnny9dmfzj1r16pg8t1e76dz5tmac6iq689wyjfpiij4txtdo,F8E0172B14481BA57799C0B72EA16476903224BD8DCB1D7C594F1F27CCA6424A,161856027081,162056448184,200421103,
nano,nano-serial,nano_3e3j5tkog48pnny9dmfzj1r16pg8t1e76dz5tmac6iq689wyjfpiij4txtdo,371,nano_3e3j5tkog48pnny9dmfzj1r16pg8t1e76dz5tmac6iq689wyjfpiij4txtdo,6D3A7E685E6BE6D9517B826EAAAFE2974EB2A0D72ACF2048B9A6FF191CA604C1,162056455294,162256657093,200201799,
nano,nano-serial,nano_3e3j5tkog48pnny9dmfzj1r16pg8t1e76dz5tmac6iq689wyjfpiij4txtdo,372,nano_3e3j5tkog48pnny9dmfzj1r16pg8t1e76dz5tmac6iq689wyjfpiij4txtdo,5FC5E02840F3A0CCF85664736EF0BCFB2826B8023E26AB51DA7C62B89E0D6575,162256666137,162456808477,200142340,
nano,nano-serial,nano_3e3j5tkog48pnny9dmfzj1r16pg8t1e76dz5tmac6iq689wyjfpiij4txtdo,373,nano_3e3j5tkog48pnny9dmfzj1r16pg8t1e76dz5tmac6iq689wyjfpiij4txtdo,EC93846CC5308631EAE105DC66BEB326AB94819DDF4BBEF1E17E13273F456EFE,162456816429,162657152907,200336478,
nano,nano-serial,nano_3e3j5tkog48pnny9dmfzj1r16pg8t1e76dz5tmac6iq689wyjfpiij4txtdo,374,nano_3e3j5tkog48pnny9dmfzj1r16pg8t1e76dz5tmac6iq689wyjfpiij4txtdo,86B4E52A614BA74AEFF5C38E86B595A940F850586DD2F6087349F4B298659900,162657160138,162857519920,200359782,
nano,nano-serial,nano_3e3j5tkog48pnny9dmfzj1r16pg8t1e76dz5tmac6iq689wyjfpiij4txtdo,375,nano_3e3j5tkog48pnny9dmfzj1r16pg8t1e76dz5tmac6iq689wyjfpiij4txtdo,E2214C07125F2207BFCC267450565F3000563A0490C6207BD9E33DDEEB1E4071,162857527231,163057846103,200318872,
nano,nano-serial,nano_3e3j5tkog48pnny9dmfzj1r16pg8t1e76dz5tmac6iq689wyjfpiij4txtdo,376,nano_3e3j5tkog48pnny9dmfzj1r16pg8t1e76dz5tmac6iq689wyjfpiij4txtdo,8C99E1CC513024A8A15FFFA1034A50E1E10C732EB748E079A75C60D62D386981,163057853314,163258240326,200387012,
nano,nano-serial,nano_3e3j5tkog48pnny9dmfzj1r16pg8t1e76dz5tmac6iq689wyjfpiij4txtdo,377,nano_3e3j5tkog48pnny9dmfzj1r16pg8t1e76dz5tmac6iq689wyjfpiij4txtdo,E01A349907282260BB4D6006B111157E55C3A8F60B3076CA1B9B0B3DCA33828F,163258250171,163458500386,200250215,
nano,nano-serial,nano_3e3j5tkog48pnny9dmfzj1r16pg8t1e76dz5tmac6iq689wyjfpiij4txtdo,378,nano_3e3j5tkog48pnny9dmfzj1r16pg8t1e76dz5tmac6iq689wyjfpiij4txtdo,761C4651BEE591805884462723EB77AC5655D4FFE8AB300DA81FE995C8E4DD1F,163458507947,163658745589,200237642,
nano,nano-serial,nano_3e3j5tkog48pnny9dmfzj1r16pg8t1e76dz5tmac6iq689wyjfpiij4txtdo,379,nano_3e3j5tkog48pnny9dmfzj1r16pg8t1e76dz5tmac6iq689wyjfpiij4txtdo,21AAE6F811CAF5D02EA637BEB26FA4C805BDA6A9AF43ECB9934817D70EC8198E,163658752950,163859022019,200269069,
nano,nano-serial,nano_3e3j5tkog48pnny9dmfzj1r16pg8t1e76dz5tmac6iq689wyjfpiij4txtdo,380,nano_3e3j5tkog48pnny9dmfzj1r16pg8t1e76dz5tmac6iq689wyjfpiij4txtdo,570A33419167D7822DA9D0EC72D1EE42DDCF302817A75B13CA71F11FB859288D,163859031152,164059292810,200261658,
nano,nano-serial,nano_3e3j5tkog48pnny9dmfzj1r16pg8t1e76dz5tmac6iq689wyjfpiij4txtdo,381,nano_3e3j5tkog48pnny9dmfzj1r16pg8t1e76dz5tmac6iq689wyjfpiij4txtdo,7878FCB4B62CD104FDAD78566A97AAB7FDC12A973F5F3B56A8A5A228EEEE4962,164059302004,164260060854,200758850,
nano,nano-serial,nano_3e3j5tkog48pnny9dmfzj1r16pg8t1e76dz5tmac6iq689wyjfpiij4txtdo,382,nano_3e3j5tkog48pnny9dmfzj1r16pg8t1e76dz5tmac6iq689wyjfpiij4txtdo,6A85EB3DFCC554A452A5CD9CB9FB4E137E5E785FDFD9519D8AEC2996772D2760,164260068676,164460095707,200027031,
nano,nano-serial,nano_3e3j5tkog48pnny9dmfzj1r16pg8t1e76dz5tmac6iq689wyjfpiij4txtdo,383,nano_3e3j5tkog48pnny9dmfzj1r16pg8t1e76dz5tmac6iq689wyjfpiij4txtdo,A0746B41B6555079FCB08DF6B4013EACD5C01F6207081A42440363287A918ACC,164460103839,164660276015,200172176,
nano,nano-serial,nano_3e3j5tkog48pnny9dmfzj1r16pg8t1e76dz5tmac6iq689wyjfpiij4txtdo,384,nano_3e3j5tkog48pnny9dmfzj1r16pg8t1e76dz5tmac6iq689wyjfpiij4txtdo,9B8621D6B4E5F7575474524C926CE4CF2ED2B3ACC3AF6811E7C5CB4EC75D36D0,164660286590,164860432197,200145607,
nano,nano-serial,nano_3e3j5tkog48pnny9dmfzj1r16pg8t1e76dz5tmac6iq689wyjfpiij4txtdo,385,nano_3e3j5tkog48pnny9dmfzj1r16pg8t1e76dz5tmac6iq689wyjfpiij4txtdo,E934FAAB74C2A191E271057B36520E42D51F5C6D7DF5748B07B0319BD7EC5046,164860440930,165060666034,200225104,
nano,nano-serial,nano_3e3j5tkog48pnny9dmfzj1r16pg8t1e76dz5tmac6iq689wyjfpiij4txtdo,386,nano_3e3j5tkog48pnny9dmfzj1r16pg8t1e76dz5tmac6iq689wyjfpiij4txtdo,CCD74FE50205AB2A238F11A67BB00AA1F7322ADB50C2C89997F135E6B14820E8,165060674486,165260936955,200262469,
nano,nano-serial,nano_3e3j5tkog48pnny9dmfzj1r16pg8t1e76dz5tmac6iq689wyjfpiij4txtdo,387,nano_3e3j5tkog48pnny9dmfzj1r16pg8t1e76dz5tmac6iq689wyjfpiij4txtdo,47D3F66952CA4AD16EFE14AFEEDB34D0F566A774253528972B4B8F3884518B66,165260945748,165461213174,200267426,
nano,nano-serial,nano_3e3j5tkog48pnny9dmfzj1r16pg8t1e76dz5tmac6iq689wyjfpiij4txtdo,388,nano_3e3j5tkog48pnny9dmfzj1r16pg8t1e76dz5tmac6iq689wyjfpiij4txtdo,AB2ABC9E264CA7DBE17FA897B957B1C44C97437E0F67406ED1B8351FEEEFF672,165461221857,165661359492,200137635,
nano,nano-serial,nano_3e3j5tkog48pnny9dmfzj1r16pg8t1e76dz5tmac6iq689wyjfpiij4txtdo,389,nano_3e3j5tkog48pnny9dmfzj1r16pg8t1e76dz5tmac6iq689wyjfpiij4txtdo,3A4E808CB53F3EB7925A1DB1A507A140699B952D702F71BD5D8048163EEF9CF8,165661368535,165861886100,200517565,
nano,nano-serial,nano_3e3j5tkog48pnny9dmfzj1r16pg8t1e76dz5tmac6iq689wyjfpiij4txtdo,390,nano_3e3j5tkog48pnny9dmfzj1r16pg8t1e76dz5tmac6iq689wyjfpiij4txtdo,D2C7A7C7F19EF07BA226B0A1ED07CD30703FE54EC4BED6D653B6237A2880E57A,165861894863,166062093097,200198234,
nano,nano-serial,nano_3e3j5tkog48pnny9dmfzj1r16pg8t1e76dz5tmac6iq689wyjfpiij4txtdo,391,nano_3e3j5tkog48pnny9dmfzj1r16pg8t1e76dz5tmac6iq689wyjfpiij4txtdo,D6042087FC5215D844D2774F6D22990887C36C7C27FA59EA21E9B5791179EA0E,166062103653,166262332903,200229250,
nano,nano-serial,nano_3e3j5tkog48pnny9dmfzj1r16pg8t1e76dz5tmac6iq689wyjfpiij4txtdo,392,nano_3e3j5tkog48pnny9dmfzj1r16pg8t1e76dz5tmac6iq689wyjfpiij4txtdo,6314165654AC8701C6697CAD4E9F486EACB5C586A00727E999DFBB51FDFF754A,166262341065,166462665966,200324901,
nano,nano-serial,nano_3e3j5tkog48pnny9dmfzj1r16pg8t1e76dz5tmac6iq689wyjfpiij4txtdo,393,nano_3e3j5tkog48pnny9dmfzj1r16pg8t1e76dz5tmac6iq689wyjfpiij4txtdo,F5BB859C8C1C9E090125CB38E0BF5D26D00E6F9E27452BE00AFAA6865ABCE3F8,166462674658,166662866944,200192286,
nano,nano-serial,nano_3e3j5tkog48pnny9dmfzj1r16pg8t1e76dz5tmac6iq689wyjfpiij4txtdo,394,nano_3e3j5tkog48pnny9dmfzj1r16pg8t1e76dz5tmac6iq689wyjfpiij4txtdo,6135DBCD22F25B062CE74C083CA777F4F0EF438D550888473F69609D7E8DB348,166662876298,166863158175,200281877,
nano,nano-serial,nano_3e3j5tkog48pnny9dmfzj1r16pg8t1e76dz5tmac6iq689wyjfpiij4txtdo,395,nano_3e3j5tkog48pnny9dmfzj1r16pg8t1e76dz5tmac6iq689wyjfpiij4txtdo,988229958F70C78FD502F8A140F421112064E0EEA112E087BBA2328C8F13CC13,166863166457,167063353244,200186787,
nano,nano-serial,nano_3e3j5tkog48pnny9dmfzj1r16pg8t1e76dz5tmac6iq689wyjfpiij4txtdo,396,nano_3e3j5tkog48pnny9dmfzj1r16pg8t1e76dz5tmac6iq689wyjfpiij4txtdo,D11EB87A230D659A3F9C0C9BFF3C831C9E003E4FF6A4F330A9D7DB130A524445,167063361967,167263664024,200302057,
nano,nano-serial,nano_3e3j5tkog48pnny9dmfzj1r16pg8t1e76dz5tmac6iq689wyjfpiij4txtdo,397,nano_3e3j5tkog48pnny9dmfzj1r16pg8t1e76dz5tmac6iq689wyjfpiij4txtdo,522B7AA5C4162BAAB0EC24B185C46D57A2CC0AF1119D8BB981844BEEBC1B246F,167263672697,167463921626,200248929,
nano,nano-serial,nano_3e3j5tkog48pnny9dmfzj1r16pg8t1e76dz5tmac6iq689wyjfpiij4txtdo,398,nano_3e3j5tkog48pnny9dmfzj1r16pg8t1e76dz5tmac6iq689wyjfpiij4txtdo,DB215AC3E7652E2413AF78207061E1E05F10A65E000B9A9EC3F4C87FABCDB476,167463930198,167664286717,200356519,
nano,nano-serial,nano_3e3j5tkog48pnny9dmfzj1r16pg8t1e76dz5tmac6iq689wyjfpiij4txtdo,399,nano_3e3j5tkog48pnny9dmfzj1r16pg8t1e76dz5tmac6iq689wyjfpiij4txtdo,C734025057D603D1234C16CE32DE23AA5787C428AE41390615A5D49635B6C811,167664294588,167864548502,200253914,
nano,nano-serial,nano_3e3j5tkog48pnny9dmfzj1r16pg8t1e76dz5tmac6iq689wyjfpiij4txtdo,400,nano_3e3j5tkog48pnny9dmfzj1r16pg8t1e76dz5tmac6iq689wyjfpiij4txtdo,ADE0819B6493B2DAB2B775A1F3495D91AA7FEDE2CCA86DE5A89A389C640DE763,167864556094,168064854384,200298290,
nano,nano-serial,nano_3e3j5tkog48pnny9dmfzj1r16pg8t1e76dz5tmac6iq689wyjfpiij4txtdo,401,nano_3e3j5tkog48pnny9dmfzj1r16pg8t1e76dz5tmac6iq689wyjfpiij4txtdo,FA4A0D792FF5C76EC00D6D4A4B14F419615BE76AF7E92FDF6E41875D44931F76,168064862576,168265093776,200231200,
nano,nano-serial,nano_3e3j5tkog48pnny9dmfzj1r16pg8t1e76dz5tmac6iq689wyjfpiij4txtdo,402,nano_3e3j5tkog48pnny9dmfzj1r16pg8t1e76dz5tmac6iq689wyjfpiij4txtdo,7A393D305EE14B16632E6FA46C85C9FD62D329A0344F8885CC6F7490D0C1FC44,168265101367,168465448980,200347613,
nano,nano-serial,nano_3e3j5tkog48pnny9dmfzj1r16pg8t1e76dz5tmac6iq689wyjfpiij4txtdo,403,nano_3e3j5tkog48pnny9dmfzj1r16pg8t1e76dz5tmac6iq689wyjfpiij4txtdo,F5C040CE1FD822C02AA4971DF2B0391F2190C9778ADA30B63AA06C5A03B1456F,168465457242,168665625499,200168257,
nano,nano-serial,nano_3e3j5tkog48pnny9dmfzj1r16pg8t1e76dz5tmac6iq689wyjfpiij4txtdo,404,nano_3e3j5tkog48pnny9dmfzj1r16pg8t1e76dz5tmac6iq689wyjfpiij4txtdo,D30E2B18BAD5F40C882BDFCFC83E9F24261D7069FBA5D8E0D346ACBD5387F1D8,168665634172,168865844561,200210389,
nano,nano-serial,nano_3e3j5tkog48pnny9dmfzj1r16pg8t1e76dz5tmac6iq689wyjfpiij4txtdo,405,nano_3e3j5tkog48pnny9dmfzj1r16pg8t1e76dz5tmac6iq689wyjfpiij4txtdo,D0D245BDB1F0A967D1ACC48135B0801786B0898CE9622A5AC3E96CF5DB8AA452,168865853033,169066142510,200289477,
nano,nano-serial,nano_3e3j5tkog48pnny9dmfzj1r16pg8t1e76dz5tmac6iq689wyjfpiij4txtdo,406,nano_3e3j5tkog48pnny9dmfzj1r16pg8t1e76dz5tmac6iq689wyjfpiij4txtdo,A5BD8704582A693275E7FC8F1EE5FF3DDE31F6DC838F1AB3AEF21700BDFDDBFE,169066151443,169266454169,200302726,
nano,nano-serial,nano_3e3j5tkog48pnny9dmfzj1r16pg8t1e76dz5tmac6iq689wyjfpiij4txtdo,407,nano_3e3j5tkog48pnny9dmfzj1r16pg8t1e76dz5tmac6iq689wyjfpiij4txtdo,1EEFB4DAB12D9C5DCBE9D7D2453278769B070790C66212650CDACDE838FB72CE,169266462972,169466806429,200343457,
nano,nano-serial,nano_3e3j5tkog48pnny9dmfzj1r16pg8t1e76dz5tmac6iq689wyjfpiij4txtdo,408,nano_3e3j5tkog48pnny9dmfzj1r16pg8t1e76dz5tmac6iq689wyjfpiij4txtdo,8655762D272369A655F95AAF2ECF094953B7C12399C8770D230BB7020B3A422F,169466814330,169667022626,200208296,
nano,nano-serial,nano_3e3j5tkog48pnny9dmfzj1r16pg8t1e76dz5tmac6iq689wyjfpiij4txtdo,409,nano_3e3j5tkog48pnny9dmfzj1r16pg8t1e76dz5tmac6iq689wyjfpiij4txtdo,615510E4C2AF91630008D4C0E2F2F7B5DDC3812B7B6B4BFE30468A0512448099,169667031670,169867300726,200269056,
nano,nano-serial,nano_3e3j5tkog48pnny9dmfzj1r16pg8t1e76dz5tmac6iq689wyjfpiij4txtdo,410,nano_3e3j5tkog48pnny9dmfzj1r16pg8t1e76dz5tmac6iq689wyjfpiij4txtdo,C59279262370FBFB5BDA68E6A795845E67F41E83835517114771EC444D8B5E7F,169867308087,170067640507,200332420,
nano,nano-serial,nano_3e3j5tkog48pnny9dmfzj1r16pg8t1e76dz5tmac6iq689wyjfpiij4txtdo,411,nano_3e3j5tkog48pnny9dmfzj1r16pg8t1e76dz5tmac6iq689wyjfpiij4txtdo,BC744B85EBEB1B8C41C22C3C84DC56E9C166D41D83DD9534062B0DEF45D7D68D,170067649491,170267979708,200330217,
nano,nano-serial,nano_3e3j5tkog48pnny9dmfzj1r16pg8t1e76dz5tmac6iq689wyjfpiij4txtdo,412,nano_3e3j5tkog48pnny9dmfzj1r16pg8t1e76dz5tmac6iq689wyjfpiij4txtdo,FAA0BB305F5562135E6EC04ADAD9304409A2C59F3C1A46DA3EF40331B8F1A4CE,170267988991,170468180072,200191081,
nano,nano-serial,nano_3e3j5tkog48pnny9dmfzj1r16pg8t1e76dz5tmac6iq689wyjfpiij4txtdo,413,nano_3e3j5tkog48pnny9dmfzj1r16pg8t1e76dz5tmac6iq689wyjfpiij4txtdo,DDC5B3387DFC855E4D1B5F76FE7E6F6C93F2A5E8EC7F2010EAA84B3976971689,170468188755,170668360538,200171783,
nano,nano-serial,nano_3e3j5tkog48pnny9dmfzj1r16pg8t1e76dz5tmac6iq689wyjfpiij4txtdo,414,nano_3e3j5tkog48pnny9dmfzj1r16pg8t1e76dz5tmac6iq689wyjfpiij4txtdo,0E8B55192B1E706AB6492F4328836F2BF20545D69868A312989F9A2EDD376D7A,170668368971,170868657746,200288775,
nano,nano-serial,nano_3e3j5tkog48pnny9dmfzj1r16pg8t1e76dz5tmac6iq689wyjfpiij4txtdo,415,nano_3e3j5tkog48pnny9dmfzj1r16pg8t1e76dz5tmac6iq689wyjfpiij4txtdo,E50667B26D2E50A992813F90E31FD887559FD7B17ED81C2965AC25FDA1D96565,170868666268,171069045678,200379410,
nano,nano-serial,nano_3e3j5tkog48pnny9dmfzj1r16pg8t1e76dz5tmac6iq689wyjfpiij4txtdo,416,nano_3e3j5tkog48pnny9dmfzj1r16pg8t1e76dz5tmac6iq689wyjfpiij4txtdo,83A3B9AE981C30FA1DF78BB06137B0B1A9914A3CE4AA52AD533CFE9BC8E691DE,171069054201,171269319251,200265050,
nano,nano-serial,nano_3e3j5tkog48pnny9dmfzj1r16pg8t1e76dz5tmac6iq689wyjfpiij4txtdo,417,nano_3e3j5tkog48pnny9dmfzj1r16pg8t1e76dz5tmac6iq689wyjfpiij4txtdo,8F320CE3E99F1C326620138E8FE5068813D54B142082A0E23C2F82D6A026638C,171269328194,171469738255,200410061,
nano,nano-serial,nano_3e3j5tkog48pnny9dmfzj1r16pg8t1e76dz5tmac6iq689wyjfpiij4txtdo,418,nano_3e3j5tkog48pnny9dmfzj1r16pg8t1e76dz5tmac6iq689wyjfpiij4txtdo,0471DD7E3447A1074B8088B7AF44A74255F811C63D7632FF82D3B68D1F34373A,171469746778,171669840878,200094100,
nano,nano-serial,nano_3e3j5tkog48pnny9dmfzj1r16pg8t1e76dz5tmac6iq689wyjfpiij4txtdo,419,nano_3e3j5tkog48pnny9dmfzj1r16pg8t1e76dz5tmac6iq689wyjfpiij4txtdo,F9427C7E917CD857ABD6E55A2C637E0A4BBA6D7B5C01EDBF437EBD82378561BF,171669849291,171870233109,200383818,
nano,nano-serial,nano_3e3j5tkog48pnny9dmfzj1r16pg8t1e76dz5tmac6iq689wyjfpiij4txtdo,420,nano_3e3j5tkog48pnny9dmfzj1r16pg8t1e76dz5tmac6iq689wyjfpiij4txtdo,7190234A738979E90E857147E2A0C33558D8F9AF3E0C47A81AC7EAE0438ED467,171870241041,172070485453,200244412,
nano,nano-serial,nano_3e3j5tkog48pnny9dmfzj1r16pg8t1e76dz5tmac6iq689wyjfpiij4txtdo,421,nano_3e3j5tkog48pnny9dmfzj1r16pg8t1e76dz5tmac6iq689wyjfpiij4txtdo,D57F3BCEFD59F0000CCD37F38D93697C454BD44A6B68002022924094BBE0EBAB,172070493395,172270770466,200277071,
nano,nano-serial,nano_3e3j5tkog48pnny9dmfzj1r16pg8t1e76dz5tmac6iq689wyjfpiij4txtdo,422,nano_3e3j5tkog48pnny9dmfzj1r16pg8t1e76dz5tmac6iq689wyjfpiij4txtdo,94F933A1E91AEEE323AF4E204C99CF69EFFDF32F2A29454415BB27C868AFF9FD,172270778838,172471120373,200341535,
nano,nano-serial,nano_3e3j5tkog48pnny9dmfzj1r16pg8t1e76dz5tmac6iq689wyjfpiij4txtdo,423,nano_3e3j5tkog48pnny9dmfzj1r16pg8t1e76dz5tmac6iq689wyjfpiij4txtdo,7E8182374AA1339065672777EBB206939BC68A130D949293546ED283C9F9D5AE,172471129296,172671253932,200124636,
nano,nano-serial,nano_3e3j5tkog48pnny9dmfzj1r16pg8t1e76dz5tmac6iq689wyjfpiij4txtdo,424,nano_3e3j5tkog48pnny9dmfzj1r16pg8t1e76dz5tmac6iq689wyjfpiij4txtdo,DCB28FD244EE7172B30DA28A6ED3DE3618625F1818B5B7159C8ED8C7C1E1B878,172671261553,172871594286,200332733,
nano,nano-serial,nano_3e3j5tkog48pnny9dmfzj1r16pg8t1e76dz5tmac6iq689wyjfpiij4txtdo,425,nano_3e3j5tkog48pnny9dmfzj1r16pg8t1e76dz5tmac6iq689wyjfpiij4txtdo,A46F2CBFDC1D1B840304098885E08DC78A6E470DA21496E8E4DAC8A78E9812EE,172871603169,173071867551,200264382,
nano,nano-serial,nano_3e3j5tkog48pnny9dmfzj1r16pg8t1e76dz5tmac6iq689wyjfpiij4txtdo,426,nano_3e3j5tkog48pnny9dmfzj1r16pg8t1e76dz5tmac6iq689wyjfpiij4txtdo,4251C681D205B4384038942DC58C48034F413903ADEDABD70A0B3241A15E9636,173071875533,173272296256,200420723,
nano,nano-serial,nano_3e3j5tkog48pnny9dmfzj1r16pg8t1e76dz5tmac6iq689wyjfpiij4txtdo,427,nano_3e3j5tkog48pnny9dmfzj1r16pg8t1e76dz5tmac6iq689wyjfpiij4txtdo,359E00C8675595D3EA6F57972DAD4899CB6BE053C949364C27A05009086C2D69,173272304518,173472573116,200268598,
nano,nano-serial,nano_3e3j5tkog48pnny9dmfzj1r16pg8t1e76dz5tmac6iq689wyjfpiij4txtdo,428,nano_3e3j5tkog48pnny9dmfzj1r16pg8t1e76dz5tmac6iq689wyjfpiij4txtdo,173B62374C4840CB79489CB5FCFED87B8C070529EB8E7B2ACDB5EB19A40DDFD3,173472581108,173672727335,200146227,
nano,nano-serial,nano_3e3j5tkog48pnny9dmfzj1r16pg8t1e76dz5tmac6iq689wyjfpiij4txtdo,429,nano_3e3j5tkog48pnny9dmfzj1r16pg8t1e76dz5tmac6iq689wyjfpiij4txtdo,610BE3E1BB59D4E639F25868FCF8AA7C1B926236BB6FAEED43E25353F1DD8C50,173672735217,173872969043,200233826,
nano,nano-serial,nano_3e3j5tkog48pnny9dmfzj1r16pg8t1e76dz5tmac6iq689wyjfpiij4txtdo,430,nano_3e3j5tkog48pnny9dmfzj1r16pg8t1e76dz5tmac6iq689wyjfpiij4txtdo,68DAA7628E58EEC8275E5760BCF43EAE4CD7FD20B260BFEFDB996D3FE360425F,173872977335,174073187367,200210032,
nano,nano-serial,nano_3e3j5tkog48pnny9dmfzj1r16pg8t1e76dz5tmac6iq689wyjfpiij4txtdo,431,nano_3e3j5tkog48pnny9dmfzj1r16pg8t1e76dz5tmac6iq689wyjfpiij4txtdo,F8D572D940CF42CF4A3899A54994E3811BC3BB4179A73B01D4E60F79D652752F,174073196250,174273524736,200328486,
nano,nano-serial,nano_3e3j5tkog48pnny9dmfzj1r16pg8t1e76dz5tmac6iq689wyjfpiij4txtdo,432,nano_3e3j5tkog48pnny9dmfzj1r16pg8t1e76dz5tmac6iq689wyjfpiij4txtdo,C1BE8F084DB3407907135DF1208220F90F82C08850371ED3DA1ECF7540BCE3F7,174273533198,174473870038,200336840,
nano,nano-serial,nano_3e3j5tkog48pnny9dmfzj1r16pg8t1e76dz5tmac6iq689wyjfpiij4txtdo,433,nano_3e3j5tkog48pnny9dmfzj1r16pg8t1e76dz5tmac6iq689wyjfpiij4txtdo,59115DB37FE0E55DCFE3BF628D3773C2B0779D638E73DEE2A1822AC126F9B7E7,174473878070,174674111475,200233405,
nano,nano-serial,nano_3e3j5tkog48pnny9dmfzj1r16pg8t1e76dz5tmac6iq689wyjfpiij4txtdo,434,nano_3e3j5tkog48pnny9dmfzj1r16pg8t1e76dz5tmac6iq689wyjfpiij4txtdo,3E1994D2ABB99CDAF6D2AD41B29C9D439D6BB50FD61793D2075F2FF394E3ABE9,174674120117,174874412611,200292494,
nano,nano-serial,nano_3e3j5tkog48pnny9dmfzj1r16pg8t1e76dz5tmac6iq689wyjfpiij4txtdo,435,nano_3e3j5tkog48pnny9dmfzj1r16pg8t1e76dz5tmac6iq689wyjfpiij4txtdo,0584F63D389453FF2CC83ABBB258EF6EA2CE7F3808D5C2A281E56DF7C3C2EA3B,174874420302,175074729260,200308958,
nano,nano-serial,nano_3e3j5tkog48pnny9dmfzj1r16pg8t1e76dz5tmac6iq689wyjfpiij4txtdo,436,nano_3e3j5tkog48pnny9dmfzj1r16pg8t1e76dz5tmac6iq689wyjfpiij4txtdo,9DAB875FBE329B2A76803A33A086191683011AA8D50CD168B22A4804A39ABCEE,175074738003,175274986732,200248729,
nano,nano-serial,nano_3e3j5tkog48pnny9dmfzj1r16pg8t1e76dz5tmac6iq689wyjfpiij4txtdo,437,nano_3e3j5tkog48pnny9dmfzj1r16pg8t1e76dz5tmac6iq689wyjfpiij4txtdo,3877D957A4C4D96E0AABBB206926E5789751F6F89344FBAFF32F7DB747360769,175274995084,175475187028,200191944,
nano,nano-serial,nano_3e3j5tkog48pnny9dmfzj1r16pg8t1e76dz5tmac6iq689wyjfpiij4txtdo,438,nano_3e3j5tkog48pnny9dmfzj1r16pg8t1e76dz5tmac6iq689wyjfpiij4txtdo,F2743933D5DA406CEC74EE05F9FC64D4BCAEDA13691BB4DD3DFBAE01FA34D5E8,175475195541,175675375197,200179656,
nano,nano-serial,nano_3e3j5tkog48pnny9dmfzj1r16pg8t1e76dz5tmac6iq689wyjfpiij4txtdo,439,nano_3e3j5tkog48pnny9dmfzj1r16pg8t1e76dz5tmac6iq689wyjfpiij4txtdo,D617C0AB04D5BCE39CCFF9CE1808A2F5CFA3D3286E529A6F5143A86FE49C0386,175675385783,175875811312,200425529,
nano,nano-serial,nano_3e3j5tkog48pnny9dmfzj1r16pg8t1e76dz5tmac6iq689wyjfpiij4txtdo,440,nano_3e3j5tkog48pnny9dmfzj1r16pg8t1e76dz5tmac6iq689wyjfpiij4txtdo,6FC031B3C8F1001F71E6D1922B4FC0286E3CBBFC044E08A1605DA4B5DEBFE3A2,175875819745,176075883009,200063264,
nano,nano-serial,nano_3e3j5tkog48pnny9dmfzj1r16pg8t1e76dz5tmac6iq689wyjfpiij4txtdo,441,nano_3e3j5tkog48pnny9dmfzj1r16pg8t1e76dz5tmac6iq689wyjfpiij4txtdo,D3C371F668714CB448A17493355884A5C285F80144B1150CAFFCF592046FB2E4,176075891031,176276272816,200381785,
nano,nano-serial,nano_3e3j5tkog48pnny9dmfzj1r16pg8t1e76dz5tmac6iq689wyjfpiij4txtdo,442,nano_3e3j5tkog48pnny9dmfzj1r16pg8t1e76dz5tmac6iq689wyjfpiij4txtdo,6E456863C76B57B899B18B9241589336AC36AEFBEC886A1F4D30F8A65CD35331,176276283131,176476509658,200226527,
nano,nano-serial,nano_3e3j5tkog48pnny9dmfzj1r16pg8t1e76dz5tmac6iq689wyjfpiij4txtdo,443,nano_3e3j5tkog48pnny9dmfzj1r16pg8t1e76dz5tmac6iq689wyjfpiij4txtdo,F88EE5ECA3FBBD4B609489138AF2EECFE46B2C08215F485F95B5287EE4D2E253,176476517720,176676675494,200157774,
nano,nano-serial,nano_3e3j5tkog48pnny9dmfzj1r16pg8t1e76dz5tmac6iq689wyjfpiij4txtdo,444,nano_3e3j5tkog48pnny9dmfzj1r16pg8t1e76dz5tmac6iq689wyjfpiij4txtdo,1799D31E26FD0FC9EFFDAB0460F89E209AA2FEC38D30AA8CD20267C1DAC95AEB,176676685108,176877087855,200402747,
nano,nano-serial,nano_3e3j5tkog48pnny9dmfzj1r16pg8t1e76dz5tmac6iq689wyjfpiij4txtdo,445,nano_3e3j5tkog48pnny9dmfzj1r16pg8t1e76dz5tmac6iq689wyjfpiij4txtdo,59F154804A3C0F47613D8BF16214706DB2E5357E0A6EBBC3B9F2223B303EA272,176877096718,177077384925,200288207,
nano,nano-serial,nano_3e3j5tkog48pnny9dmfzj1r16pg8t1e76dz5tmac6iq689wyjfpiij4txtdo,446,nano_3e3j5tkog48pnny9dmfzj1r16pg8t1e76dz5tmac6iq689wyjfpiij4txtdo,29797313DAB9434644BB6D0E51953C2580BE8380A6BCA63C5F635D5F5C5C770A,177077393247,177277699841,200306594,
nano,nano-serial,nano_3e3j5tkog48pnny9dmfzj1r16pg8t1e76dz5tmac6iq689wyjfpiij4txtdo,447,nano_3e3j5tkog48pnny9dmfzj1r16pg8t1e76dz5tmac6iq689wyjfpiij4txtdo,D708ADADEA67F4A994D1707BFB0A23A6DFFCB81569A5827461EE90F245EA2C2A,177277708724,177478026936,200318212,
nano,nano-serial,nano_3e3j5tkog48pnny9dmfzj1r16pg8t1e76dz5tmac6iq689wyjfpiij4txtdo,448,nano_3e3j5tkog48pnny9dmfzj1r16pg8t1e76dz5tmac6iq689wyjfpiij4txtdo,5D0AD8375795CE2A116C1B63CBC41E443B6DCA40F7F8B9FF2B68A4377C4FDBEE,177478035919,177678326510,200290591,
nano,nano-serial,nano_3e3j5tkog48pnny9dmfzj1r16pg8t1e76dz5tmac6iq689wyjfpiij4txtdo,449,nano_3e3j5tkog48pnny9dmfzj1r16pg8t1e76dz5tmac6iq689wyjfpiij4txtdo,E91437127E02F23914BC9FCDC4B9B9FDF4D2AAECF77E097D1ECF5F2BDF19648B,177678334983,177878570512,200235529,
nano,nano-serial,nano_3e3j5tkog48pnny9dmfzj1r16pg8t1e76dz5tmac6iq689wyjfpiij4txtdo,450,nano_3e3j5tkog48pnny9dmfzj1r16pg8t1e76dz5tmac6iq689wyjfpiij4txtdo,448815CDB9969DD7918577A5B1EF33BCD1634E037BED2AC06FC5280671760D9F,177878579085,178078727125,200148040,
nano,nano-serial,nano_3e3j5tkog48pnny9dmfzj1r16pg8t1e76dz5tmac6iq689wyjfpiij4txtdo,451,nano_3e3j5tkog48pnny9dmfzj1r16pg8t1e76dz5tmac6iq689wyjfpiij4txtdo,2B941F5B724EE706D593C7C411655211BA41DA141FBBD14117ED91681BEA5104,178078735868,178279110181,200374313,
nano,nano-serial,nano_3e3j5tkog48pnny9dmfzj1r16pg8t1e76dz5tmac6iq689wyjfpiij4txtdo,452,nano_3e3j5tkog48pnny9dmfzj1r16pg8t1e76dz5tmac6iq689wyjfpiij4txtdo,7EBB0819E78506E5FFC0FC66788DDDBD8B9665C129F22BA37A48269B659AA8EE,178279120707,178479395034,200274327,
nano,nano-serial,nano_3e3j5tkog48pnny9dmfzj1r16pg8t1e76dz5tmac6iq689wyjfpiij4txtdo,453,nano_3e3j5tkog48pnny9dmfzj1r16pg8t1e76dz5tmac6iq689wyjfpiij4txtdo,9A1CA7F87EB4AB6B8CFF647BCCD64AFB0F9F3C6AFFE517EA8ADF4E4E302B7BEF,178479403226,178679656992,200253766,
nano,nano-serial,nano_3e3j5tkog48pnny9dmfzj1r16pg8t1e76dz5tmac6iq689wyjfpiij4txtdo,454,nano_3e3j5tkog48pnny9dmfzj1r16pg8t1e76dz5tmac6iq689wyjfpiij4txtdo,8A553248A62CDE6BC5E2633B0BEF3840D23DCACFDF6E64721A81286FA399675C,178679666315,178879878420,200212105,
nano,nano-serial,nano_3e3j5tkog48pnny9dmfzj1r16pg8t1e76dz5tmac6iq689wyjfpiij4txtdo,455,nano_3e3j5tkog48pnny9dmfzj1r16pg8t1e76dz5tmac6iq689wyjfpiij4txtdo,9DFED4C1C1B2D0779286EDF4341B6BCF01209ABEE7CF265FD2FAD9EB9F1B2C23,178879886913,179080224165,200337252,
nano,nano-serial,nano_3e3j5tkog48pnny9dmfzj1r16pg8t1e76dz5tmac6iq689wyjfpiij4txtdo,456,nano_3e3j5tkog48pnny9dmfzj1r16pg8t1e76dz5tmac6iq689wyjfpiij4txtdo,70338D9C3B1EE904B91AFA75B88DA032EF6FE7662C4667BA716358EA2E6951DD,179080231355,179280430736,200199381,
nano,nano-serial,nano_3e3j5tkog48pnny9dmfzj1r16pg8t1e76dz5tmac6iq689wyjfpiij4txtdo,457,nano_3e3j5tkog48pnny9dmfzj1r16pg8t1e76dz5tmac6iq689wyjfpiij4txtdo,FB8D1D063491A59378B16690AE83FCE77D2FB8448C7D7B18A679F85673F9F6DD,179280439909,179480774268,200334359,
nano,nano-serial,nano_3e3j5tkog48pnny9dmfzj1r16pg8t1e76dz5tmac6iq689wyjfpiij4txtdo,458,nano_3e3j5tkog48pnny9dmfzj1r16pg8t1e76dz5tmac6iq689wyjfpiij4txtdo,43367C1798DBE475259DF7750A1AD28A4710BA1D157B66703E45DB96D7E01AFB,179480783602,179680992391,200208789,
nano,nano-serial,nano_3e3j5tkog48pnny9dmfzj1r16pg8t1e76dz5tmac6iq689wyjfpiij4txtdo,459,nano_3e3j5tkog48pnny9dmfzj1r16pg8t1e76dz5tmac6iq689wyjfpiij4txtdo,D0851EB1F381853537157030E9FB789D950793E3FAAE688D20FAB64A205B2799,179681022706,179881299415,200276709,
nano,nano-serial,nano_3e3j5tkog48pnny9dmfzj1r16pg8t1e76dz5tmac6iq689wyjfpiij4txtdo,460,nano_3e3j5tkog48pnny9dmfzj1r16pg8t1e76dz5tmac6iq689wyjfpiij4txtdo,DAE1012CFB03348CF6123BB115DAE466015E894B93ABAC0963A7BB81879CF98F,179881307938,180081576654,200268716,
nano,nano-serial,nano_3e3j5tkog48pnny9dmfzj1r16pg8t1e76dz5tmac6iq689wyjfpiij4txtdo,461,nano_3e3j5tkog48pnny9dmfzj1r16pg8t1e76dz5tmac6iq689wyjfpiij4txtdo,1B7963B6FC0867348C1621891096E722EFFE9A505261C5210D873825E84D6B3F,180081586729,180281860444,200273715,
nano,nano-serial,nano_3e3j5tkog48pnny9dmfzj1r16pg8t1e76dz5tmac6iq689wyjfpiij4txtdo,462,nano_3e3j5tkog48pnny9dmfzj1r16pg8t1e76dz5tmac6iq689wyjfpiij4txtdo,B029F301C5F3AD3633FD8C3525E2D07962A7CFF4B4634919DE3171A896B6F963,180281869247,180482271091,200401844,
nano,nano-serial,nano_3e3j5tkog48pnny9dmfzj1r16pg8t1e76dz5tmac6iq689wyjfpiij4txtdo,463,nano_3e3j5tkog48pnny9dmfzj1r16pg8t1e76dz5tmac6iq689wyjfpiij4txtdo,B9CBCD00F2578882BC9C40CED44CE26348545E90E6F75CCCC8562F7C3F7FF2D2,180482279363,180682516984,200237621,
nano,nano-serial,nano_3e3j5tkog48pnny9dmfzj1r16pg8t1e76dz5tmac6iq689wyjfpiij4txtdo,464,nano_3e3j5tkog48pnny9dmfzj1r16pg8t1e76dz5tmac6iq689wyjfpiij4txtdo,85C3DF88FE6DE0097CCB10FB58B3164E3CACED627028C4B1D51063C5907B9DFD,180682525597,180882755947,200230350,
nano,nano-serial,nano_3e3j5tkog48pnny9dmfzj1r16pg8t1e76dz5tmac6iq689wyjfpiij4txtdo,465,nano_3e3j5tkog48pnny9dmfzj1r16pg8t1e76dz5tmac6iq689wyjfpiij4txtdo,80DC11ACD32DFE52E3F73EB9795F8845F871433C5D8BC3E910E960482C2A4DED,180882764219,181083122529,200358310,
nano,nano-serial,nano_3e3j5tkog48pnny9dmfzj1r16pg8t1e76dz5tmac6iq689wyjfpiij4txtdo,466,nano_3e3j5tkog48pnny9dmfzj1r16pg8t1e76dz5tmac6iq689wyjfpiij4txtdo,A5E33FB7B2CCBB549CF543CC9F868CFE0E985764024865438A8F39BD6E42BCD0,181083130931,181283402882,200271951,
nano,nano-serial,nano_3e3j5tkog48pnny9dmfzj1r16pg8t1e76dz5tmac6iq689wyjfpiij4txtdo,467,nano_3e3j5tkog48pnny9dmfzj1r16pg8t1e76dz5tmac6iq689wyjfpiij4txtdo,F3142C894BEEB6DC4F37F6EEFF1A4375849F2726EC859F5AC9F8E08E75E20354,181283411816,181483574846,200163030,
nano,nano-serial,nano_3e3j5tkog48pnny9dmfzj1r16pg8t1e76dz5tmac6iq689wyjfpiij4txtdo,468,nano_3e3j5tkog48pnny9dmfzj1r16pg8t1e76dz5tmac6iq689wyjfpiij4txtdo,207365E895F1835B48F65957A574EE8B1EEC23DC375B5D382639F1BA40CD46A3,181483582988,181683853618,200270630,
nano,nano-serial,nano_3e3j5tkog48pnny9dmfzj1r16pg8t1e76dz5tmac6iq689wyjfpiij4txtdo,469,nano_3e3j5tkog48pnny9dmfzj1r16pg8t1e76dz5tmac6iq689wyjfpiij4txtdo,6D7C6367F2BE2034DBD8EBEBFB43BC1A88AD4F673F292109B97E56E325BA5AE4,181683861970,181884159460,200297490,
nano,nano-serial,nano_3e3j5tkog48pnny9dmfzj1r16pg8t1e76dz5tmac6iq689wyjfpiij4txtdo,470,nano_3e3j5tkog48pnny9dmfzj1r16pg8t1e76dz5tmac6iq689wyjfpiij4txtdo,364BFC1730CF1EA52511049E2B24D1E7E1DE040101CC1BD2C7F871E8FE79C4B1,181884167071,182084514264,200347193,
nano,nano-serial,nano_3e3j5tkog48pnny9dmfzj1r16pg8t1e76dz5tmac6iq689wyjfpiij4txtdo,471,nano_3e3j5tkog48pnny9dmfzj1r16pg8t1e76dz5tmac6iq689wyjfpiij4txtdo,D0D07BD46B09965CDE6B3B0D51A12F9BE9F8C6E67C1AFC7501C87AA60BC9A784,182084522396,182284854627,200332231,
nano,nano-serial,nano_3e3j5tkog48pnny9dmfzj1r16pg8t1e76dz5tmac6iq689wyjfpiij4txtdo,472,nano_3e3j5tkog48pnny9dmfzj1r16pg8t1e76dz5tmac6iq689wyjfpiij4txtdo,C84418063FED7B06B70D3D89ACE7DCD5829120A6A192EE3C2E523607F4C8F1F7,182284862649,182485161931,200299282,
nano,nano-serial,nano_3e3j5tkog48pnny9dmfzj1r16pg8t1e76dz5tmac6iq689wyjfpiij4txtdo,473,nano_3e3j5tkog48pnny9dmfzj1r16pg8t1e76dz5tmac6iq689wyjfpiij4txtdo,E11F1503ED5916CC9608E618254AD7751A128622E64DAECDAFA7FBD6232B990B,182485170253,182685342858,200172605,
nano,nano-serial,nano_3e3j5tkog48pnny9dmfzj1r16pg8t1e76dz5tmac6iq689wyjfpiij4txtdo,474,nano_3e3j5tkog48pnny9dmfzj1r16pg8t1e76dz5tmac6iq689wyjfpiij4txtdo,59E4AAEC72DDEC63D88B09212383A87346CA315EF460EFB408B974FC2D03AEA8,182685350920,182885687386,200336466,
nano,nano-serial,nano_3e3j5tkog48pnny9dmfzj1r16pg8t1e76dz5tmac6iq689wyjfpiij4txtdo,475,nano_3e3j5tkog48pnny9dmfzj1r16pg8t1e76dz5tmac6iq689wyjfpiij4txtdo,5C409C0F13F57925A9370C80E4ACF34E4134F8DB5C73F9B3956F6E5282608362,182885695528,183086081228,200385700,
nano,nano-serial,nano_3e3j5tkog48pnny9dmfzj1r16pg8t1e76dz5tmac6iq689wyjfpiij4txtdo,476,nano_3e3j5tkog48pnny9dmfzj1r16pg8t1e76dz5tmac6iq689wyjfpiij4txtdo,A40A7CFBE016F2EC32AA5F3C8D86B7192EDB17C04C3018E194FBD147A1CF25A5,183086092114,183286239742,200147628,
nano,nano-serial,nano_3e3j5tkog48pnny9dmfzj1r16pg8t1e76dz5tmac6iq689wyjfpiij4txtdo,477,nano_3e3j5tkog48pnny9dmfzj1r16pg8t1e76dz5tmac6iq689wyjfpiij4txtdo,93E92CB8B64308866121595DB3F4ECB64512C9866AA9BC6EA9C595E2DCF910E4,183286248665,183486646853,200398188,
nano,nano-serial,nano_3e3j5tkog48pnny9dmfzj1r16pg8t1e76dz5tmac6iq689wyjfpiij4txtdo,478,nano_3e3j5tkog48pnny9dmfzj1r16pg8t1e76dz5tmac6iq689wyjfpiij4txtdo,192109915B1CBF11CC45EF91EE17F74247B75BFCEE2D775545F45E544FF8576B,183486654845,183686879237,200224392,
nano,nano-serial,nano_3e3j5tkog48pnny9dmfzj1r16pg8t1e76dz5tmac6iq689wyjfpiij4txtdo,479,nano_3e3j5tkog48pnny9dmfzj1r16pg8t1e76dz5tmac6iq689wyjfpiij4txtdo,BBE03F23F65471AD8ACCC7B9096ABECF01D4E497A7EA03B385102D15162E2524,183686889642,183887296342,200406700,
nano,nano-serial,nano_3e3j5tkog48pnny9dmfzj1r16pg8t1e76dz5tmac6iq689wyjfpiij4txtdo,480,nano_3e3j5tkog48pnny9dmfzj1r16pg8t1e76dz5tmac6iq689wyjfpiij4txtdo,19CAE7B94BB2D1D888D60DEF0628067E566366DFE7248BBB96977087A86FF31E,183887304264,184087397663,200093399,
nano,nano-serial,nano_3e3j5tkog48pnny9dmfzj1r16pg8t1e76dz5tmac6iq689wyjfpiij4txtdo,481,nano_3e3j5tkog48pnny9dmfzj1r16pg8t1e76dz5tmac6iq689wyjfpiij4txtdo,D2C86DE79424E9086E5EA11AC6255DE7E168647314BAF19927AB5C8CE4008F08,184087420867,184287725578,200304711,
nano,nano-serial,nano_3e3j5tkog48pnny9dmfzj1r16pg8t1e76dz5tmac6iq689wyjfpiij4txtdo,482,nano_3e3j5tkog48pnny9dmfzj1r16pg8t1e76dz5tmac6iq689wyjfpiij4txtdo,A98577232B067CF048350F4CC81ABD0CE541B162D4CD5AF6D09AB991B98218D6,184287734461,184488129043,200394582,
nano,nano-serial,nano_3e3j5tkog48pnny9dmfzj1r16pg8t1e76dz5tmac6iq689wyjfpiij4txtdo,483,nano_3e3j5tkog48pnny9dmfzj1r16pg8t1e76dz5tmac6iq689wyjfpiij4txtdo,4D2C64D2417FC74CDEE5F8A717229BDDD95C9575F6D0FFD8EB29A6049C133899,184488149573,184688248940,200099367,
nano,nano-serial,nano_3e3j5tkog48pnny9dmfzj1r16pg8t1e76dz5tmac6iq689wyjfpiij4txtdo,484,nano_3e3j5tkog48pnny9dmfzj1r16pg8t1e76dz5tmac6iq689wyjfpiij4txtdo,A1E087BF1970BC95DB1B5123D0B03C4D1B3F6AAF59DB6FFD34A0070B768E7D8B,184688258945,184888640630,200381685,
nano,nano-serial,nano_3e3j5tkog48pnny9dmfzj1r16pg8t1e76dz5tmac6iq689wyjfpiij4txtdo,485,nano_3e3j5tkog48pnny9dmfzj1r16pg8t1e76dz5tmac6iq689wyjfpiij4txtdo,61FA7F1FF56937E84C7C516B1E83608D82FD7FC03432501F20F36C4184E7906E,184888649212,185088888345,200239133,
nano,nano-serial,nano_3e3j5tkog48pnny9dmfzj1r16pg8t1e76dz5tmac6iq689wyjfpiij4txtdo,486,nano_3e3j5tkog48pnny9dmfzj1r16pg8t1e76dz5tmac6iq689wyjfpiij4txtdo,95E8407390A40C99C96EA0E83186DEF3D78AC979888F19A8D814242C9943A2AB,185088896127,185289254246,200358119,
nano,nano-serial,nano_3e3j5tkog48pnny9dmfzj1r16pg8t1e76dz5tmac6iq689wyjfpiij4txtdo,487,nano_3e3j5tkog48pnny9dmfzj1r16pg8t1e76dz5tmac6iq689wyjfpiij4txtdo,31B24435B7DD97251FD546788C19AD4A03A10F6DB4DDC6719FF565B77454C131,185289262117,185489549232,200287115,
nano,nano-serial,nano_3e3j5tkog48pnny9dmfzj1r16pg8t1e76dz5tmac6iq689wyjfpiij4txtdo,488,nano_3e3j5tkog48pnny9dmfzj1r16pg8t1e76dz5tmac6iq689wyjfpiij4txtdo,4AA4FD02285FD74FFE08048C9C824CFEF66530FC09100E8A3697D62D91C84E7A,185489557845,185689800001,200242156,
nano,nano-serial,nano_3e3j5tkog48pnny9dmfzj1r16pg8t1e76dz5tmac6iq689wyjfpiij4txtdo,489,nano_3e3j5tkog48pnny9dmfzj1r16pg8t1e76dz5tmac6iq689wyjfpiij4txtdo,4FC549D532C5D2282E425C13056CC1D215539C8F0E65590F5EBE924FACE95C0D,185689808304,185890221794,200413490,
nano,nano-serial,nano_3e3j5tkog48pnny9dmfzj1r16pg8t1e76dz5tmac6iq689wyjfpiij4txtdo,490,nano_3e3j5tkog48pnny9dmfzj1r16pg8t1e76dz5tmac6iq689wyjfpiij4txtdo,83BFCAE77FFB9C8982906B4199933A33847E9BB66510539E11E6D87F1E80B8BC,185890229676,186090474218,200244542,
nano,nano-serial,nano_3e3j5tkog48pnny9dmfzj1r16pg8t1e76dz5tmac6iq689wyjfpiij4txtdo,491,nano_3e3j5tkog48pnny9dmfzj1r16pg8t1e76dz5tmac6iq689wyjfpiij4txtdo,43790CD9790D0D2FA3EA514560147549A858F29EA35C141DC62149312D258FAF,186090482891,186290719459,200236568,
nano,nano-serial,nano_3e3j5tkog48pnny9dmfzj1r16pg8t1e76dz5tmac6iq689wyjfpiij4txtdo,492,nano_3e3j5tkog48pnny9dmfzj1r16pg8t1e76dz5tmac6iq689wyjfpiij4txtdo,B1EEAF17E562802689AAF82B2BF053D97F30B2996D115BD264E08C03BC40CC72,186290727722,186491030019,200302297,
nano,nano-serial,nano_3e3j5tkog48pnny9dmfzj1r16pg8t1e76dz5tmac6iq689wyjfpiij4txtdo,493,nano_3e3j5tkog48pnny9dmfzj1r16pg8t1e76dz5tmac6iq689wyjfpiij4txtdo,103B75E2739058BE6B4105D3B2CE8764A8832FCC5E2E3AC53E67C2E468B4E09D,186491038962,186691294790,200255828,
nano,nano-serial,nano_3e3j5tkog48pnny9dmfzj1r16pg8t1e76dz5tmac6iq689wyjfpiij4txtdo,494,nano_3e3j5tkog48pnny9dmfzj1r16pg8t1e76dz5tmac6iq689wyjfpiij4txtdo,56E4C3FD78EF19B6CC8BF1EE50C3F2D7C27F7BFA3BF37BB812727E2034CD5E9A,186691303413,186891616916,200313503,
nano,nano-serial,nano_3e3j5tkog48pnny9dmfzj1r16pg8t1e76dz5tmac6iq689wyjfpiij4txtdo,495,nano_3e3j5tkog48pnny9dmfzj1r16pg8t1e76dz5tmac6iq689wyjfpiij4txtdo,28932FFB57D968483DCA777C8B8982C65437E6E051AA5F4E52CA1CC3B17A1346,186891625178,187091929957,200304779,
nano,nano-serial,nano_3e3j5tkog48pnny9dmfzj1r16pg8t1e76dz5tmac6iq689wyjfpiij4txtdo,496,nano_3e3j5tkog48pnny9dmfzj1r16pg8t1e76dz5tmac6iq689wyjfpiij4txtdo,1A700691B454EF2637BF078869966DE5225727C1A23CF6295097A3E517FAACEE,187091938019,187292271335,200333316,
nano,nano-serial,nano_3e3j5tkog48pnny9dmfzj1r16pg8t1e76dz5tmac6iq689wyjfpiij4txtdo,497,nano_3e3j5tkog48pnny9dmfzj1r16pg8t1e76dz5tmac6iq689wyjfpiij4txtdo,29F253F693858918AC4477F86D74DE352491EB0E0B45B3885D54C31B4DEF4771,187292279447,187492504304,200224857,
nano,nano-serial,nano_3e3j5tkog48pnny9dmfzj1r16pg8t1e76dz5tmac6iq689wyjfpiij4txtdo,498,nano_3e3j5tkog48pnny9dmfzj1r16pg8t1e76dz5tmac6iq689wyjfpiij4txtdo,5E0DBD362E8051E767F03530A64A59B82E426B9B0542D55C7AD90845DCAE506D,187492512436,187692802289,200289853,
nano,nano-serial,nano_3e3j5tkog48pnny9dmfzj1r16pg8t1e76dz5tmac6iq689wyjfpiij4txtdo,499,nano_3e3j5tkog48pnny9dmfzj1r16pg8t1e76dz5tmac6iq689wyjfpiij4txtdo,DEA8C0548D8D2992264097AE3F879D4C27BB05F91A4DF35E2DBC461CE40CB01D,187692810571,187893164588,200354017,
nano,nano-serial,nano_3e3j5tkog48pnny9dmfzj1r16pg8t1e76dz5tmac6iq689wyjfpiij4txtdo,500,nano_3e3j5tkog48pnny9dmfzj1r16pg8t1e76dz5tmac6iq689wyjfpiij4txtdo,237C8326AD9AC7EE12A7B7506F99C200D281CA926C3EDA8AB57669C0FFB5C440,187893173061,188093350788,200177727,
nano,nano-serial,nano_3e3j5tkog48pnny9dmfzj1r16pg8t1e76dz5tmac6iq689wyjfpiij4txtdo,501,nano_3e3j5tkog48pnny9dmfzj1r16pg8t1e76dz5tmac6iq689wyjfpiij4txtdo,65051EBF9DD1FB2EE376467A6D7D662C0974E8D057499A9AC800B2C4A79D9FFF,188093359191,188293692147,200332956,
nano,nano-serial,nano_3e3j5tkog48pnny9dmfzj1r16pg8t1e76dz5tmac6iq689wyjfpiij4txtdo,502,nano_3e3j5tkog48pnny9dmfzj1r16pg8t1e76dz5tmac6iq689wyjfpiij4txtdo,71FAB15A4A3D12401D38C879B7EF1B62965719C7D78D2B94CC390C1717BBB0B1,188293700870,188493926006,200225136,
nano,nano-serial,nano_3e3j5tkog48pnny9dmfzj1r16pg8t1e76dz5tmac6iq689wyjfpiij4txtdo,503,nano_3e3j5tkog48pnny9dmfzj1r16pg8t1e76dz5tmac6iq689wyjfpiij4txtdo,28921874EF27AE0F397AA40BC28F91068AA17ABDDEBA985CAAEFFEABC9289815,188493933988,188694186676,200252688,
nano,nano-serial,nano_3e3j5tkog48pnny9dmfzj1r16pg8t1e76dz5tmac6iq689wyjfpiij4txtdo,504,nano_3e3j5tkog48pnny9dmfzj1r16pg8t1e76dz5tmac6iq689wyjfpiij4txtdo,6CDD961E0C2FF26008E9784B905376F03DABDFEF2E77DB4D270A073B15A957A9,188694194788,188894501196,200306408,
nano,nano-serial,nano_3e3j5tkog48pnny9dmfzj1r16pg8t1e76dz5tmac6iq689wyjfpiij4txtdo,505,nano_3e3j5tkog48pnny9dmfzj1r16pg8t1e76dz5tmac6iq689wyjfpiij4txtdo,BEA563AF6F40E306DE67A738E7F8A98CB405F4C4D0CE22AF4295DF78F6F064B9,188894509949,189094803426,200293477,
nano,nano-serial,nano_3e3j5tkog48pnny9dmfzj1r16pg8t1e76dz5tmac6iq689wyjfpiij4txtdo,506,nano_3e3j5tkog48pnny9dmfzj1r16pg8t1e76dz5tmac6iq689wyjfpiij4txtdo,DAC7917205F08CC333CF19465992676F2162CA79567635E53A64636B4D314ACE,189094811608,189295100299,200288691,
nano,nano-serial,nano_3e3j5tkog48pnny9dmfzj1r16pg8t1e76dz5tmac6iq689wyjfpiij4txtdo,507,nano_3e3j5tkog48pnny9dmfzj1r16pg8t1e76dz5tmac6iq689wyjfpiij4txtdo,2AB54A9C91B15702D808592D52954CF65F021FAA3CE16AEB86670B5C07C8FF54,189295108141,189495444822,200336681,
nano,nano-serial,nano_3e3j5tkog48pnny9dmfzj1r16pg8t1e76dz5tmac6iq689wyjfpiij4txtdo,508,nano_3e3j5tkog48pnny9dmfzj1r16pg8t1e76dz5tmac6iq689wyjfpiij4txtdo,203F010D819D37DC92077D2C987936E2E8659CA4C93CF4B38D2187159A4B0637,189495455258,189695721015,200265757,
nano,nano-serial,nano_3e3j5tkog48pnny9dmfzj1r16pg8t1e76dz5tmac6iq689wyjfpiij4txtdo,509,nano_3e3j5tkog48pnny9dmfzj1r16pg8t1e76dz5tmac6iq689wyjfpiij4txtdo,F911613C2A8805C1AA568AEA3B912028CDC180B47F58B41E544D13778B252DCC,189695729407,189896087781,200358374,
nano,nano-serial,nano_3e3j5tkog48pnny9dmfzj1r16pg8t1e76dz5tmac6iq689wyjfpiij4txtdo,510,nano_3e3j5tkog48pnny9dmfzj1r16pg8t1e76dz5tmac6iq689wyjfpiij4txtdo,697E70B9FEEA885A959BCA775A183200B1D4F143252B9AAB136197384041D9A4,189896095543,190096410482,200314939,
nano,nano-serial,nano_3e3j5tkog48pnny9dmfzj1r16pg8t1e76dz5tmac6iq689wyjfpiij4txtdo,511,nano_3e3j5tkog48pnny9dmfzj1r16pg8t1e76dz5tmac6iq689wyjfpiij4txtdo,7A91A80798F526317B10F1B2263D29FE6052F7F3BCA90526A6F5D4E82376F61E,190096429290,190296829776,200400486,
nano,nano-serial,nano_3e3j5tkog48pnny9dmfzj1r16pg8t1e76dz5tmac6iq689wyjfpiij4txtdo,512,nano_3e3j5tkog48pnny9dmfzj1r16pg8t1e76dz5tmac6iq689wyjfpiij4txtdo,731C6AE2638896E4AC85FC2A20C11BA0B497AB2CF4651C1F9DA69ABD6BBCF282,190296867391,190496759226,199891835,
nano,nano-serial,nano_3e3j5tkog48pnny9dmfzj1r16pg8t1e76dz5tmac6iq689wyjfpiij4txtdo,513,nano_3e3j5tkog48pnny9dmfzj1r16pg8t1e76dz5tmac6iq689wyjfpiij4txtdo,1E1E6921106AF5D3130F3C89C13CA351E6F69013525A74F3BC3B1183FA74CDF9,190496796982,190697154333,200357351,
nano,nano-serial,nano_3e3j5tkog48pnny9dmfzj1r16pg8t1e76dz5tmac6iq689wyjfpiij4txtdo,514,nano_3e3j5tkog48pnny9dmfzj1r16pg8t1e76dz5tmac6iq689wyjfpiij4txtdo,6E4AA7A612A53179435361EE0113F459E891AA3D8003F67D68303092D6A4E897,190697168024,190897419861,200251837,
nano,nano-serial,nano_3e3j5tkog48pnny9dmfzj1r16pg8t1e76dz5tmac6iq689wyjfpiij4txtdo,515,nano_3e3j5tkog48pnny9dmfzj1r16pg8t1e76dz5tmac6iq689wyjfpiij4txtdo,12F6B95A156999BC771ED19EAEEF4B6ABEA0E439CFB99C8D49AB4F44558ECF98,190897433561,191097660581,200227020,
nano,nano-serial,nano_3e3j5tkog48pnny9dmfzj1r16pg8t1e76dz5tmac6iq689wyjfpiij4txtdo,516,nano_3e3j5tkog48pnny9dmfzj1r16pg8t1e76dz5tmac6iq689wyjfpiij4txtdo,94F24B01D9AB1190B5035A4C853ABC7995250BD9D9771983F9B9E2E1ACD81A43,191097673830,191298031782,200357952,
nano,nano-serial,nano_3e3j5tkog48pnny9dmfzj1r16pg8t1e76dz5tmac6iq689wyjfpiij4txtdo,517,nano_3e3j5tkog48pnny9dmfzj1r16pg8t1e76dz5tmac6iq689wyjfpiij4txtdo,1D0A3CA0500458F72A44A7D8AC6020FC8BF1735FC4396D17E710C6F0AA589374,191298045563,191498254656,200209093,
nano,nano-serial,nano_3e3j5tkog48pnny9dmfzj1r16pg8t1e76dz5tmac6iq689wyjfpiij4txtdo,518,nano_3e3j5tkog48pnny9dmfzj1r16pg8t1e76dz5tmac6iq689wyjfpiij4txtdo,03F5722E6E6CE101A7C1F94FA50872141EE45CD7B70117A01F0CDAEBB30E3681,191498268456,191698486573,200218117,
nano,nano-serial,nano_3e3j5tkog48pnny9dmfzj1r16pg8t1e76dz5tmac6iq689wyjfpiij4txtdo,519,nano_3e3j5tkog48pnny9dmfzj1r16pg8t1e76dz5tmac6iq689wyjfpiij4txtdo,082606B00789995A83E397D09E3EBC633B2C66727EE03FE13FC988796DF08A80,191698498821,191898855243,200356422,
nano,nano-serial,nano_3e3j5tkog48pnny9dmfzj1r16pg8t1e76dz5tmac6iq689wyjfpiij4txtdo,520,nano_3e3j5tkog48pnny9dmfzj1r16pg8t1e76dz5tmac6iq689wyjfpiij4txtdo,CD8A5A6FC50F2184D50944E52A326100153F249EE91D3A9FB13D71C6CAA1CA50,191898867360,192099154319,200286959,
nano,nano-serial,nano_3e3j5tkog48pnny9dmfzj1r16pg8t1e76dz5tmac6iq689wyjfpiij4txtdo,521,nano_3e3j5tkog48pnny9dmfzj1r16pg8t1e76dz5tmac6iq689wyjfpiij4txtdo,C5AA740E130643F11001A5604D147BEE98C87D01ABC9283AB416EC670FD81C27,192099167799,192299452954,200285155,
nano,nano-serial,nano_3e3j5tkog48pnny9dmfzj1r16pg8t1e76dz5tmac6iq689wyjfpiij4txtdo,522,nano_3e3j5tkog48pnny9dmfzj1r16pg8t1e76dz5tmac6iq689wyjfpiij4txtdo,6C416C58E545537226594705CAA0728FD115ED24B87B6D22D9F2D1DD74B1992B,192299465663,192499676459,200210796,
nano,nano-serial,nano_3e3j5tkog48pnny9dmfzj1r16pg8t1e76dz5tmac6iq689wyjfpiij4txtdo,523,nano_3e3j5tkog48pnny9dmfzj1r16pg8t1e76dz5tmac6iq689wyjfpiij4txtdo,7DFB5DF519CA50E75146C96A76D1D048DC7E5CC6D74BCCF46C02A856901758C2,192499689458,192699935296,200245838,
nano,nano-serial,nano_3e3j5tkog48pnny9dmfzj1r16pg8t1e76dz5tmac6iq689wyjfpiij4txtdo,524,nano_3e3j5tkog48pnny9dmfzj1r16pg8t1e76dz5tmac6iq689wyjfpiij4txtdo,03286532FCE5337A06C80E1BE0E3391D20ED0112A5C2DDEA1843C44790A57345,192699950919,192900274831,200323912,
nano,nano-serial,nano_3e3j5tkog48pnny9dmfzj1r16pg8t1e76dz5tmac6iq689wyjfpiij4txtdo,525,nano_3e3j5tkog48pnny9dmfzj1r16pg8t1e76dz5tmac6iq689wyjfpiij4txtdo,3D0ED0D20734CC69A6315C1061AA98D55F07F6152B9AEDD3BBC73F2FDD6BCA0F,192900288522,193100488632,200200110,
nano,nano-serial,nano_3e3j5tkog48pnny9dmfzj1r16pg8t1e76dz5tmac6iq689wyjfpiij4txtdo,526,nano_3e3j5tkog48pnny9dmfzj1r16pg8t1e76dz5tmac6iq689wyjfpiij4txtdo,3F149414FD6B7EAEBF08074DC08365D2ED615195AF5025DA99660138D4856C95,193100502212,193300781189,200278977,
nano,nano-serial,nano_3e3j5tkog48pnny9dmfzj1r16pg8t1e76dz5tmac6iq689wyjfpiij4txtdo,527,nano_3e3j5tkog48pnny9dmfzj1r16pg8t1e76dz5tmac6iq689wyjfpiij4txtdo,4380F7D1F5066C8FE29F9A3B33EFF9E014EFB71378C624C22793970FB357A332,193300795180,193501154856,200359676,
nano,nano-serial,nano_3e3j5tkog48pnny9dmfzj1r16pg8t1e76dz5tmac6iq689wyjfpiij4txtdo,528,nano_3e3j5tkog48pnny9dmfzj1r16pg8t1e76dz5tmac6iq689wyjfpiij4txtdo,095DE9843F32762BC4F48E1C3CB38BBAE9FB73DA8A7CB1E3D5ECE06B31A0F251,193501169337,193701317511,200148174,
nano,nano-serial,nano_3e3j5tkog48pnny9dmfzj1r16pg8t1e76dz5tmac6iq689wyjfpiij4txtdo,529,nano_3e3j5tkog48pnny9dmfzj1r16pg8t1e76dz5tmac6iq689wyjfpiij4txtdo,3FBE98FD231E5DE03F580A6FEEAF9A459A75C081609A3D8C05C63F090059A079,193701330540,193901659991,200329451,
nano,nano-serial,nano_3e3j5tkog48pnny9dmfzj1r16pg8t1e76dz5tmac6iq689wyjfpiij4txtdo,530,nano_3e3j5tkog48pnny9dmfzj1r16pg8t1e76dz5tmac6iq689wyjfpiij4txtdo,7140F9237C2E21BD3F8B2284BC73BFCAAD250C38B54CE58F309535D0066D7569,193901671869,194101832821,200160952,
nano,nano-serial,nano_3e3j5tkog48pnny9dmfzj1r16pg8t1e76dz5tmac6iq689wyjfpiij4txtdo,531,nano_3e3j5tkog48pnny9dmfzj1r16pg8t1e76dz5tmac6iq689wyjfpiij4txtdo,5747C7F3A49794B8106D188B8D41700FA45B08040E137532D5738A05D0387390,194101853131,194302286236,200433105,
nano,nano-serial,nano_3e3j5tkog48pnny9dmfzj1r16pg8t1e76dz5tmac6iq689wyjfpiij4txtdo,532,nano_3e3j5tkog48pnny9dmfzj1r16pg8t1e76dz5tmac6iq689wyjfpiij4txtdo,3EB35132D1C7CFB299D71F2D62EC6964C02C3ED3BF916DB585BE07107FA34D14,194302299175,194502509871,200210696,
nano,nano-serial,nano_3e3j5tkog48pnny9dmfzj1r16pg8t1e76dz5tmac6iq689wyjfpiij4txtdo,533,nano_3e3j5tkog48pnny9dmfzj1r16pg8t1e76dz5tmac6iq689wyjfpiij4txtdo,D0034A4220AF1AD3EEF6E7BCFF14A92CBA114AD92EFE0EB5978E4972DDEDD594,194502525494,194702732243,200206749,
nano,nano-serial,nano_3e3j5tkog48pnny9dmfzj1r16pg8t1e76dz5tmac6iq689wyjfpiij4txtdo,534,nano_3e3j5tkog48pnny9dmfzj1r16pg8t1e76dz5tmac6iq689wyjfpiij4txtdo,7903EEAC069E525AE81DE5F369B8176D1663BD6898B36786F7169D36EBC71E54,194702744982,194903075114,200330132,
nano,nano-serial,nano_3e3j5tkog48pnny9dmfzj1r16pg8t1e76dz5tmac6iq689wyjfpiij4txtdo,535,nano_3e3j5tkog48pnny9dmfzj1r16pg8t1e76dz5tmac6iq689wyjfpiij4txtdo,2F1793DB738A84A9160D4C9BD4AD3D291121AE43BEFB6609B4DCBC5B550EEBA6,194903088113,195103421180,200333067,
nano,nano-serial,nano_3e3j5tkog48pnny9dmfzj1r16pg8t1e76dz5tmac6iq689wyjfpiij4txtdo,536,nano_3e3j5tkog48pnny9dmfzj1r16pg8t1e76dz5tmac6iq689wyjfpiij4txtdo,727FFD4F4E4191D22F586A6061E1192C4B95E85D2CAB3C0A20F56A333D7FD39A,195103433978,195303720958,200286980,
nano,nano-serial,nano_3e3j5tkog48pnny9dmfzj1r16pg8t1e76dz5tmac6iq689wyjfpiij4txtdo,537,nano_3e3j5tkog48pnny9dmfzj1r16pg8t1e76dz5tmac6iq689wyjfpiij4txtdo,2F407A04928DB5F2FB6CB04B1DAF61762620CD5F14F18820B565614CAB2C2A71,195303734338,195504059850,200325512,
nano,nano-serial,nano_3e3j5tkog48pnny9dmfzj1r16pg8t1e76dz5tmac6iq689wyjfpiij4txtdo,538,nano_3e3j5tkog48pnny9dmfzj1r16pg8t1e76dz5tmac6iq689wyjfpiij4txtdo,B30469BC726E1633D8F22B8DC4798940E3D300005BBA3026CFF65D7B9052C0AB,195504075023,195704274424,200199401,
nano,nano-serial,nano_3e3j5tkog48pnny9dmfzj1r16pg8t1e76dz5tmac6iq689wyjfpiij4txtdo,539,nano_3e3j5tkog48pnny9dmfzj1r16pg8t1e76dz5tmac6iq689wyjfpiij4txtdo,B090C2C8A7A96234AD0FD7EB83EF5C21F363ADF342383957F58E32119797E3AF,195704287523,195904712697,200425174,
nano,nano-serial,nano_3e3j5tkog48pnny9dmfzj1r16pg8t1e76dz5tmac6iq689wyjfpiij4txtdo,540,nano_3e3j5tkog48pnny9dmfzj1r16pg8t1e76dz5tmac6iq689wyjfpiij4txtdo,B68FCC16F28A09CE8081A547C1A2FEFCAB965E0125B2A399A5D0AFE649165209,195904726268,196104910094,200183826,
nano,nano-serial,nano_3e3j5tkog48pnny9dmfzj1r16pg8t1e76dz5tmac6iq689wyjfpiij4txtdo,541,nano_3e3j5tkog48pnny9dmfzj1r16pg8t1e76dz5tmac6iq689wyjfpiij4txtdo,9B989D99E2DD1908A236F017E0CB4013F7DA5FC2C1610BDF0F2C633DD21A2B6A,196104923474,196305234250,200310776,
nano,nano-serial,nano_3e3j5tkog48pnny9dmfzj1r16pg8t1e76dz5tmac6iq689wyjfpiij4txtdo,542,nano_3e3j5tkog48pnny9dmfzj1r16pg8t1e76dz5tmac6iq689wyjfpiij4txtdo,8EBFA25F6C2A5923119391AE87D550054B36A6DC9375B7FC877BEE79E6E15761,196305248481,196505575620,200327139,
nano,nano-serial,nano_3e3j5tkog48pnny9dmfzj1r16pg8t1e76dz5tmac6iq689wyjfpiij4txtdo,543,nano_3e3j5tkog48pnny9dmfzj1r16pg8t1e76dz5tmac6iq689wyjfpiij4txtdo,BA5B0EF1E5087BEE4170B00F0DE019ECC9498F3F01A1E9B593E080AE09580EE0,196505586075,196705772265,200186190,
nano,nano-serial,nano_3e3j5tkog48pnny9dmfzj1r16pg8t1e76dz5tmac6iq689wyjfpiij4txtdo,544,nano_3e3j5tkog48pnny9dmfzj1r16pg8t1e76dz5tmac6iq689wyjfpiij4txtdo,055B3235E00B7E57ED7E22CFD537A81DBA84A1CCF802AF09078EB229BF5BBE8D,196705784112,196906175919,200391807,
nano,nano-serial,nano_3e3j5tkog48pnny9dmfzj1r16pg8t1e76dz5tmac6iq689wyjfpiij4txtdo,545,nano_3e3j5tkog48pnny9dmfzj1r16pg8t1e76dz5tmac6iq689wyjfpiij4txtdo,55E3E9817104931F5A70826BEC0C2E5177A13B1F7BFDD95FC921D1A6CC0B3574,196906189679,197106451200,200261521,
nano,nano-serial,nano_3e3j5tkog48pnny9dmfzj1r16pg8t1e76dz5tmac6iq689wyjfpiij4txtdo,546,nano_3e3j5tkog48pnny9dmfzj1r16pg8t1e76dz5tmac6iq689wyjfpiij4txtdo,AB9189F72380546ACFB440054C4EE53D3135E771BC78BAC2CD268491B722BB58,197106465031,197306765691,200300660,
nano,nano-serial,nano_3e3j5tkog48pnny9dmfzj1r16pg8t1e76dz5tmac6iq689wyjfpiij4txtdo,547,nano_3e3j5tkog48pnny9dmfzj1r16pg8t1e76dz5tmac6iq689wyjfpiij4txtdo,F966E1372B071A43492D444E09CA633D81163926E0B2D71D545BA08A8FC18566,197306780664,197507115004,200334340,
nano,nano-serial,nano_3e3j5tkog48pnny9dmfzj1r16pg8t1e76dz5tmac6iq689wyjfpiij4txtdo,548,nano_3e3j5tkog48pnny9dmfzj1r16pg8t1e76dz5tmac6iq689wyjfpiij4txtdo,8BD15BE59C90F3693FD11B628DAF317B222AC5CC156C59FD3E9132D1D6D348F8,197507128914,197707354734,200225820,
nano,nano-serial,nano_3e3j5tkog48pnny9dmfzj1r16pg8t1e76dz5tmac6iq689wyjfpiij4txtdo,549,nano_3e3j5tkog48pnny9dmfzj1r16pg8t1e76dz5tmac6iq689wyjfpiij4txtdo,6B517170FFE0B028C0642C54678C35D91FCEF467CE6048F0CF0905FB8FE56D68,197707367733,197907760148,200392415,
nano,nano-serial,nano_3e3j5tkog48pnny9dmfzj1r16pg8t1e76dz5tmac6iq689wyjfpiij4txtdo,550,nano_3e3j5tkog48pnny9dmfzj1r16pg8t1e76dz5tmac6iq689wyjfpiij4txtdo,43FFB3D81C773A3B17F3D81767FB120DF13BFC1865B382CC23AB5D60155FE632,197907775181,198107979969,200204788,
nano,nano-serial,nano_3e3j5tkog48pnny9dmfzj1r16pg8t1e76dz5tmac6iq689wyjfpiij4txtdo,551,nano_3e3j5tkog48pnny9dmfzj1r16pg8t1e76dz5tmac6iq689wyjfpiij4txtdo,975962D591E3FFE41C72BAA79E942B2CDB06DA52FDAB06634F025116DFD040BA,198107994050,198308261051,200267001,
nano,nano-serial,nano_3e3j5tkog48pnny9dmfzj1r16pg8t1e76dz5tmac6iq689wyjfpiij4txtdo,552,nano_3e3j5tkog48pnny9dmfzj1r16pg8t1e76dz5tmac6iq689wyjfpiij4txtdo,F7B99EA6CC486C35BCB7AA6A8ECFD41BA5EDEECCF4766C0AFCA5D68B144731EB,198308274651,198508566687,200292036,
nano,nano-serial,nano_3e3j5tkog48pnny9dmfzj1r16pg8t1e76dz5tmac6iq689wyjfpiij4txtdo,553,nano_3e3j5tkog48pnny9dmfzj1r16pg8t1e76dz5tmac6iq689wyjfpiij4txtdo,A29F56C07BFC743ECA9D13649AF07D73200002328C79C2F2FF638BA958402A03,198508581008,198708791615,200210607,
nano,nano-serial,nano_3e3j5tkog48pnny9dmfzj1r16pg8t1e76dz5tmac6iq689wyjfpiij4txtdo,554,nano_3e3j5tkog48pnny9dmfzj1r16pg8t1e76dz5tmac6iq689wyjfpiij4txtdo,61C3CF5657441F0A6A1F5DF6683E9DA229457B4393D8139740450648E41006C2,198708804564,198909139295,200334731,
nano,nano-serial,nano_3e3j5tkog48pnny9dmfzj1r16pg8t1e76dz5tmac6iq689wyjfpiij4txtdo,555,nano_3e3j5tkog48pnny9dmfzj1r16pg8t1e76dz5tmac6iq689wyjfpiij4txtdo,5D4EC5F12923DC7FC41AAAE9D5BC7CBB756E2A6D493F2F64DC247A2D5E9D7A7D,198909153185,199109391183,200237998,
nano,nano-serial,nano_3e3j5tkog48pnny9dmfzj1r16pg8t1e76dz5tmac6iq689wyjfpiij4txtdo,556,nano_3e3j5tkog48pnny9dmfzj1r16pg8t1e76dz5tmac6iq689wyjfpiij4txtdo,B039594EC313CD5A70F6F02DBD169985C0D55EE0355864A4E1F3CA4060119AD0,199109405284,199309719404,200314120,
nano,nano-serial,nano_3e3j5tkog48pnny9dmfzj1r16pg8t1e76dz5tmac6iq689wyjfpiij4txtdo,557,nano_3e3j5tkog48pnny9dmfzj1r16pg8t1e76dz5tmac6iq689wyjfpiij4txtdo,78A1F325D23925DCED48936DB2B5CC7CA5D4D9187FABF6ED2CAA7E229C2D0DAE,199309745813,199510042147,200296334,
nano,nano-serial,nano_3e3j5tkog48pnny9dmfzj1r16pg8t1e76dz5tmac6iq689wyjfpiij4txtdo,558,nano_3e3j5tkog48pnny9dmfzj1r16pg8t1e76dz5tmac6iq689wyjfpiij4txtdo,CC4F31D9680D017596168C602F66396DE26CC25A2418D94DC9662975792CD103,199510055927,199710244912,200188985,
nano,nano-serial,nano_3e3j5tkog48pnny9dmfzj1r16pg8t1e76dz5tmac6iq689wyjfpiij4txtdo,559,nano_3e3j5tkog48pnny9dmfzj1r16pg8t1e76dz5tmac6iq689wyjfpiij4txtdo,87A9005501547047A60A1F5D5CBB342A96E32827B6F8B0BDC78CDC68F96E80D6,199710256880,199910709395,200452515,
nano,nano-serial,nano_3e3j5tkog48pnny9dmfzj1r16pg8t1e76dz5tmac6iq689wyjfpiij4txtdo,560,nano_3e3j5tkog48pnny9dmfzj1r16pg8t1e76dz5tmac6iq689wyjfpiij4txtdo,A0D2DD6A4C1C8B7DA3E245A87F4DF025FFAD62298077A1D741A2504E217149B2,199910723596,200110833525,200109929,
nano,nano-serial,nano_3e3j5tkog48pnny9dmfzj1r16pg8t1e76dz5tmac6iq689wyjfpiij4txtdo,561,nano_3e3j5tkog48pnny9dmfzj1r16pg8t1e76dz5tmac6iq689wyjfpiij4txtdo,08E4E72917730BA86F75B1D52E64D5EC4246502BD141EF4DDF36F3F1FFDAF578,200110847485,200311194134,200346649,
nano,nano-serial,nano_3e3j5tkog48pnny9dmfzj1r16pg8t1e76dz5tmac6iq689wyjfpiij4txtdo,562,nano_3e3j5tkog48pnny9dmfzj1r16pg8t1e76dz5tmac6iq689wyjfpiij4txtdo,45BD4CF79F8E2F2C7ED308EFFEABB5E00A74669F3209813BF121830F6BC35838,200311207834,200511547281,200339447,
nano,nano-serial,nano_3e3j5tkog48pnny9dmfzj1r16pg8t1e76dz5tmac6iq689wyjfpiij4txtdo,563,nano_3e3j5tkog48pnny9dmfzj1r16pg8t1e76dz5tmac6iq689wyjfpiij4txtdo,4538EDE98EABE4BCFC7F67B8A132202DE51F449BB980488793B9A6DD4168AC1F,200511560360,200711747762,200187402,
nano,nano-serial,nano_3e3j5tkog48pnny9dmfzj1r16pg8t1e76dz5tmac6iq689wyjfpiij4txtdo,564,nano_3e3j5tkog48pnny9dmfzj1r16pg8t1e76dz5tmac6iq689wyjfpiij4txtdo,EA9D0070CEE28712A2297724975DE6620E0C34C839286CEF44AAAE76B949B11F,200711761332,200912155961,200394629,
nano,nano-serial,nano_3e3j5tkog48pnny9dmfzj1r16pg8t1e76dz5tmac6iq689wyjfpiij4txtdo,565,nano_3e3j5tkog48pnny9dmfzj1r16pg8t1e76dz5tmac6iq689wyjfpiij4txtdo,FE1E6AA4471FBFFF3C76F7B717663227656710134F7FE6FF094EE960BFF86537,200912169802,201112426407,200256605,
nano,nano-serial,nano_3e3j5tkog48pnny9dmfzj1r16pg8t1e76dz5tmac6iq689wyjfpiij4txtdo,566,nano_3e3j5tkog48pnny9dmfzj1r16pg8t1e76dz5tmac6iq689wyjfpiij4txtdo,7603F9DC5C1540A8815384F42519EFFC894B66A14F541F9D882998AD0ED7D390,201112439977,201312708590,200268613,
nano,nano-serial,nano_3e3j5tkog48pnny9dmfzj1r16pg8t1e76dz5tmac6iq689wyjfpiij4txtdo,567,nano_3e3j5tkog48pnny9dmfzj1r16pg8t1e76dz5tmac6iq689wyjfpiij4txtdo,9AAC863715640209C0086AFADEB59E7F6AC05BACC7E61A233EFA272117CE94D2,201312722841,201513020096,200297255,
nano,nano-serial,nano_3e3j5tkog48pnny9dmfzj1r16pg8t1e76dz5tmac6iq689wyjfpiij4txtdo,568,nano_3e3j5tkog48pnny9dmfzj1r16pg8t1e76dz5tmac6iq689wyjfpiij4txtdo,0544112CCA79F3D80CBCC3E7C403D4F01417489CA7BF24666D60CB6EC46404AB,201513034007,201713274288,200240281,
nano,nano-serial,nano_3e3j5tkog48pnny9dmfzj1r16pg8t1e76dz5tmac6iq689wyjfpiij4txtdo,569,nano_3e3j5tkog48pnny9dmfzj1r16pg8t1e76dz5tmac6iq689wyjfpiij4txtdo,C55121927720F43AE29FF4496A63060EA715779049CD0C761B82EF01C41E08B0,201713287717,201913568238,200280521,
nano,nano-serial,nano_3e3j5tkog48pnny9dmfzj1r16pg8t1e76dz5tmac6iq689wyjfpiij4txtdo,570,nano_3e3j5tkog48pnny9dmfzj1r16pg8t1e76dz5tmac6iq689wyjfpiij4txtdo,6D9971E1CF63954867CB31373E8C5C301F80C09C021EDD75F2EEF08772950CCD,201913582269,202113946472,200364203,
nano,nano-serial,nano_3e3j5tkog48pnny9dmfzj1r16pg8t1e76dz5tmac6iq689wyjfpiij4txtdo,571,nano_3e3j5tkog48pnny9dmfzj1r16pg8t1e76dz5tmac6iq689wyjfpiij4txtdo,F196694E532D67C291275DBE2D15FFA451665BC7F11D2201342AB3B88CFE9C69,202113959812,202314212561,200252749,
nano,nano-serial,nano_3e3j5tkog48pnny9dmfzj1r16pg8t1e76dz5tmac6iq689wyjfpiij4txtdo,572,nano_3e3j5tkog48pnny9dmfzj1r16pg8t1e76dz5tmac6iq689wyjfpiij4txtdo,B4105A2F0FE3FBA456A33720BDA2BE25D49472D521A7D8AF6D716AFD61787032,202314226462,202514479982,200253520,
nano,nano-serial,nano_3e3j5tkog48pnny9dmfzj1r16pg8t1e76dz5tmac6iq689wyjfpiij4txtdo,573,nano_3e3j5tkog48pnny9dmfzj1r16pg8t1e76dz5tmac6iq689wyjfpiij4txtdo,675C5CFF20C31E9202D1B917D1CD493D78312C6175428D7F02CD1E2775055486,202514494394,202714737599,200243205,
nano,nano-serial,nano_3e3j5tkog48pnny9dmfzj1r16pg8t1e76dz5tmac6iq689wyjfpiij4txtdo,574,nano_3e3j5tkog48pnny9dmfzj1r16pg8t1e76dz5tmac6iq689wyjfpiij4txtdo,6EF0CC457CD14EF89831AAF0005E415320139F492AE43F02B15B979665C4B9E4,202714751439,202915168262,200416823,
nano,nano-serial,nano_3e3j5tkog48pnny9dmfzj1r16pg8t1e76dz5tmac6iq689wyjfpiij4txtdo,575,nano_3e3j5tkog48pnny9dmfzj1r16pg8t1e76dz5tmac6iq689wyjfpiij4txtdo,DB908C29E7C72B46468AD37024B12FE9CA31B28491D16C2B3398AF9DEE395D3B,202915183113,203115442763,200259650,
nano,nano-serial,nano_3e3j5tkog48pnny9dmfzj1r16pg8t1e76dz5tmac6iq689wyjfpiij4txtdo,576,nano_3e3j5tkog48pnny9dmfzj1r16pg8t1e76dz5tmac6iq689wyjfpiij4txtdo,AE5945DD88BC1F779A684F33975F1939154FFF5DE819CF04C2DE4CCF7AB9396F,203115455212,203315702252,200247040,
nano,nano-serial,nano_3e3j5tkog48pnny9dmfzj1r16pg8t1e76dz5tmac6iq689wyjfpiij4txtdo,577,nano_3e3j5tkog48pnny9dmfzj1r16pg8t1e76dz5tmac6iq689wyjfpiij4txtdo,7116D4D7CB539BA8A2BD10CC20DB2AD3A3B135AC123FFBC7A1FBCA2D4D2FEF16,203315716904,203515998328,200281424,
nano,nano-serial,nano_3e3j5tkog48pnny9dmfzj1r16pg8t1e76dz5tmac6iq689wyjfpiij4txtdo,578,nano_3e3j5tkog48pnny9dmfzj1r16pg8t1e76dz5tmac6iq689wyjfpiij4txtdo,1537BEC2849E1833538A951942660EAFCCC4AD8EEA718EE96C7A2E1B60D25AB8,203516030696,203716262157,200231461,
nano,nano-serial,nano_3e3j5tkog48pnny9dmfzj1r16pg8t1e76dz5tmac6iq689wyjfpiij4txtdo,579,nano_3e3j5tkog48pnny9dmfzj1r16pg8t1e76dz5tmac6iq689wyjfpiij4txtdo,322B2EB671733FC0A79E1B77B73FA57EF09C9A3147E0A33D35F482771824CAF7,203716275587,203916655256,200379669,
nano,nano-serial,nano_3e3j5tkog48pnny9dmfzj1r16pg8t1e76dz5tmac6iq689wyjfpiij4txtdo,580,nano_3e3j5tkog48pnny9dmfzj1r16pg8t1e76dz5tmac6iq689wyjfpiij4txtdo,78A36D4CD2DEE947A431AD62238281C7A6DF3A513AD80AF1282BB06526AF5218,203916669107,204116902360,200233253,
nano,nano-serial,nano_3e3j5tkog48pnny9dmfzj1r16pg8t1e76dz5tmac6iq689wyjfpiij4txtdo,581,nano_3e3j5tkog48pnny9dmfzj1r16pg8t1e76dz5tmac6iq689wyjfpiij4txtdo,70640E39A6ADCDCB6F73C4E058F56BA51AD096433CFB8DFDA0748744432FFBF3,204116915609,204317233717,200318108,
nano,nano-serial,nano_3e3j5tkog48pnny9dmfzj1r16pg8t1e76dz5tmac6iq689wyjfpiij4txtdo,582,nano_3e3j5tkog48pnny9dmfzj1r16pg8t1e76dz5tmac6iq689wyjfpiij4txtdo,DA212CC4CBF067DA0840936AC386519B48F5E8C6585ABF8BA593B51CC5F6051C,204317246596,204517622679,200376083,
nano,nano-serial,nano_3e3j5tkog48pnny9dmfzj1r16pg8t1e76dz5tmac6iq689wyjfpiij4txtdo,583,nano_3e3j5tkog48pnny9dmfzj1r16pg8t1e76dz5tmac6iq689wyjfpiij4txtdo,FA7677E3B8ED8EB547D3A561021FFA74AB3A774A466CDCFB1F9E8D9C03D7A91E,204517635608,204717867128,200231520,
nano,nano-serial,nano_3e3j5tkog48pnny9dmfzj1r16pg8t1e76dz5tmac6iq689wyjfpiij4txtdo,584,nano_3e3j5tkog48pnny9dmfzj1r16pg8t1e76dz5tmac6iq689wyjfpiij4txtdo,A2445772A2854BD29FCEA752F0E36E359918DA4126F4ED5003E1AB6445F4A31B,204717881780,204918280557,200398777,
nano,nano-serial,nano_3e3j5tkog48pnny9dmfzj1r16pg8t1e76dz5tmac6iq689wyjfpiij4txtdo,585,nano_3e3j5tkog48pnny9dmfzj1r16pg8t1e76dz5tmac6iq689wyjfpiij4txtdo,E6B432BC1158D2CA59DDADB67CD0859D386D5D3FC95AC1D3A60D68A6F45E2DC1,204918294047,205118425599,200131552,
nano,nano-serial,nano_3e3j5tkog48pnny9dmfzj1r16pg8t1e76dz5tmac6iq689wyjfpiij4txtdo,586,nano_3e3j5tkog48pnny9dmfzj1r16pg8t1e76dz5tmac6iq689wyjfpiij4txtdo,F3DEAB3AF2F3C0BCB08895E2C5D0A06A779B3AED3FC9E68C8E6B5A47CA8D90E7,205118439620,205318828132,200388512,
nano,nano-serial,nano_3e3j5tkog48pnny9dmfzj1r16pg8t1e76dz5tmac6iq689wyjfpiij4txtdo,587,nano_3e3j5tkog48pnny9dmfzj1r16pg8t1e76dz5tmac6iq689wyjfpiij4txtdo,ABC8822F6D82BD6CE41958CA156F1EB36C17D43E7BCF962AA1060CBA437651D1,205318841251,205519027614,200186363,
nano,nano-serial,nano_3e3j5tkog48pnny9dmfzj1r16pg8t1e76dz5tmac6iq689wyjfpiij4txtdo,588,nano_3e3j5tkog48pnny9dmfzj1r16pg8t1e76dz5tmac6iq689wyjfpiij4txtdo,0CA0CDE21EE1190DB90C0EE15E021DB4D267B40462DB9E803C7ED352B15D6DD3,205519041895,205719266185,200224290,
nano,nano-serial,nano_3e3j5tkog48pnny9dmfzj1r16pg8t1e76dz5tmac6iq689wyjfpiij4txtdo,589,nano_3e3j5tkog48pnny9dmfzj1r16pg8t1e76dz5tmac6iq689wyjfpiij4txtdo,602A9C41E3F1B9A9197FC74E2D6F700BD42EA56E33F7A05F4A07E070E7C71E64,205719280516,205919623451,200342935,
nano,nano-serial,nano_3e3j5tkog48pnny9dmfzj1r16pg8t1e76dz5tmac6iq689wyjfpiij4txtdo,590,nano_3e3j5tkog48pnny9dmfzj1r16pg8t1e76dz5tmac6iq689wyjfpiij4txtdo,B10F641B0C59C22B510A63C33B384871738592EFA6E7904C33F1997679B442C4,205919637382,206119815544,200178162,
nano,nano-serial,nano_3e3j5tkog48pnny9dmfzj1r16pg8t1e76dz5tmac6iq689wyjfpiij4txtdo,591,nano_3e3j5tkog48pnny9dmfzj1r16pg8t1e76dz5tmac6iq689wyjfpiij4txtdo,4FFD0D667B0F2CB2E81DAB62ED1A2AB5ED4526EF7D1CA2C58E79F3A982FC2FD5,206119829184,206320214962,200385778,
nano,nano-serial,nano_3e3j5tkog48pnny9dmfzj1r16pg8t1e76dz5tmac6iq689wyjfpiij4txtdo,592,nano_3e3j5tkog48pnny9dmfzj1r16pg8t1e76dz5tmac6iq689wyjfpiij4txtdo,B1887B32FFBC1CAF01B40B98021AF783C4E49A0563476CFE0CF8D716437312AB,206320227520,206520486501,200258981,
nano,nano-serial,nano_3e3j5tkog48pnny9dmfzj1r16pg8t1e76dz5tmac6iq689wyjfpiij4txtdo,593,nano_3e3j5tkog48pnny9dmfzj1r16pg8t1e76dz5tmac6iq689wyjfpiij4txtdo,43D77222CF6DC5260083BA060004F08A543C32969D4341AA12E130ED2B654722,206520499540,206720706874,200207334,
nano,nano-serial,nano_3e3j5tkog48pnny9dmfzj1r16pg8t1e76dz5tmac6iq689wyjfpiij4txtdo,594,nano_3e3j5tkog48pnny9dmfzj1r16pg8t1e76dz5tmac6iq689wyjfpiij4txtdo,8429D49BE10DE6973738BDD030204F4B797DAA67212F7BDB6EEDE2630835E7FF,206720719754,206920968300,200248546,
nano,nano-serial,nano_3e3j5tkog48pnny9dmfzj1r16pg8t1e76dz5tmac6iq689wyjfpiij4txtdo,595,nano_3e3j5tkog48pnny9dmfzj1r16pg8t1e76dz5tmac6iq689wyjfpiij4txtdo,BA38CB44C8B2AB3F8F74F497594DDA01D0AEAE932273408BB1A5D1C305D89B53,206920981679,207121336722,200355043,
nano,nano-serial,nano_3e3j5tkog48pnny9dmfzj1r16pg8t1e76dz5tmac6iq689wyjfpiij4txtdo,596,nano_3e3j5tkog48pnny9dmfzj1r16pg8t1e76dz5tmac6iq689wyjfpiij4txtdo,F6F055D56FD1F9E4F573F0833203706C060627AB9C434AEB1B0A358E6519E6D1,207121350022,207321639518,200289496,
nano,nano-serial,nano_3e3j5tkog48pnny9dmfzj1r16pg8t1e76dz5tmac6iq689wyjfpiij4txtdo,597,nano_3e3j5tkog48pnny9dmfzj1r16pg8t1e76dz5tmac6iq689wyjfpiij4txtdo,E2AD8ED03646A9FB88CA6FEFD1FB9F03A1F84866226E589E998F20E1052DA2C8,207321653739,207521846903,200193164,
nano,nano-serial,nano_3e3j5tkog48pnny9dmfzj1r16pg8t1e76dz5tmac6iq689wyjfpiij4txtdo,598,nano_3e3j5tkog48pnny9dmfzj1r16pg8t1e76dz5tmac6iq689wyjfpiij4txtdo,02717D700026DECBC0D41066DA0DF596772C12A2F74FE47D43E2617077E1B71D,207521860132,207722186052,200325920,
nano,nano-serial,nano_3e3j5tkog48pnny9dmfzj1r16pg8t1e76dz5tmac6iq689wyjfpiij4txtdo,599,nano_3e3j5tkog48pnny9dmfzj1r16pg8t1e76dz5tmac6iq689wyjfpiij4txtdo,2172A26034FB9B98C9E1C7A6797751B1310DFC02AF952CE0556A9E5999AF16F8,207722199872,207922475628,200275756,
nano,nano-serial,nano_3e3j5tkog48pnny9dmfzj1r16pg8t1e76dz5tmac6iq689wyjfpiij4txtdo,600,nano_3e3j5tkog48pnny9dmfzj1r16pg8t1e76dz5tmac6iq689wyjfpiij4txtdo,2FF8BD4E8DBDF2A0C101D2D9378698E82E6D1560A6282063ACD178BEB4D8FEA6,207922490390,208122671484,200181094,
nano,nano-serial,nano_3e3j5tkog48pnny9dmfzj1r16pg8t1e76dz5tmac6iq689wyjfpiij4txtdo,601,nano_3e3j5tkog48pnny9dmfzj1r16pg8t1e76dz5tmac6iq689wyjfpiij4txtdo,99401018721B2B916F136E0E0C5179056B0CC9C20DB519F26E029555733F0EB5,208122685435,208323052185,200366750,
nano,nano-serial,nano_3e3j5tkog48pnny9dmfzj1r16pg8t1e76dz5tmac6iq689wyjfpiij4txtdo,602,nano_3e3j5tkog48pnny9dmfzj1r16pg8t1e76dz5tmac6iq689wyjfpiij4txtdo,339D97AB760CE74D889AA353B520C6B70505002A05BD90CD6BCD88F613D3E0C8,208323064773,208523272419,200207646,
nano,nano-serial,nano_3e3j5tkog48pnny9dmfzj1r16pg8t1e76dz5tmac6iq689wyjfpiij4txtdo,603,nano_3e3j5tkog48pnny9dmfzj1r16pg8t1e76dz5tmac6iq689wyjfpiij4txtdo,ACD7AE3854CD42372F99593864A971E2347FD30EC0354CFC42CE2A75CC28A1B4,208523287251,208723550498,200263247,
nano,nano-serial,nano_3e3j5tkog48pnny9dmfzj1r16pg8t1e76dz5tmac6iq689wyjfpiij4txtdo,604,nano_3e3j5tkog48pnny9dmfzj1r16pg8t1e76dz5tmac6iq689wyjfpiij4txtdo,118C3763EC3D2841AD71FE53816969778CCF8F8C46EEA0A692CB74CB167EA64C,208723564048,208923971859,200407811,
nano,nano-serial,nano_3e3j5tkog48pnny9dmfzj1r16pg8t1e76dz5tmac6iq689wyjfpiij4txtdo,605,nano_3e3j5tkog48pnny9dmfzj1r16pg8t1e76dz5tmac6iq689wyjfpiij4txtdo,A05E7F6566F66DDF81ECB38BD97C6F7A922AEFC65E4060CDDE57AD4F276F6562,208923986290,209124334903,200348613,
nano,nano-serial,nano_3e3j5tkog48pnny9dmfzj1r16pg8t1e76dz5tmac6iq689wyjfpiij4txtdo,606,nano_3e3j5tkog48pnny9dmfzj1r16pg8t1e76dz5tmac6iq689wyjfpiij4txtdo,A7C97475F9EE8B81DCDD1F9DE57C930C436C7BB07774F8B0C02735E1D86D01D9,209124347712,209324532845,200185133,
nano,nano-serial,nano_3e3j5tkog48pnny9dmfzj1r16pg8t1e76dz5tmac6iq689wyjfpiij4txtdo,607,nano_3e3j5tkog48pnny9dmfzj1r16pg8t1e76dz5tmac6iq689wyjfpiij4txtdo,BB839A144A64BED365EFF09B4E690959D83630BF26E0F545660DC80F783E26A1,209324543530,209524817683,200274153,
nano,nano-serial,nano_3e3j5tkog48pnny9dmfzj1r16pg8t1e76dz5tmac6iq689wyjfpiij4txtdo,608,nano_3e3j5tkog48pnny9dmfzj1r16pg8t1e76dz5tmac6iq689wyjfpiij4txtdo,F3EBC83DD07B031B888D825FB0C60FCBA7C6DCC635A553D6BDCB124E7EF389FE,209524829180,209725038407,200209227,
nano,nano-serial,nano_3e3j5tkog48pnny9dmfzj1r16pg8t1e76dz5tmac6iq689wyjfpiij4txtdo,609,nano_3e3j5tkog48pnny9dmfzj1r16pg8t1e76dz5tmac6iq689wyjfpiij4txtdo,A8A2ED3A7DE98AD8C37A6E2EBEB4E3CA6531E16B0A40D7F59416ACA02AC7BCC2,209725052097,209925369184,200317087,
nano,nano-serial,nano_3e3j5tkog48pnny9dmfzj1r16pg8t1e76dz5tmac6iq689wyjfpiij4txtdo,610,nano_3e3j5tkog48pnny9dmfzj1r16pg8t1e76dz5tmac6iq689wyjfpiij4txtdo,B622C272E1BD75E4A98E2751F0462E6FE77527D1BE36B7E322461EE5D7526051,209925383846,210125679921,200296075,
nano,nano-serial,nano_3e3j5tkog48pnny9dmfzj1r16pg8t1e76dz5tmac6iq689wyjfpiij4txtdo,611,nano_3e3j5tkog48pnny9dmfzj1r16pg8t1e76dz5tmac6iq689wyjfpiij4txtdo,3223001B11D56967856AE52BA42550746EFC862338EAE7A8F4A8D995560681FB,210125694422,210326029285,200334863,
nano,nano-serial,nano_3e3j5tkog48pnny9dmfzj1r16pg8t1e76dz5tmac6iq689wyjfpiij4txtdo,612,nano_3e3j5tkog48pnny9dmfzj1r16pg8t1e76dz5tmac6iq689wyjfpiij4txtdo,2DDC06380832C186D22D53ECFE7910E53BA74CC3A7BAD152E3F0CC1DE9040C18,210326042245,210526282477,200240232,
nano,nano-serial,nano_3e3j5tkog48pnny9dmfzj1r16pg8t1e76dz5tmac6iq689wyjfpiij4txtdo,613,nano_3e3j5tkog48pnny9dmfzj1r16pg8t1e76dz5tmac6iq689wyjfpiij4txtdo,C2B4135E60AADE729817023E0221E342077EEE327D61FAAA524E4468B5960418,210526294836,210726519897,200225061,
nano,nano-serial,nano_3e3j5tkog48pnny9dmfzj1r16pg8t1e76dz5tmac6iq689wyjfpiij4txtdo,614,nano_3e3j5tkog48pnny9dmfzj1r16pg8t1e76dz5tmac6iq689wyjfpiij4txtdo,5BF15BC91F8E0E14D97CB10E555856710345406EE75172FDA3965D49C82E94CE,210726532846,210926741532,200208686,
nano,nano-serial,nano_3e3j5tkog48pnny9dmfzj1r16pg8t1e76dz5tmac6iq689wyjfpiij4txtdo,615,nano_3e3j5tkog48pnny9dmfzj1r16pg8t1e76dz5tmac6iq689wyjfpiij4txtdo,A0D9C2D5D5A7501941A03BED0E3E1FD46F9B95965EA3D9A52B4AF087971B1B8C,210926755112,211127045428,200290316,
nano,nano-serial,nano_3e3j5tkog48pnny9dmfzj1r16pg8t1e76dz5tmac6iq689wyjfpiij4txtdo,616,nano_3e3j5tkog48pnny9dmfzj1r16pg8t1e76dz5tmac6iq689wyjfpiij4txtdo,A104559A1FD92FC96A7448FAA05726B0695B6C07619338841646445CE64FB465,211127060761,211327397166,200336405,
nano,nano-serial,nano_3e3j5tkog48pnny9dmfzj1r16pg8t1e76dz5tmac6iq689wyjfpiij4txtdo,617,nano_3e3j5tkog48pnny9dmfzj1r16pg8t1e76dz5tmac6iq689wyjfpiij4txtdo,04B480FBEDFF78D2E4E6A348F51E0ECEEB97B9F316C1904E4AE25C6B4F75A856,211327410386,211527627353,200216967,
nano,nano-serial,nano_3e3j5tkog48pnny9dmfzj1r16pg8t1e76dz5tmac6iq689wyjfpiij4txtdo,618,nano_3e3j5tkog48pnny9dmfzj1r16pg8t1e76dz5tmac6iq689wyjfpiij4txtdo,683980735583A6DCBB71D1CD56B3E8CEECBA2F3AB2E984944AD21F003330B119,211527641294,211727833315,200192021,
nano,nano-serial,nano_3e3j5tkog48pnny9dmfzj1r16pg8t1e76dz5tmac6iq689wyjfpiij4txtdo,619,nano_3e3j5tkog48pnny9dmfzj1r16pg8t1e76dz5tmac6iq689wyjfpiij4txtdo,4B06AFB253F51C8A9D2D18C262D539F9EC4E8E0B993CC86E5B659ECBC31BA4B1,211727846795,211928318900,200472105,
nano,nano-serial,nano_3e3j5tkog48pnny9dmfzj1r16pg8t1e76dz5tmac6iq689wyjfpiij4txtdo,620,nano_3e3j5tkog48pnny9dmfzj1r16pg8t1e76dz5tmac6iq689wyjfpiij4txtdo,EB7625F551D3563F39AC1CB915926AD2D3119536232C700742A19C5FD093E813,211928332019,212128406786,200074767,
nano,nano-serial,nano_3e3j5tkog48pnny9dmfzj1r16pg8t1e76dz5tmac6iq689wyjfpiij4txtdo,621,nano_3e3j5tkog48pnny9dmfzj1r16pg8t1e76dz5tmac6iq689wyjfpiij4txtdo,5B126A76DDB837B7F40BD5DB01D860DE6BC3BEFB03F225332153A83526DB35A2,212128419555,212328782638,200363083,
nano,nano-serial,nano_3e3j5tkog48pnny9dmfzj1r16pg8t1e76dz5tmac6iq689wyjfpiij4txtdo,622,nano_3e3j5tkog48pnny9dmfzj1r16pg8t1e76dz5tmac6iq689wyjfpiij4txtdo,AA1E9DCD78838DEA4B2E1C4868CAE04CF54621582E9260EF0585196225A0CF05,212328795807,212529075829,200280022,
nano,nano-serial,nano_3e3j5tkog48pnny9dmfzj1r16pg8t1e76dz5tmac6iq689wyjfpiij4txtdo,623,nano_3e3j5tkog48pnny9dmfzj1r16pg8t1e76dz5tmac6iq689wyjfpiij4txtdo,4E5DF6D1B697296D4A1E3DC41198C734CD8E148F044EE27EDCA464E6467D3A22,212529089549,212729230844,200141295,
nano,nano-serial,nano_3e3j5tkog48pnny9dmfzj1r16pg8t1e76dz5tmac6iq689wyjfpiij4txtdo,624,nano_3e3j5tkog48pnny9dmfzj1r16pg8t1e76dz5tmac6iq689wyjfpiij4txtdo,71E64383E5EA83FD62BCD49111D211AC16BD5E49549F112A21AF5457FCD819A0,212729244514,212929564535,200320021,
nano,nano-serial,nano_3e3j5tkog48pnny9dmfzj1r16pg8t1e76dz5tmac6iq689wyjfpiij4txtdo,625,nano_3e3j5tkog48pnny9dmfzj1r16pg8t1e76dz5tmac6iq689wyjfpiij4txtdo,BF91D6276151627136BD49A6AEEF2964420912CCE25AFADAF34339AD5642D3C4,212929578355,213129958162,200379807,
nano,nano-serial,nano_3e3j5tkog48pnny9dmfzj1r16pg8t1e76dz5tmac6iq689wyjfpiij4txtdo,626,nano_3e3j5tkog48pnny9dmfzj1r16pg8t1e76dz5tmac6iq689wyjfpiij4txtdo,83F83748633F32B79630BAA22CD98A57EBA80B607C85C03EB22ED680DA38BD9F,213129971872,213330147689,200175817,
nano,nano-serial,nano_3e3j5tkog48pnny9dmfzj1r16pg8t1e76dz5tmac6iq689wyjfpiij4txtdo,627,nano_3e3j5tkog48pnny9dmfzj1r16pg8t1e76dz5tmac6iq689wyjfpiij4txtdo,4AF734D5D59517486CEEE8E5BE53FF974B02999433EECFE31A50022033B1B66A,213330161199,213530567186,200405987,
nano,nano-serial,nano_3e3j5tkog48pnny9dmfzj1r16pg8t1e76dz5tmac6iq689wyjfpiij4txtdo,628,nano_3e3j5tkog48pnny9dmfzj1r16pg8t1e76dz5tmac6iq689wyjfpiij4txtdo,9CE39614F067C305E8DFEE741B73344365CE9829A37457132A66EAA247368608,213530581387,213730652620,200071233,
nano,nano-serial,nano_3e3j5tkog48pnny9dmfzj1r16pg8t1e76dz5tmac6iq689wyjfpiij4txtdo,629,nano_3e3j5tkog48pnny9dmfzj1r16pg8t1e76dz5tmac6iq689wyjfpiij4txtdo,C6BE2194ACDB4288C2C89B7D460BD1B9AAA1ADAEF3B65352318C991459B4131C,213730665779,213930978037,200312258,
nano,nano-serial,nano_3e3j5tkog48pnny9dmfzj1r16pg8t1e76dz5tmac6iq689wyjfpiij4txtdo,630,nano_3e3j5tkog48pnny9dmfzj1r16pg8t1e76dz5tmac6iq689wyjfpiij4txtdo,44A9F87A1895ADBF7570C3B91887ABCCD8B4F2793DAA4EA25BC1DB7344E9E117,213930991577,214131335501,200343924,
nano,nano-serial,nano_3e3j5tkog48pnny9dmfzj1r16pg8t1e76dz5tmac6iq689wyjfpiij4txtdo,631,nano_3e3j5tkog48pnny9dmfzj1r16pg8t1e76dz5tmac6iq689wyjfpiij4txtdo,C442E86BDA1F9629EAE5D299CDD74194FB69FD0CC4E4A3249BAE0AD286376BBA,214131349392,214331590535,200241143,
nano,nano-serial,nano_3e3j5tkog48pnny9dmfzj1r16pg8t1e76dz5tmac6iq689wyjfpiij4txtdo,632,nano_3e3j5tkog48pnny9dmfzj1r16pg8t1e76dz5tmac6iq689wyjfpiij4txtdo,194758CECE98F0F11F0B014890CF092D57D821E5F268699A50C0AEFAEED69150,214331605467,214531777358,200171891,
nano,nano-serial,nano_3e3j5tkog48pnny9dmfzj1r16pg8t1e76dz5tmac6iq689wyjfpiij4txtdo,633,nano_3e3j5tkog48pnny9dmfzj1r16pg8t1e76dz5tmac6iq689wyjfpiij4txtdo,60F17B63AF4BD62B8CFE0689E16D368EBBA147E6617166E18B578C410129D70E,214531804779,214731992953,200188174,
nano,nano-serial,nano_3e3j5tkog48pnny9dmfzj1r16pg8t1e76dz5tmac6iq689wyjfpiij4txtdo,634,nano_3e3j5tkog48pnny9dmfzj1r16pg8t1e76dz5tmac6iq689wyjfpiij4txtdo,0D72609C908C6712D8D8BACEC5828C76DD589C43FDCFF979BCBA99EEBFA885C6,214732026492,214932267195,200240703,
nano,nano-serial,nano_3e3j5tkog48pnny9dmfzj1r16pg8t1e76dz5tmac6iq689wyjfpiij4txtdo,635,nano_3e3j5tkog48pnny9dmfzj1r16pg8t1e76dz5tmac6iq689wyjfpiij4txtdo,F94D5C81001E740699A259C53CE3B366EB5CEA2E4A1096CD28054D7A7055FE23,214932280795,215132525272,200244477,
nano,nano-serial,nano_3e3j5tkog48pnny9dmfzj1r16pg8t1e76dz5tmac6iq689wyjfpiij4txtdo,636,nano_3e3j5tkog48pnny9dmfzj1r16pg8t1e76dz5tmac6iq689wyjfpiij4txtdo,95F47982324538E75E1405AFC1901417BA93D8DB255EFB615D2CD308262B5279,215132540845,215332824051,200283206,
nano,nano-serial,nano_3e3j5tkog48pnny9dmfzj1r16pg8t1e76dz5tmac6iq689wyjfpiij4txtdo,637,nano_3e3j5tkog48pnny9dmfzj1r16pg8t1e76dz5tmac6iq689wyjfpiij4txtdo,A80781D6A08464F0C1F6ADC378C3409283F7E8F184835489FE5A62A73550010D,215332838702,215533046065,200207363,
nano,nano-serial,nano_3e3j5tkog48pnny9dmfzj1r16pg8t1e76dz5tmac6iq689wyjfpiij4txtdo,638,nano_3e3j5tkog48pnny9dmfzj1r16pg8t1e76dz5tmac6iq689wyjfpiij4txtdo,8645E253061688ECAD535970A30DBE6E415B3E0CDB862493F54D5A1265DA5802,215533061868,215733269000,200207132,
nano,nano-serial,nano_3e3j5tkog48pnny9dmfzj1r16pg8t1e76dz5tmac6iq689wyjfpiij4txtdo,639,nano_3e3j5tkog48pnny9dmfzj1r16pg8t1e76dz5tmac6iq689wyjfpiij4txtdo,665338EFA8649CA24333DEA272D1BBD43B8393F71C0463A26DDAB8B13B4E69ED,215733298895,215933577403,200278508,
nano,nano-serial,nano_3e3j5tkog48pnny9dmfzj1r16pg8t1e76dz5tmac6iq689wyjfpiij4txtdo,640,nano_3e3j5tkog48pnny9dmfzj1r16pg8t1e76dz5tmac6iq689wyjfpiij4txtdo,9F26AF11E861F47EAD080720EEE11E18D437AEF3C8C387F72F4218215A0D66B0,215933634006,216133779137,200145131,
nano,nano-serial,nano_3e3j5tkog48pnny9dmfzj1r16pg8t1e76dz5tmac6iq689wyjfpiij4txtdo,641,nano_3e3j5tkog48pnny9dmfzj1r16pg8t1e76dz5tmac6iq689wyjfpiij4txtdo,158D67A5A5F30C5B9C736B80FBC775C4D02F49B2DE5202B3A3BF2E9AFF10AF91,216133806788,216334066049,200259261,
nano,nano-serial,nano_3e3j5tkog48pnny9dmfzj1r16pg8t1e76dz5tmac6iq689wyjfpiij4txtdo,642,nano_3e3j5tkog48pnny9dmfzj1r16pg8t1e76dz5tmac6iq689wyjfpiij4txtdo,F8952305B4C53020F5A31E5320BCED3FE1E751943439B0672A74F38BC3DABB7A,216334070004,216534258098,200188094,
nano,nano-serial,nano_3e3j5tkog48pnny9dmfzj1r16pg8t1e76dz5tmac6iq689wyjfpiij4txtdo,643,nano_3e3j5tkog48pnny9dmfzj1r16pg8t1e76dz5tmac6iq689wyjfpiij4txtdo,3F14E0A072EAC2038807EC48B917AC424AF5B4047236FD6E45F4C9348CB87E8F,216534262605,216734470780,200208175,
nano,nano-serial,nano_3e3j5tkog48pnny9dmfzj1r16pg8t1e76dz5tmac6iq689wyjfpiij4txtdo,644,nano_3e3j5tkog48pnny9dmfzj1r16pg8t1e76dz5tmac6iq689wyjfpiij4txtdo,EC0F3E3555D30DD95F22F24DFC98EA9E67B5D21D929A2E167790ED9046A24069,216734475126,216934786803,200311677,
nano,nano-serial,nano_3e3j5tkog48pnny9dmfzj1r16pg8t1e76dz5tmac6iq689wyjfpiij4txtdo,645,nano_3e3j5tkog48pnny9dmfzj1r16pg8t1e76dz5tmac6iq689wyjfpiij4txtdo,5EBBB52CB5C0C0EECB977745E2584A3620725EDD277414185ECE06C05860C6CB,216934791400,217135084229,200292829,
nano,nano-serial,nano_3e3j5tkog48pnny9dmfzj1r16pg8t1e76dz5tmac6iq689wyjfpiij4txtdo,646,nano_3e3j5tkog48pnny9dmfzj1r16pg8t1e76dz5tmac6iq689wyjfpiij4txtdo,42941E727A10586FFB2FDB399FA7135E5EFD82727023DB9CD15EF3B9DBDC8018,217135088665,217335341926,200253261,
nano,nano-serial,nano_3e3j5tkog48pnny9dmfzj1r16pg8t1e76dz5tmac6iq689wyjfpiij4txtdo,647,nano_3e3j5tkog48pnny9dmfzj1r16pg8t1e76dz5tmac6iq689wyjfpiij4txtdo,5A85BE636132E2FE9EE30DEB593A3F8E6E9186080D88FE31EFDDDAEBE303EED2,217335346713,217535471004,200124291,
nano,nano-serial,nano_3e3j5tkog48pnny9dmfzj1r16pg8t1e76dz5tmac6iq689wyjfpiij4txtdo,648,nano_3e3j5tkog48pnny9dmfzj1r16pg8t1e76dz5tmac6iq689wyjfpiij4txtdo,68C587675E90FEA3E2105D0D95ACBC3D13F8DF0C4026F7AEC3D8F13BE8128184,217535475360,217735677326,200201966,
nano,nano-serial,nano_3e3j5tkog48pnny9dmfzj1r16pg8t1e76dz5tmac6iq689wyjfpiij4txtdo,649,nano_3e3j5tkog48pnny9dmfzj1r16pg8t1e76dz5tmac6iq689wyjfpiij4txtdo,845918241CFF2CDB3C4C10E34B7AFFE00C47A12466EE1FAFEDB1E1B54CA04140,217735682163,217936019058,200336895,
nano,nano-serial,nano_3e3j5tkog48pnny9dmfzj1r16pg8t1e76dz5tmac6iq689wyjfpiij4txtdo,650,nano_3e3j5tkog48pnny9dmfzj1r16pg8t1e76dz5tmac6iq689wyjfpiij4txtdo,E3D917CFF1032266EF3CA068EA6BC9F6C06FB66B3313266D49275CEF16B80F35,217936023755,218136193913,200170158,
nano,nano-serial,nano_3e3j5tkog48pnny9dmfzj1r16pg8t1e76dz5tmac6iq689wyjfpiij4txtdo,651,nano_3e3j5tkog48pnny9dmfzj1r16pg8t1e76dz5tmac6iq689wyjfpiij4txtdo,72F6EFCDC480FE1992BE41543AA92550E1E2472BD117A6E6BD7A39E5FFC52090,218136198319,218336495345,200297026,
nano,nano-serial,nano_3e3j5tkog48pnny9dmfzj1r16pg8t1e76dz5tmac6iq689wyjfpiij4txtdo,652,nano_3e3j5tkog48pnny9dmfzj1r16pg8t1e76dz5tmac6iq689wyjfpiij4txtdo,4F0D67723456E83AF512657A24EE66299D61A5691264D477B3398250639CB621,218336499030,218536774094,200275064,
nano,nano-serial,nano_3e3j5tkog48pnny9dmfzj1r16pg8t1e76dz5tmac6iq689wyjfpiij4txtdo,653,nano_3e3j5tkog48pnny9dmfzj1r16pg8t1e76dz5tmac6iq689wyjfpiij4txtdo,9C9FD5A988F10E3680A80A57FA1F12B6723AAB44917078F64E066C033FC3163B,218536778450,218736952194,200173744,
nano,nano-serial,nano_3e3j5tkog48pnny9dmfzj1r16pg8t1e76dz5tmac6iq689wyjfpiij4txtdo,654,nano_3e3j5tkog48pnny9dmfzj1r16pg8t1e76dz5tmac6iq689wyjfpiij4txtdo,442EB93C4F6B646C263A87C2DE52558707E5B5DB82E6A5354FDEF26F5F126056,218736956561,218937259134,200302573,
nano,nano-serial,nano_3e3j5tkog48pnny9dmfzj1r16pg8t1e76dz5tmac6iq689wyjfpiij4txtdo,655,nano_3e3j5tkog48pnny9dmfzj1r16pg8t1e76dz5tmac6iq689wyjfpiij4txtdo,8ED69567F3254AA1BC224C5FE818291FE9E82CEB43EBC64FECED8BC213AD70DD,218937263431,219137571402,200307971,
nano,nano-serial,nano_3e3j5tkog48pnny9dmfzj1r16pg8t1e76dz5tmac6iq689wyjfpiij4txtdo,656,nano_3e3j5tkog48pnny9dmfzj1r16pg8t1e76dz5tmac6iq689wyjfpiij4txtdo,5549943C9F1913778C8EBC82F7696081F372BF561BA462805AE93CB612387BAC,219137576019,219337851813,200275794,
nano,nano-serial,nano_3e3j5tkog48pnny9dmfzj1r16pg8t1e76dz5tmac6iq689wyjfpiij4txtdo,657,nano_3e3j5tkog48pnny9dmfzj1r16pg8t1e76dz5tmac6iq689wyjfpiij4txtdo,AC5F728EA995D274F6C0FCB60E1D28382740657F672806FE2C990159CF3B9CD6,219337856340,219538048161,200191821,
nano,nano-serial,nano_3e3j5tkog48pnny9dmfzj1r16pg8t1e76dz5tmac6iq689wyjfpiij4txtdo,658,nano_3e3j5tkog48pnny9dmfzj1r16pg8t1e76dz5tmac6iq689wyjfpiij4txtdo,E6F569A2CEDF5501E1F9539F8C99BA942CEB2614D4D8DA8FCE419C848F989401,219538052517,219738277300,200224783,
nano,nano-serial,nano_3e3j5tkog48pnny9dmfzj1r16pg8t1e76dz5tmac6iq689wyjfpiij4txtdo,659,nano_3e3j5tkog48pnny9dmfzj1r16pg8t1e76dz5tmac6iq689wyjfpiij4txtdo,DE425D0C73698ED044BC9030660A3A111807ED6509386889662698CFB1DD6654,219738281727,219938551325,200269598,
nano,nano-serial,nano_3e3j5tkog48pnny9dmfzj1r16pg8t1e76dz5tmac6iq689wyjfpiij4txtdo,660,nano_3e3j5tkog48pnny9dmfzj1r16pg8t1e76dz5tmac6iq689wyjfpiij4txtdo,63ADF0350EEB395D85096FD7B11395D541F7460AC89A38082DF25A4911C6F501,219938556262,220138754636,200198374,
nano,nano-serial,nano_3e3j5tkog48pnny9dmfzj1r16pg8t1e76dz5tmac6iq689wyjfpiij4txtdo,661,nano_3e3j5tkog48pnny9dmfzj1r16pg8t1e76dz5tmac6iq689wyjfpiij4txtdo,76A75961C2A9CAA53BBE77ADD3EB65EE34F085F5C2B69F14F16C41DAB7094D76,220138759083,220339074079,200314996,
nano,nano-serial,nano_3e3j5tkog48pnny9dmfzj1r16pg8t1e76dz5tmac6iq689wyjfpiij4txtdo,662,nano_3e3j5tkog48pnny9dmfzj1r16pg8t1e76dz5tmac6iq689wyjfpiij4txtdo,23AAF7CAC899116B57A568F76EB28FE0626FEB7714A9F7F478157F9161D0EB48,220339078706,220539379631,200300925,
nano,nano-serial,nano_3e3j5tkog48pnny9dmfzj1r16pg8t1e76dz5tmac6iq689wyjfpiij4txtdo,663,nano_3e3j5tkog48pnny9dmfzj1r16pg8t1e76dz5tmac6iq689wyjfpiij4txtdo,F4E9B11A932924A5A6C88DF546BD0E69967AF8E3E4DC857B0DBDAFBFE8984CB5,220539384178,220739618435,200234257,
nano,nano-serial,nano_3e3j5tkog48pnny9dmfzj1r16pg8t1e76dz5tmac6iq689wyjfpiij4txtdo,664,nano_3e3j5tkog48pnny9dmfzj1r16pg8t1e76dz5tmac6iq689wyjfpiij4txtdo,F75F75B296695A840C3DFF514EA080BF98E4ACA9C9076C5BCF3A97FAEC56E971,220739623112,220940026007,200402895,
nano,nano-serial,nano_3e3j5tkog48pnny9dmfzj1r16pg8t1e76dz5tmac6iq689wyjfpiij4txtdo,665,nano_3e3j5tkog48pnny9dmfzj1r16pg8t1e76dz5tmac6iq689wyjfpiij4txtdo,1CBD1016A76C763C2A93A068443B93683B8CFF168B7D642659F5B481524E57F4,220940030214,221140281787,200251573,
nano,nano-serial,nano_3e3j5tkog48pnny9dmfzj1r16pg8t1e76dz5tmac6iq689wyjfpiij4txtdo,666,nano_3e3j5tkog48pnny9dmfzj1r16pg8t1e76dz5tmac6iq689wyjfpiij4txtdo,460C38CC000E3F32992747A5478FC93C18D137C51A50F0AA4220863F421F1909,221140285943,221340548041,200262098,
nano,nano-serial,nano_3e3j5tkog48pnny9dmfzj1r16pg8t1e76dz5tmac6iq689wyjfpiij4txtdo,667,nano_3e3j5tkog48pnny9dmfzj1r16pg8t1e76dz5tmac6iq689wyjfpiij4txtdo,6D5EAB4052DF2C7E46685D2D1E1D33B57AB038C147D842918058C98EDD27A0EE,221340552408,221540820394,200267986,
nano,nano-serial,nano_3e3j5tkog48pnny9dmfzj1r16pg8t1e76dz5tmac6iq689wyjfpiij4txtdo,668,nano_3e3j5tkog48pnny9dmfzj1r16pg8t1e76dz5tmac6iq689wyjfpiij4txtdo,BC807D6CBC912AA46DE46B76EC1A202F20B87D95CCB8D9CE9B0F36BB07DFA89D,221540825922,221741141200,200315278,
nano,nano-serial,nano_3e3j5tkog48pnny9dmfzj1r16pg8t1e76dz5tmac6iq689wyjfpiij4txtdo,669,nano_3e3j5tkog48pnny9dmfzj1r16pg8t1e76dz5tmac6iq689wyjfpiij4txtdo,F25EC0C2617CFB24640E9D424093AACB20950936B00473C7CB8D0F3A3262C003,221741147088,221941385460,200238372,
nano,nano-serial,nano_3e3j5tkog48pnny9dmfzj1r16pg8t1e76dz5tmac6iq689wyjfpiij4txtdo,670,nano_3e3j5tkog48pnny9dmfzj1r16pg8t1e76dz5tmac6iq689wyjfpiij4txtdo,CA8BE9B96BF62792D8498A921D22C630B86B3FD769D9A2AF2AD42159F6128D9C,221941390237,222141661369,200271132,
nano,nano-serial,nano_3e3j5tkog48pnny9dmfzj1r16pg8t1e76dz5tmac6iq689wyjfpiij4txtdo,671,nano_3e3j5tkog48pnny9dmfzj1r16pg8t1e76dz5tmac6iq689wyjfpiij4txtdo,ADDCD336BE6EE9B6B382C2E7594ECB370735ABBE26576A03A6E9950E3B726921,222141665706,222341910537,200244831,
nano,nano-serial,nano_3e3j5tkog48pnny9dmfzj1r16pg8t1e76dz5tmac6iq689wyjfpiij4txtdo,672,nano_3e3j5tkog48pnny9dmfzj1r16pg8t1e76dz5tmac6iq689wyjfpiij4txtdo,52C3221146C3B288028FB926CD95AE6D9EAA110164CD4E01CBF23879B53C640F,222341915524,222542164543,200249019,
nano,nano-serial,nano_3e3j5tkog48pnny9dmfzj1r16pg8t1e76dz5tmac6iq689wyjfpiij4txtdo,673,nano_3e3j5tkog48pnny9dmfzj1r16pg8t1e76dz5tmac6iq689wyjfpiij4txtdo,58F3D06A385920BF83F39BA98AB5C36A36C2D78415E0F125666D4E1F88B96CEE,222542168920,222742498307,200329387,
nano,nano-serial,nano_3e3j5tkog48pnny9dmfzj1r16pg8t1e76dz5tmac6iq689wyjfpiij4txtdo,674,nano_3e3j5tkog48pnny9dmfzj1r16pg8t1e76dz5tmac6iq689wyjfpiij4txtdo,FC030E8806F1E98485082530666FAEB88DAD5CC275D9B3F4CD9F0C2EDFC3E628,222742502804,222942686966,200184162,
nano,nano-serial,nano_3e3j5tkog48pnny9dmfzj1r16pg8t1e76dz5tmac6iq689wyjfpiij4txtdo,675,nano_3e3j5tkog48pnny9dmfzj1r16pg8t1e76dz5tmac6iq689wyjfpiij4txtdo,9BF82783C6A02B94DB2D916C9F9555C40C8073678F9923AB6F1D5F10DE52C074,222942691343,223143049703,200358360,
nano,nano-serial,nano_3e3j5tkog48pnny9dmfzj1r16pg8t1e76dz5tmac6iq689wyjfpiij4txtdo,676,nano_3e3j5tkog48pnny9dmfzj1r16pg8t1e76dz5tmac6iq689wyjfpiij4txtdo,4C647F5C7373976A8D5D609AC336C7CCE1CD568EB2070BF617A85C641F42C5D7,223143053769,223343331590,200277821,
nano,nano-serial,nano_3e3j5tkog48pnny9dmfzj1r16pg8t1e76dz5tmac6iq689wyjfpiij4txtdo,677,nano_3e3j5tkog48pnny9dmfzj1r16pg8t1e76dz5tmac6iq689wyjfpiij4txtdo,A561609F44D91A4EB4EC85147C45B7D8285A7E4AD007513D289BB005269829E8,223343336387,223543588621,200252234,
nano,nano-serial,nano_3e3j5tkog48pnny9dmfzj1r16pg8t1e76dz5tmac6iq689wyjfpiij4txtdo,678,nano_3e3j5tkog48pnny9dmfzj1r16pg8t1e76dz5tmac6iq689wyjfpiij4txtdo,0E9D652027A683FC8551381FD4B76A62B29DE4F337E4ED107F1069A06D0FD0A4,223543592677,223743857449,200264772,
nano,nano-serial,nano_3e3j5tkog48pnny9dmfzj1r16pg8t1e76dz5tmac6iq689wyjfpiij4txtdo,679,nano_3e3j5tkog48pnny9dmfzj1r16pg8t1e76dz5tmac6iq689wyjfpiij4txtdo,D8808275A6CF3EBFB87173088F32FB02EB2CE9CFD404274FB80DFCF1335FCD62,223743861996,223944222609,200360613,
nano,nano-serial,nano_3e3j5tkog48pnny9dmfzj1r16pg8t1e76dz5tmac6iq689wyjfpiij4txtdo,680,nano_3e3j5tkog48pnny9dmfzj1r16pg8t1e76dz5tmac6iq689wyjfpiij4txtdo,A21A444355002337DBB8BFF8CB85B379F220A7068B496FEA810C50948C4C78B0,223944227426,224144327875,200100449,
nano,nano-serial,nano_3e3j5tkog48pnny9dmfzj1r16pg8t1e76dz5tmac6iq689wyjfpiij4txtdo,681,nano_3e3j5tkog48pnny9dmfzj1r16pg8t1e76dz5tmac6iq689wyjfpiij4txtdo,2D9B975DEEA137FF975B1BC68AD7D11314C722D7124FBE2F7755E225CE048A9D,224144332362,224344776829,200444467,
nano,nano-serial,nano_3e3j5tkog48pnny9dmfzj1r16pg8t1e76dz5tmac6iq689wyjfpiij4txtdo,682,nano_3e3j5tkog48pnny9dmfzj1r16pg8t1e76dz5tmac6iq689wyjfpiij4txtdo,A40A6652D5F37E8F3D5365AE525288F7CD5A33B368CCD08C271D22E09582C97D,224344781426,224545104795,200323369,
nano,nano-serial,nano_3e3j5tkog48pnny9dmfzj1r16pg8t1e76dz5tmac6iq689wyjfpiij4txtdo,683,nano_3e3j5tkog48pnny9dmfzj1r16pg8t1e76dz5tmac6iq689wyjfpiij4txtdo,08A88C16DE781E8EFBBF7488215842EAB317B2C60EFB91BC797172A2BC9BF2BA,224545109642,224745328556,200218914,
nano,nano-serial,nano_3e3j5tkog48pnny9dmfzj1r16pg8t1e76dz5tmac6iq689wyjfpiij4txtdo,684,nano_3e3j5tkog48pnny9dmfzj1r16pg8t1e76dz5tmac6iq689wyjfpiij4txtdo,86CFCBE51EFA96FAEFFD70D633013DB4CBE2DE54EB025CDB382A31769966C279,224745333092,224945686825,200353733,
nano,nano-serial,nano_3e3j5tkog48pnny9dmfzj1r16pg8t1e76dz5tmac6iq689wyjfpiij4txtdo,685,nano_3e3j5tkog48pnny9dmfzj1r16pg8t1e76dz5tmac6iq689wyjfpiij4txtdo,C956057F2E2E67BD77C5AE11B4264299E2DCAFAB4CF8D36BF34D98754418B82D,224945691482,225145932789,200241307,
nano,nano-serial,nano_3e3j5tkog48pnny9dmfzj1r16pg8t1e76dz5tmac6iq689wyjfpiij4txtdo,686,nano_3e3j5tkog48pnny9dmfzj1r16pg8t1e76dz5tmac6iq689wyjfpiij4txtdo,6C0A346DA71DF1A55B4448275C1209CA75074139534298DE52F1DDCAEE7A977C,225145937666,225346247144,200309478,
nano,nano-serial,nano_3e3j5tkog48pnny9dmfzj1r16pg8t1e76dz5tmac6iq689wyjfpiij4txtdo,687,nano_3e3j5tkog48pnny9dmfzj1r16pg8t1e76dz5tmac6iq689wyjfpiij4txtdo,095F336B2AF9123A6F59C97E2C2F145679BC415AD0678DC4DD7C7EF8E6B457E6,225346251450,225546563501,200312051,
nano,nano-serial,nano_3e3j5tkog48pnny9dmfzj1r16pg8t1e76dz5tmac6iq689wyjfpiij4txtdo,688,nano_3e3j5tkog48pnny9dmfzj1r16pg8t1e76dz5tmac6iq689wyjfpiij4txtdo,C446EAC0604F2D4E2EC492CF5EFF1032F9C2BEF00520733A404359857082297D,225546567878,225746732643,200164765,
nano,nano-serial,nano_3e3j5tkog48pnny9dmfzj1r16pg8t1e76dz5tmac6iq689wyjfpiij4txtdo,689,nano_3e3j5tkog48pnny9dmfzj1r16pg8t1e76dz5tmac6iq689wyjfpiij4txtdo,67952819DF2860817AA311E2B6A37D21C393E4A193E275E3504DE110915770DE,225746736779,225947220904,200484125,
nano,nano-serial,nano_3e3j5tkog48pnny9dmfzj1r16pg8t1e76dz5tmac6iq689wyjfpiij4txtdo,690,nano_3e3j5tkog48pnny9dmfzj1r16pg8t1e76dz5tmac6iq689wyjfpiij4txtdo,F3B335BC9A603A93F42B172153123324CF6C0F861FAC86F3F6DEBB8F58DF0454,225947225391,226147357077,200131686,
nano,nano-serial,nano_3e3j5tkog48pnny9dmfzj1r16pg8t1e76dz5tmac6iq689wyjfpiij4txtdo,691,nano_3e3j5tkog48pnny9dmfzj1r16pg8t1e76dz5tmac6iq689wyjfpiij4txtdo,A84E1B95272BC141A0C7542F0AB1126395A77B3CFF9403C69BACF6DA5469F1C0,226147361423,226347706964,200345541,
nano,nano-serial,nano_3e3j5tkog48pnny9dmfzj1r16pg8t1e76dz5tmac6iq689wyjfpiij4txtdo,692,nano_3e3j5tkog48pnny9dmfzj1r16pg8t1e76dz5tmac6iq689wyjfpiij4txtdo,6A5D6BC182526E3A022612B8BAD797222581BE5F53874B8E1EB5EADA0EC78652,226347711220,226548174235,200463015,
nano,nano-serial,nano_3e3j5tkog48pnny9dmfzj1r16pg8t1e76dz5tmac6iq689wyjfpiij4txtdo,693,nano_3e3j5tkog48pnny9dmfzj1r16pg8t1e76dz5tmac6iq689wyjfpiij4txtdo,34D0445A85FC767A24418C1F99DF7C216C427403F3EC2C21E02E8A9EA3D5F987,226548178231,226748348113,200169882,
nano,nano-serial,nano_3e3j5tkog48pnny9dmfzj1r16pg8t1e76dz5tmac6iq689wyjfpiij4txtdo,694,nano_3e3j5tkog48pnny9dmfzj1r16pg8t1e76dz5tmac6iq689wyjfpiij4txtdo,843CDFD2905E76724E5741B41989403FC0CFA2329E2E2EB31C7EC2EEB3227D9B,226748352239,226948692282,200340043,
nano,nano-serial,nano_3e3j5tkog48pnny9dmfzj1r16pg8t1e76dz5tmac6iq689wyjfpiij4txtdo,695,nano_3e3j5tkog48pnny9dmfzj1r16pg8t1e76dz5tmac6iq689wyjfpiij4txtdo,337A4C6745B4EF093414C665E0A64B46C11E2C898CF0C388BC7678CEE05518E1,226948697189,227148950023,200252834,
nano,nano-serial,nano_3e3j5tkog48pnny9dmfzj1r16pg8t1e76dz5tmac6iq689wyjfpiij4txtdo,696,nano_3e3j5tkog48pnny9dmfzj1r16pg8t1e76dz5tmac6iq689wyjfpiij4txtdo,163A4AB6D17255BD21CAC9427FC1B7B07C94DAE4FEE92836CC4C42CC0C183A57,227148954279,227349333549,200379270,
nano,nano-serial,nano_3e3j5tkog48pnny9dmfzj1r16pg8t1e76dz5tmac6iq689wyjfpiij4txtdo,697,nano_3e3j5tkog48pnny9dmfzj1r16pg8t1e76dz5tmac6iq689wyjfpiij4txtdo,9FDF537709355D40065901DF6112D5CC21ECC3E5F0EE808E84E944A48CAD3283,227349337826,227549524387,200186561,
nano,nano-serial,nano_3e3j5tkog48pnny9dmfzj1r16pg8t1e76dz5tmac6iq689wyjfpiij4txtdo,698,nano_3e3j5tkog48pnny9dmfzj1r16pg8t1e76dz5tmac6iq689wyjfpiij4txtdo,EFCF36516965734D10A788211E7763035019ECC1119382C8372E62F5803A4E6D,227549528914,227749759756,200230842,
nano,nano-serial,nano_3e3j5tkog48pnny9dmfzj1r16pg8t1e76dz5tmac6iq689wyjfpiij4txtdo,699,nano_3e3j5tkog48pnny9dmfzj1r16pg8t1e76dz5tmac6iq689wyjfpiij4txtdo,B4E40CF7B8D84307D5E6EFA8B3D49C765E16B3FDF620BA89627DEE4D28BD1685,227749764423,227950144705,200380282,
nano,nano-serial,nano_3e3j5tkog48pnny9dmfzj1r16pg8t1e76dz5tmac6iq689wyjfpiij4txtdo,700,nano_3e3j5tkog48pnny9dmfzj1r16pg8t1e76dz5tmac6iq689wyjfpiij4txtdo,90842089AFE1854CC50E4D56AB916A9B76C4046FA4AD2C1BC9AA316A92A7D088,227950150644,228150402256,200251612,
nano,nano-serial,nano_3e3j5tkog48pnny9dmfzj1r16pg8t1e76dz5tmac6iq689wyjfpiij4txtdo,701,nano_3e3j5tkog48pnny9dmfzj1r16pg8t1e76dz5tmac6iq689wyjfpiij4txtdo,EEC9FDB57013B240AF63214453E24523AD144F1A3FC7328F61DEF2CD9C20EEC7,228150406272,228350721447,200315175,
nano,nano-serial,nano_3e3j5tkog48pnny9dmfzj1r16pg8t1e76dz5tmac6iq689wyjfpiij4txtdo,702,nano_3e3j5tkog48pnny9dmfzj1r16pg8t1e76dz5tmac6iq689wyjfpiij4txtdo,422C4B4930397BE7A3E0DDF1E45EF4C9FD0347B672393A1F2752F1B2246EC01B,228350726295,228551045166,200318871,
nano,nano-serial,nano_3e3j5tkog48pnny9dmfzj1r16pg8t1e76dz5tmac6iq689wyjfpiij4txtdo,703,nano_3e3j5tkog48pnny9dmfzj1r16pg8t1e76dz5tmac6iq689wyjfpiij4txtdo,BBB738BD0DFB8ABE6AB27B069D3A1B3067DA982A47CBFA18F041ACAEF88527E1,228551049603,228751313914,200264311,
nano,nano-serial,nano_3e3j5tkog48pnny9dmfzj1r16pg8t1e76dz5tmac6iq689wyjfpiij4txtdo,704,nano_3e3j5tkog48pnny9dmfzj1r16pg8t1e76dz5tmac6iq689wyjfpiij4txtdo,AFD4EF48CC57E9ADA490104E4F08FA794E9888119B21CB03C3722CBDD8340CE2,228751322226,228951570744,200248518,
nano,nano-serial,nano_3e3j5tkog48pnny9dmfzj1r16pg8t1e76dz5tmac6iq689wyjfpiij4txtdo,705,nano_3e3j5tkog48pnny9dmfzj1r16pg8t1e76dz5tmac6iq689wyjfpiij4txtdo,C089EB41F14586B65D4C9413B473B996961C54EE673B37D5E6526762E637BB85,228951575150,229151841855,200266705,
nano,nano-serial,nano_3e3j5tkog48pnny9dmfzj1r16pg8t1e76dz5tmac6iq689wyjfpiij4txtdo,706,nano_3e3j5tkog48pnny9dmfzj1r16pg8t1e76dz5tmac6iq689wyjfpiij4txtdo,8BE821A2FCB8E13BE0541DA098E1B737993BE509749414CF0D57B9F14046BBD5,229151846302,229352176590,200330288,
nano,nano-serial,nano_3e3j5tkog48pnny9dmfzj1r16pg8t1e76dz5tmac6iq689wyjfpiij4txtdo,707,nano_3e3j5tkog48pnny9dmfzj1r16pg8t1e76dz5tmac6iq689wyjfpiij4txtdo,7664677580A4E3BA6E529026919F9DD96232F4B6BA6405239EBB118505499886,229352180696,229552466208,200285512,
nano,nano-serial,nano_3e3j5tkog48pnny9dmfzj1r16pg8t1e76dz5tmac6iq689wyjfpiij4txtdo,708,nano_3e3j5tkog48pnny9dmfzj1r16pg8t1e76dz5tmac6iq689wyjfpiij4txtdo,186BE3F5E08D8D3E3C80208AFE76E54DAFD27F651108F3F9780801D3E8BF5F78,229552470925,229752686114,200215189,
nano,nano-serial,nano_3e3j5tkog48pnny9dmfzj1r16pg8t1e76dz5tmac6iq689wyjfpiij4txtdo,709,nano_3e3j5tkog48pnny9dmfzj1r16pg8t1e76dz5tmac6iq689wyjfpiij4txtdo,3A512BC0D1B4DDC59C72157AF9ABA610AA623281820C0A62D301A643B6BA10C6,229752690630,229953064052,200373422,
nano,nano-serial,nano_3e3j5tkog48pnny9dmfzj1r16pg8t1e76dz5tmac6iq689wyjfpiij4txtdo,710,nano_3e3j5tkog48pnny9dmfzj1r16pg8t1e76dz5tmac6iq689wyjfpiij4txtdo,9074F69663CA1A57C54D86C64F08A01406F065451E83F5CD139A06CC845DC258,229953068098,230153231771,200163673,
nano,nano-serial,nano_3e3j5tkog48pnny9dmfzj1r16pg8t1e76dz5tmac6iq689wyjfpiij4txtdo,711,nano_3e3j5tkog48pnny9dmfzj1r16pg8t1e76dz5tmac6iq689wyjfpiij4txtdo,019974701523925775DCC79DE1A732AA7C6CB64A1D379C3A202CCF10CCFE264C,230153236458,230353563150,200326692,
nano,nano-serial,nano_3e3j5tkog48pnny9dmfzj1r16pg8t1e76dz5tmac6iq689wyjfpiij4txtdo,712,nano_3e3j5tkog48pnny9dmfzj1r16pg8t1e76dz5tmac6iq689wyjfpiij4txtdo,819C426A4F5DEF0B02FCE01DFD8CE1076197D0A145C276BF1F57FE8BDCE8918E,230353567196,230553863325,200296129,
nano,nano-serial,nano_3e3j5tkog48pnny9dmfzj1r16pg8t1e76dz5tmac6iq689wyjfpiij4txtdo,713,nano_3e3j5tkog48pnny9dmfzj1r16pg8t1e76dz5tmac6iq689wyjfpiij4txtdo,5CF70BA30F78227677ED1CC74105BD69EF251290892253314EB5253F22E324D5,230553867521,230754188066,200320545,
nano,nano-serial,nano_3e3j5tkog48pnny9dmfzj1r16pg8t1e76dz5tmac6iq689wyjfpiij4txtdo,714,nano_3e3j5tkog48pnny9dmfzj1r16pg8t1e76dz5tmac6iq689wyjfpiij4txtdo,F038658DEB3C20D022F9E7AFD24E4B7AB2665C9C9392EBFDB99D00A943CE2447,230754195647,230954478815,200283168,
nano,nano-serial,nano_3e3j5tkog48pnny9dmfzj1r16pg8t1e76dz5tmac6iq689wyjfpiij4txtdo,715,nano_3e3j5tkog48pnny9dmfzj1r16pg8t1e76dz5tmac6iq689wyjfpiij4txtdo,1A5A63C6953DE16E946EADB5FBA629C7F030201FF23AFF2F8672F80DA3646F13,230954483572,231154763757,200280185,
nano,nano-serial,nano_3e3j5tkog48pnny9dmfzj1r16pg8t1e76dz5tmac6iq689wyjfpiij4txtdo,716,nano_3e3j5tkog48pnny9dmfzj1r16pg8t1e76dz5tmac6iq689wyjfpiij4txtdo,6B46E5AB38B0B7AA353220BDFB71F54443DD57D44DD1DB21F216FE1DB1DD28E1,231154770396,231355101446,200331050,
nano,nano-serial,nano_3e3j5tkog48pnny9dmfzj1r16pg8t1e76dz5tmac6iq689wyjfpiij4txtdo,717,nano_3e3j5tkog48pnny9dmfzj1r16pg8t1e76dz5tmac6iq689wyjfpiij4txtdo,36A3B9AC4B885D56D878BDFB3CA5200A33B5009194DD79445BDDDE73C29EF80B,231355105602,231555205039,200099437,
nano,nano-serial,nano_3e3j5tkog48pnny9dmfzj1r16pg8t1e76dz5tmac6iq689wyjfpiij4txtdo,718,nano_3e3j5tkog48pnny9dmfzj1r16pg8t1e76dz5tmac6iq689wyjfpiij4txtdo,6A365146113783D230E70470368CE01D3D77D2B24BAA40A616EEF3CD011CA282,231555209425,231755453396,200243971,
nano,nano-serial,nano_3e3j5tkog48pnny9dmfzj1r16pg8t1e76dz5tmac6iq689wyjfpiij4txtdo,719,nano_3e3j5tkog48pnny9dmfzj1r16pg8t1e76dz5tmac6iq689wyjfpiij4txtdo,C2E748F32BA30441CA251C786DF65FDB3E9FE2CA1B6B293B0520D84C52F5FAD9,231755458263,231955737046,200278783,
nano,nano-serial,nano_3e3j5tkog48pnny9dmfzj1r16pg8t1e76dz5tmac6iq689wyjfpiij4txtdo,720,nano_3e3j5tkog48pnny9dmfzj1r16pg8t1e76dz5tmac6iq689wyjfpiij4txtdo,763CDCA04F9FAC2E8D9DC7B2C0C3E29817961C7644ECECE066018EB2E2499970,231955741623,232156146992,200405369,
nano,nano-serial,nano_3e3j5tkog48pnny9dmfzj1r16pg8t1e76dz5tmac6iq689wyjfpiij4txtdo,721,nano_3e3j5tkog48pnny9dmfzj1r16pg8t1e76dz5tmac6iq689wyjfpiij4txtdo,3A5CA518B3E2747937F52ED115B95F3888EBBF5CA18F106B8C224B8E2714E639,232156151759,232356353147,200201388,
nano,nano-serial,nano_3e3j5tkog48pnny9dmfzj1r16pg8t1e76dz5tmac6iq689wyjfpiij4txtdo,722,nano_3e3j5tkog48pnny9dmfzj1r16pg8t1e76dz5tmac6iq689wyjfpiij4txtdo,A8540D47ED5C294FF93F64CD7EF4750D1D0ABD8E9818389C2FBFE9754594079F,232356357583,232556605510,200247927,
nano,nano-serial,nano_3e3j5tkog48pnny9dmfzj1r16pg8t1e76dz5tmac6iq689wyjfpiij4txtdo,723,nano_3e3j5tkog48pnny9dmfzj1r16pg8t1e76dz5tmac6iq689wyjfpiij4txtdo,9109FFE199984A35FC5A170A2DFCD69EE6ED9E6E3CC7355C05D87B2A1280A2AC,232556609976,232756901118,200291142,
nano,nano-serial,nano_3e3j5tkog48pnny9dmfzj1r16pg8t1e76dz5tmac6iq689wyjfpiij4txtdo,724,nano_3e3j5tkog48pnny9dmfzj1r16pg8t1e76dz5tmac6iq689wyjfpiij4txtdo,32AFF012A62A8BFC0FAAF4ECACE84CDED35576028A95A4C4058ED768E85764F3,232756905615,232957217726,200312111,
nano,nano-serial,nano_3e3j5tkog48pnny9dmfzj1r16pg8t1e76dz5tmac6iq689wyjfpiij4txtdo,725,nano_3e3j5tkog48pnny9dmfzj1r16pg8t1e76dz5tmac6iq689wyjfpiij4txtdo,F0C71CA0C55A472E7C4E1670D7F49871E702C381B9BF89FEA0915F2FEBD4623F,232957222503,233157455949,200233446,
nano,nano-serial,nano_3e3j5tkog48pnny9dmfzj1r16pg8t1e76dz5tmac6iq689wyjfpiij4txtdo,726,nano_3e3j5tkog48pnny9dmfzj1r16pg8t1e76dz5tmac6iq689wyjfpiij4txtdo,53551B0394BB51D2B89AE9EC2506F3320C11F3D348292C94B955925C94971359,233157460645,233357689584,200228939,
nano,nano-serial,nano_3e3j5tkog48pnny9dmfzj1r16pg8t1e76dz5tmac6iq689wyjfpiij4txtdo,727,nano_3e3j5tkog48pnny9dmfzj1r16pg8t1e76dz5tmac6iq689wyjfpiij4txtdo,B26B6161EF2C3536EB437DB60EAB52203158D707E30F8406E37595C32FB00580,233357693720,233558082996,200389276,
nano,nano-serial,nano_3e3j5tkog48pnny9dmfzj1r16pg8t1e76dz5tmac6iq689wyjfpiij4txtdo,728,nano_3e3j5tkog48pnny9dmfzj1r16pg8t1e76dz5tmac6iq689wyjfpiij4txtdo,C2D61EE9DFDB240246699988AE42B4737560B17EEC82268CBAD4B9BCA9220EEE,233558087372,233758288380,200201008,
nano,nano-serial,nano_3e3j5tkog48pnny9dmfzj1r16pg8t1e76dz5tmac6iq689wyjfpiij4txtdo,729,nano_3e3j5tkog48pnny9dmfzj1r16pg8t1e76dz5tmac6iq689wyjfpiij4txtdo,FEDABCB9F4944DE3FC9008569CB02FA5C80EC4BF640ADB2B02528740699A6960,233758292806,233958620661,200327855,
nano,nano-serial,nano_3e3j5tkog48pnny9dmfzj1r16pg8t1e76dz5tmac6iq689wyjfpiij4txtdo,730,nano_3e3j5tkog48pnny9dmfzj1r16pg8t1e76dz5tmac6iq689wyjfpiij4txtdo,246CE4CE6764C92258DD8EB153724C7460AA065A53790698A7FA2553A4555CBC,233958625198,234158971430,200346232,
nano,nano-serial,nano_3e3j5tkog48pnny9dmfzj1r16pg8t1e76dz5tmac6iq689wyjfpiij4txtdo,731,nano_3e3j5tkog48pnny9dmfzj1r16pg8t1e76dz5tmac6iq689wyjfpiij4txtdo,2F778C5FFA07229C503CD61F7EEDB1333CE9C40F2F82C4CC0FBBBBE230220E11,234158975596,234359265024,200289428,
nano,nano-serial,nano_3e3j5tkog48pnny9dmfzj1r16pg8t1e76dz5tmac6iq689wyjfpiij4txtdo,732,nano_3e3j5tkog48pnny9dmfzj1r16pg8t1e76dz5tmac6iq689wyjfpiij4txtdo,66303E7951FE994231FEE308E2DE5B345ED612232EC140EEB04DA90928EF7540,234359269331,234559545790,200276459,
nano,nano-serial,nano_3e3j5tkog48pnny9dmfzj1r16pg8t1e76dz5tmac6iq689wyjfpiij4txtdo,733,nano_3e3j5tkog48pnny9dmfzj1r16pg8t1e76dz5tmac6iq689wyjfpiij4txtdo,A49D9CE1DD676930C0BEB29E22EC128CF07D7F5A655E7AFE0243C69A57D5A475,234559550306,234759739226,200188920,
nano,nano-serial,nano_3e3j5tkog48pnny9dmfzj1r16pg8t1e76dz5tmac6iq689wyjfpiij4txtdo,734,nano_3e3j5tkog48pnny9dmfzj1r16pg8t1e76dz5tmac6iq689wyjfpiij4txtdo,D141486C13B1E9B6A0F8FB8E7ED64B22901F67EC888545F657E9D2F2B258BEB6,234759743853,234960085898,200342045,
nano,nano-serial,nano_3e3j5tkog48pnny9dmfzj1r16pg8t1e76dz5tmac6iq689wyjfpiij4txtdo,735,nano_3e3j5tkog48pnny9dmfzj1r16pg8t1e76dz5tmac6iq689wyjfpiij4txtdo,83DD92C6DD2467D636B137253F731DF08EC75D5AD4B5AF5878E00E6EF063A084,234960090365,235160308427,200218062,
nano,nano-serial,nano_3e3j5tkog48pnny9dmfzj1r16pg8t1e76dz5tmac6iq689wyjfpiij4txtdo,736,nano_3e3j5tkog48pnny9dmfzj1r16pg8t1e76dz5tmac6iq689wyjfpiij4txtdo,E7AF0F6644C83E005E4113748E4445D918F00D46F97BB753F5E452E21857D28E,235160313335,235360545018,200231683,
nano,nano-serial,nano_3e3j5tkog48pnny9dmfzj1r16pg8t1e76dz5tmac6iq689wyjfpiij4txtdo,737,nano_3e3j5tkog48pnny9dmfzj1r16pg8t1e76dz5tmac6iq689wyjfpiij4txtdo,EFEF1B1771F2569EB5CE037F047C924E0675B1E2CB6180FAB6D0BF9979D89759,235360549465,235560788110,200238645,
nano,nano-serial,nano_3e3j5tkog48pnny9dmfzj1r16pg8t1e76dz5tmac6iq689wyjfpiij4txtdo,738,nano_3e3j5tkog48pnny9dmfzj1r16pg8t1e76dz5tmac6iq689wyjfpiij4txtdo,99BF5E3E3BC8F7F48C7F7E19BD9ED90618660BD2B822108C406C28D538C867A9,235560792877,235761178904,200386027,
nano,nano-serial,nano_3e3j5tkog48pnny9dmfzj1r16pg8t1e76dz5tmac6iq689wyjfpiij4txtdo,739,nano_3e3j5tkog48pnny9dmfzj1r16pg8t1e76dz5tmac6iq689wyjfpiij4txtdo,71262B8D8A87BFE1B1B3523A9790BE00A48C68150145B4DC3DDB7627C07CF3C1,235761184092,235961446368,200262276,
nano,nano-serial,nano_3e3j5tkog48pnny9dmfzj1r16pg8t1e76dz5tmac6iq689wyjfpiij4txtdo,740,nano_3e3j5tkog48pnny9dmfzj1r16pg8t1e76dz5tmac6iq689wyjfpiij4txtdo,D738FD37305143BB47A5CDAF15CAC8E44F776B8292FC998EB4C6859F8B7D359B,235961451035,236161603379,200152344,
nano,nano-serial,nano_3e3j5tkog48pnny9dmfzj1r16pg8t1e76dz5tmac6iq689wyjfpiij4txtdo,741,nano_3e3j5tkog48pnny9dmfzj1r16pg8t1e76dz5tmac6iq689wyjfpiij4txtdo,8463A08F1C3F5A000AD707422BF346D142BF57B33A7CBEBAB168377DBE0DE600,236161607565,236362056576,200449011,
nano,nano-serial,nano_3e3j5tkog48pnny9dmfzj1r16pg8t1e76dz5tmac6iq689wyjfpiij4txtdo,742,nano_3e3j5tkog48pnny9dmfzj1r16pg8t1e76dz5tmac6iq689wyjfpiij4txtdo,98FF7BB816760B615895218D691418E7F8081293F29D1F2AC44E89396A03D92D,236362060592,236562342376,200281784,
nano,nano-serial,nano_3e3j5tkog48pnny9dmfzj1r16pg8t1e76dz5tmac6iq689wyjfpiij4txtdo,743,nano_3e3j5tkog48pnny9dmfzj1r16pg8t1e76dz5tmac6iq689wyjfpiij4txtdo,DA6F510202466A9C7D46303581330FC6E2AB2A87EF0ED00014B3E5B3A8B6FF71,236562346843,236762629659,200282816,
nano,nano-serial,nano_3e3j5tkog48pnny9dmfzj1r16pg8t1e76dz5tmac6iq689wyjfpiij4txtdo,744,nano_3e3j5tkog48pnny9dmfzj1r16pg8t1e76dz5tmac6iq689wyjfpiij4txtdo,0AD6FADDE4D1B6458BDEBE99425F3F5C44B3695BA0A0F43ED2BF07E89EF7886D,236762634316,236962927058,200292742,
nano,nano-serial,nano_3e3j5tkog48pnny9dmfzj1r16pg8t1e76dz5tmac6iq689wyjfpiij4txtdo,745,nano_3e3j5tkog48pnny9dmfzj1r16pg8t1e76dz5tmac6iq689wyjfpiij4txtdo,6662FF9E75909C77334656E49CED9712EB96FC4BA3B00F5F98618AD003A295BF,236962931384,237163349190,200417806,
nano,nano-serial,nano_3e3j5tkog48pnny9dmfzj1r16pg8t1e76dz5tmac6iq689wyjfpiij4txtdo,746,nano_3e3j5tkog48pnny9dmfzj1r16pg8t1e76dz5tmac6iq689wyjfpiij4txtdo,266F7049E72C303A085653A44FBD04D8BBADEF0B76DE3003D2AC0A20A0BBE38B,237163353587,237363645706,200292119,
nano,nano-serial,nano_3e3j5tkog48pnny9dmfzj1r16pg8t1e76dz5tmac6iq689wyjfpiij4txtdo,747,nano_3e3j5tkog48pnny9dmfzj1r16pg8t1e76dz5tmac6iq689wyjfpiij4txtdo,D72699AA7149D2FE3CD09995C1797393A39AE3BA68E60F77A12488A10302CF52,237363650593,237563909554,200258961,
nano,nano-serial,nano_3e3j5tkog48pnny9dmfzj1r16pg8t1e76dz5tmac6iq689wyjfpiij4txtdo,748,nano_3e3j5tkog48pnny9dmfzj1r16pg8t1e76dz5tmac6iq689wyjfpiij4txtdo,A0B6EE0AC1548A7BEEF9B3029E93627D827320CE7877DC250DEA6A9D0BC7DA22,237563914381,237764102878,200188497,
nano,nano-serial,nano_3e3j5tkog48pnny9dmfzj1r16pg8t1e76dz5tmac6iq689wyjfpiij4txtdo,749,nano_3e3j5tkog48pnny9dmfzj1r16pg8t1e76dz5tmac6iq689wyjfpiij4txtdo,BF8BB50DAF7455C50437EBC8436E2DEF06A45D89EEB640C13840970B1D43736A,237764107435,237964505241,200397806,
nano,nano-serial,nano_3e3j5tkog48pnny9dmfzj1r16pg8t1e76dz5tmac6iq689wyjfpiij4txtdo,750,nano_3e3j5tkog48pnny9dmfzj1r16pg8t1e76dz5tmac6iq689wyjfpiij4txtdo,D0F3672664BE267BDF6A4DE28DA982708A630EA476D2D42777B3B18ACFE9AAD6,237964510249,238164708800,200198551,
nano,nano-serial,nano_3e3j5tkog48pnny9dmfzj1r16pg8t1e76dz5tmac6iq689wyjfpiij4txtdo,751,nano_3e3j5tkog48pnny9dmfzj1r16pg8t1e76dz5tmac6iq689wyjfpiij4txtdo,BED6A0F4B5BF813281E63BB781E204CFCB1206FFD226C14962AE2E89E29D9593,238164712936,238364970024,200257088,
nano,nano-serial,nano_3e3j5tkog48pnny9dmfzj1r16pg8t1e76dz5tmac6iq689wyjfpiij4txtdo,752,nano_3e3j5tkog48pnny9dmfzj1r16pg8t1e76dz5tmac6iq689wyjfpiij4txtdo,6C8722D96DE0945DBF6DA8FAC91C9B823B3D44C89932C6730D2D99607E7B966A,238364974691,238565240994,200266303,
nano,nano-serial,nano_3e3j5tkog48pnny9dmfzj1r16pg8t1e76dz5tmac6iq689wyjfpiij4txtdo,753,nano_3e3j5tkog48pnny9dmfzj1r16pg8t1e76dz5tmac6iq689wyjfpiij4txtdo,4C3D0E1A4273240C41E3FA5B112AC0484EBE89CB7C85E2BA9256702684189CEC,238565246031,238765432444,200186413,
nano,nano-serial,nano_3e3j5tkog48pnny9dmfzj1r16pg8t1e76dz5tmac6iq689wyjfpiij4txtdo,754,nano_3e3j5tkog48pnny9dmfzj1r16pg8t1e76dz5tmac6iq689wyjfpiij4txtdo,0DF1A6E64AAE477111E8EED99B4FEC969F706966C5078157C32F7E3140B68D7C,238765437031,238965816029,200378998,
nano,nano-serial,nano_3e3j5tkog48pnny9dmfzj1r16pg8t1e76dz5tmac6iq689wyjfpiij4txtdo,755,nano_3e3j5tkog48pnny9dmfzj1r16pg8t1e76dz5tmac6iq689wyjfpiij4txtdo,1E4BAD13B74F11AD9032327544E906D2E5D02752EA612A1F40BE609DC58D27E6,238965820576,239166209309,200388733,
nano,nano-serial,nano_3e3j5tkog48pnny9dmfzj1r16pg8t1e76dz5tmac6iq689wyjfpiij4txtdo,756,nano_3e3j5tkog48pnny9dmfzj1r16pg8t1e76dz5tmac6iq689wyjfpiij4txtdo,917437AD4EF9937BE2DA0EDCA745128C42875ED7EEFDD7C5656E103794A410C8,239166216229,239366385217,200168988,
nano,nano-serial,nano_3e3j5tkog48pnny9dmfzj1r16pg8t1e76dz5tmac6iq689wyjfpiij4txtdo,757,nano_3e3j5tkog48pnny9dmfzj1r16pg8t1e76dz5tmac6iq689wyjfpiij4txtdo,A6FDCC2F504118BA18804FC80A07868A619FACA208746774EF00AA232ADFBD31,239366389634,239566587634,200198000,
nano,nano-serial,nano_3e3j5tkog48pnny9dmfzj1r16pg8t1e76dz5tmac6iq689wyjfpiij4txtdo,758,nano_3e3j5tkog48pnny9dmfzj1r16pg8t1e76dz5tmac6iq689wyjfpiij4txtdo,CFCCCD1747009FA29885310A0EE46BE49B984A671C9F94DB368609A19941F2DE,239566592221,239766948146,200355925,
nano,nano-serial,nano_3e3j5tkog48pnny9dmfzj1r16pg8t1e76dz5tmac6iq689wyjfpiij4txtdo,759,nano_3e3j5tkog48pnny9dmfzj1r16pg8t1e76dz5tmac6iq689wyjfpiij4txtdo,488869F942E6B6B368834DE92F5F332CE5C6513A8180317847937F1CB50BA493,239766954656,239967241087,200286431,
nano,nano-serial,nano_3e3j5tkog48pnny9dmfzj1r16pg8t1e76dz5tmac6iq689wyjfpiij4txtdo,760,nano_3e3j5tkog48pnny9dmfzj1r16pg8t1e76dz5tmac6iq689wyjfpiij4txtdo,E058FF6F47736AC5A7D19D3AD369A7056AADCFCC687A57B136062BCB824E9A4E,239967246005,240167426219,200180214,
nano,nano-serial,nano_3e3j5tkog48pnny9dmfzj1r16pg8t1e76dz5tmac6iq689wyjfpiij4txtdo,761,nano_3e3j5tkog48pnny9dmfzj1r16pg8t1e76dz5tmac6iq689wyjfpiij4txtdo,A08194E033D4768FD17BC8EE6147C26A0BF74FBA8D40C9DB75E5AB59B3D72ADB,240167430745,240367823253,200392508,
nano,nano-serial,nano_3e3j5tkog48pnny9dmfzj1r16pg8t1e76dz5tmac6iq689wyjfpiij4txtdo,762,nano_3e3j5tkog48pnny9dmfzj1r16pg8t1e76dz5tmac6iq689wyjfpiij4txtdo,C7BF7A50F120D2D4B19D386421E803B636022B028DDE60D0006DDF6E30A5D1FC,240367827800,240568040573,200212773,
nano,nano-serial,nano_3e3j5tkog48pnny9dmfzj1r16pg8t1e76dz5tmac6iq689wyjfpiij4txtdo,763,nano_3e3j5tkog48pnny9dmfzj1r16pg8t1e76dz5tmac6iq689wyjfpiij4txtdo,6C7C412C7C60304B1783E63925F1327A000C977057955164E42B32EC9C2B852E,240568044759,240768364129,200319370,
nano,nano-serial,nano_3e3j5tkog48pnny9dmfzj1r16pg8t1e76dz5tmac6iq689wyjfpiij4txtdo,764,nano_3e3j5tkog48pnny9dmfzj1r16pg8t1e76dz5tmac6iq689wyjfpiij4txtdo,588F4174241DC53A415A3E2E920DEF0FA8CF5C7797A80706E2CD639AC1E22F1C,240768371009,240972465072,204094063,
nano,nano-serial,nano_3e3j5tkog48pnny9dmfzj1r16pg8t1e76dz5tmac6iq689wyjfpiij4txtdo,765,nano_3e3j5tkog48pnny9dmfzj1r16pg8t1e76dz5tmac6iq689wyjfpiij4txtdo,B7951D4BDEC3283478DA7024899F4721E9B7A24119277635CB770B150FEE5F25,240972468667,241169034587,196565920,
nano,nano-serial,nano_3e3j5tkog48pnny9dmfzj1r16pg8t1e76dz5tmac6iq689wyjfpiij4txtdo,766,nano_3e3j5tkog48pnny9dmfzj1r16pg8t1e76dz5tmac6iq689wyjfpiij4txtdo,8D40AECA4000A6B48A265ECC949C922C6AA5542E931BBF3B3255F8DA1AD78B94,241169039003,241369294058,200255055,
nano,nano-serial,nano_3e3j5tkog48pnny9dmfzj1r16pg8t1e76dz5tmac6iq689wyjfpiij4txtdo,767,nano_3e3j5tkog48pnny9dmfzj1r16pg8t1e76dz5tmac6iq689wyjfpiij4txtdo,485393B313B89A09D4A44DAF4ADF6ADDD190E2697E84BBC4CE917F975AB15ADE,241369298505,241569542072,200243567,
nano,nano-serial,nano_3e3j5tkog48pnny9dmfzj1r16pg8t1e76dz5tmac6iq689wyjfpiij4txtdo,768,nano_3e3j5tkog48pnny9dmfzj1r16pg8t1e76dz5tmac6iq689wyjfpiij4txtdo,2EDEDFE88DFBA43A9D86E9CE287201FF0311EEE343B6908163BB0459A1E09122,241569546058,241769708728,200162670,
nano,nano-serial,nano_3e3j5tkog48pnny9dmfzj1r16pg8t1e76dz5tmac6iq689wyjfpiij4txtdo,769,nano_3e3j5tkog48pnny9dmfzj1r16pg8t1e76dz5tmac6iq689wyjfpiij4txtdo,46DF1FB6EA6273F91380C599AEF0EBC7012E78EDAAEC0EAC8318F62C587CB151,241769712954,241970193572,200480618,
nano,nano-serial,nano_3e3j5tkog48pnny9dmfzj1r16pg8t1e76dz5tmac6iq689wyjfpiij4txtdo,770,nano_3e3j5tkog48pnny9dmfzj1r16pg8t1e76dz5tmac6iq689wyjfpiij4txtdo,F39D2D3DD51681311545679F748075C72EC85A78737CED666AFB896BED5AF83D,241970197959,242170418183,200220224,
nano,nano-serial,nano_3e3j5tkog48pnny9dmfzj1r16pg8t1e76dz5tmac6iq689wyjfpiij4txtdo,771,nano_3e3j5tkog48pnny9dmfzj1r16pg8t1e76dz5tmac6iq689wyjfpiij4txtdo,CF8DD726DC852A3C18B22E4D988B2180C8937718278258E808596168EC2499F6,242170424412,242370658757,200234345,
nano,nano-serial,nano_3e3j5tkog48pnny9dmfzj1r16pg8t1e76dz5tmac6iq689wyjfpiij4txtdo,772,nano_3e3j5tkog48pnny9dmfzj1r16pg8t1e76dz5tmac6iq689wyjfpiij4txtdo,216A38740B56851FB179C1BF68D52785848C07331A051E2B8709F88523CD6276,242370662993,242570975273,200312280,
nano,nano-serial,nano_3e3j5tkog48pnny9dmfzj1r16pg8t1e76dz5tmac6iq689wyjfpiij4txtdo,773,nano_3e3j5tkog48pnny9dmfzj1r16pg8t1e76dz5tmac6iq689wyjfpiij4txtdo,3A394BCAA100E836C55346E9A5BB59C72CA7D49E0965229523461E239096BDA9,242570979759,242771184019,200204260,
nano,nano-serial,nano_3e3j5tkog48pnny9dmfzj1r16pg8t1e76dz5tmac6iq689wyjfpiij4txtdo,774,nano_3e3j5tkog48pnny9dmfzj1r16pg8t1e76dz5tmac6iq689wyjfpiij4txtdo,341135C3B1E7B7A0F9090F58C51A1A2CC4E6F26B590940C6EFCFA7409166C662,242771188235,242971617627,200429392,
nano,nano-serial,nano_3e3j5tkog48pnny9dmfzj1r16pg8t1e76dz5tmac6iq689wyjfpiij4txtdo,775,nano_3e3j5tkog48pnny9dmfzj1r16pg8t1e76dz5tmac6iq689wyjfpiij4txtdo,B66683CB5EB7E8860E4729E7116CD6D1E3887EFC5508ED5CE2DEC7E4DCCA8736,242971622084,243171912832,200290748,
nano,nano-serial,nano_3e3j5tkog48pnny9dmfzj1r16pg8t1e76dz5tmac6iq689wyjfpiij4txtdo,776,nano_3e3j5tkog48pnny9dmfzj1r16pg8t1e76dz5tmac6iq689wyjfpiij4txtdo,3AAE86473042A8A83FBFE9979B88E863662E2BCE2F7ED40199AADFAE476B1F48,243171917078,243372281885,200364807,
nano,nano-serial,nano_3e3j5tkog48pnny9dmfzj1r16pg8t1e76dz5tmac6iq689wyjfpiij4txtdo,777,nano_3e3j5tkog48pnny9dmfzj1r16pg8t1e76dz5tmac6iq689wyjfpiij4txtdo,9D98620915BEE00DA8ACFEFE4344A7489D8F00676FAC54E44CBB6E00AFC7F9CB,243372286412,243572372372,200085960,
nano,nano-serial,nano_3e3j5tkog48pnny9dmfzj1r16pg8t1e76dz5tmac6iq689wyjfpiij4txtdo,778,nano_3e3j5tkog48pnny9dmfzj1r16pg8t1e76dz5tmac6iq689wyjfpiij4txtdo,C182D165CD655DFA9788B6926C9350D31EAA8A153C5F5649D7C946D5DD4D1A95,243572376458,243772659617,200283159,
nano,nano-serial,nano_3e3j5tkog48pnny9dmfzj1r16pg8t1e76dz5tmac6iq689wyjfpiij4txtdo,779,nano_3e3j5tkog48pnny9dmfzj1r16pg8t1e76dz5tmac6iq689wyjfpiij4txtdo,FFC80F4DBD3271D71E3B5032A2433AD9BD52BCF103058D1A866119AD8422914D,243772664424,243973076644,200412220,
nano,nano-serial,nano_3e3j5tkog48pnny9dmfzj1r16pg8t1e76dz5tmac6iq689wyjfpiij4txtdo,780,nano_3e3j5tkog48pnny9dmfzj1r16pg8t1e76dz5tmac6iq689wyjfpiij4txtdo,85B346718778CDE54F85A1B08BDBDFCF750E0F17B7C28E01462D843AF9600DB8,243973081401,244173254727,200173326,
nano,nano-serial,nano_3e3j5tkog48pnny9dmfzj1r16pg8t1e76dz5tmac6iq689wyjfpiij4txtdo,781,nano_3e3j5tkog48pnny9dmfzj1r16pg8t1e76dz5tmac6iq689wyjfpiij4txtdo,FE7D22E5F01C25982F9A1FDACCA961EF48B31A2BBFFD9C4C3DF6602244C3292D,244173258693,244373683882,200425189,
nano,nano-serial,nano_3e3j5tkog48pnny9dmfzj1r16pg8t1e76dz5tmac6iq689wyjfpiij4txtdo,782,nano_3e3j5tkog48pnny9dmfzj1r16pg8t1e76dz5tmac6iq689wyjfpiij4txtdo,2B98AE4F44B353C9C640A7806FAD5518D784C8CD05034BCDAD13574721445D79,244373688098,244573933662,200245564,
nano,nano-serial,nano_3e3j5tkog48pnny9dmfzj1r16pg8t1e76dz5tmac6iq689wyjfpiij4txtdo,783,nano_3e3j5tkog48pnny9dmfzj1r16pg8t1e76dz5tmac6iq689wyjfpiij4txtdo,4D06AB479AF8394B70E18292C924FDDA62438E792DD15536FC987B5AD5CC0DEA,244573938069,244774138395,200200326,
nano,nano-serial,nano_3e3j5tkog48pnny9dmfzj1r16pg8t1e76dz5tmac6iq689wyjfpiij4txtdo,784,nano_3e3j5tkog48pnny9dmfzj1r16pg8t1e76dz5tmac6iq689wyjfpiij4txtdo,CDC842AC771BC577357C9134E71716920625CB327028DA4CB1A98BCA50C6EDD7,244774142982,244974551166,200408184,
nano,nano-serial,nano_3e3j5tkog48pnny9dmfzj1r16pg8t1e76dz5tmac6iq689wyjfpiij4txtdo,785,nano_3e3j5tkog48pnny9dmfzj1r16pg8t1e76dz5tmac6iq689wyjfpiij4txtdo,6806B1FF4D25E0A9212ADCBA67D6359BF113711E992DAC405771790132C4D601,244974555212,245174830749,200275537,
nano,nano-serial,nano_3e3j5tkog48pnny9dmfzj1r16pg8t1e76dz5tmac6iq689wyjfpiij4txtdo,786,nano_3e3j5tkog48pnny9dmfzj1r16pg8t1e76dz5tmac6iq689wyjfpiij4txtdo,508923C4C60D0BCA41DE1459E7F1B78224D3C395D748E7A27CC9A47CD8D19767,245174835346,245375241166,200405820,
nano,nano-serial,nano_3e3j5tkog48pnny9dmfzj1r16pg8t1e76dz5tmac6iq689wyjfpiij4txtdo,787,nano_3e3j5tkog48pnny9dmfzj1r16pg8t1e76dz5tmac6iq689wyjfpiij4txtdo,10851E7B39A5B668C224046427CCE7BBB3E34CA3277097180FD401AF26BC00B1,245375245362,245575389666,200144304,
nano,nano-serial,nano_3e3j5tkog48pnny9dmfzj1r16pg8t1e76dz5tmac6iq689wyjfpiij4txtdo,788,nano_3e3j5tkog48pnny9dmfzj1r16pg8t1e76dz5tmac6iq689wyjfpiij4txtdo,72F5D4F189E0ED37E9F6014CC45E59F85C20C242E27C84BCEB6F65F4D7BBD000,245575393963,245775680857,200286894,
nano,nano-serial,nano_3e3j5tkog48pnny9dmfzj1r16pg8t1e76dz5tmac6iq689wyjfpiij4txtdo,789,nano_3e3j5tkog48pnny9dmfzj1r16pg8t1e76dz5tmac6iq689wyjfpiij4txtdo,06A217220912B14BE861A9BDBFA9F3597D2C93C53947D19DC03AEFE93D88215F,245775685204,245976097813,200412609,
nano,nano-serial,nano_3e3j5tkog48pnny9dmfzj1r16pg8t1e76dz5tmac6iq689wyjfpiij4txtdo,790,nano_3e3j5tkog48pnny9dmfzj1r16pg8t1e76dz5tmac6iq689wyjfpiij4txtdo,9A071FF9CD022D08338DA72D0CBA8FAA6B869806869B9C9A205C2AC378063A99,245976101839,246176249849,200148010,
nano,nano-serial,nano_3e3j5tkog48pnny9dmfzj1r16pg8t1e76dz5tmac6iq689wyjfpiij4txtdo,791,nano_3e3j5tkog48pnny9dmfzj1r16pg8t1e76dz5tmac6iq689wyjfpiij4txtdo,8C5A313F3E32C17C7043BDCAC25613BE16E447B807924A7B76171BA25C4BF349,246176254366,246376591514,200337148,
nano,nano-serial,nano_3e3j5tkog48pnny9dmfzj1r16pg8t1e76dz5tmac6iq689wyjfpiij4txtdo,792,nano_3e3j5tkog48pnny9dmfzj1r16pg8t1e76dz5tmac6iq689wyjfpiij4txtdo,6D75B10B28FA35054503963BE607CE05F9454F6CFE0580C6E779F6E3AB1B600E,246376602009,246576810609,200208600,
nano,nano-serial,nano_3e3j5tkog48pnny9dmfzj1r16pg8t1e76dz5tmac6iq689wyjfpiij4txtdo,793,nano_3e3j5tkog48pnny9dmfzj1r16pg8t1e76dz5tmac6iq689wyjfpiij4txtdo,0EBA893D158C7C5699FA791FC962B4ADC1DB6EA96A5D2479BEC4C29F7A624ED6,246576814685,246777152735,200338050,
nano,nano-serial,nano_3e3j5tkog48pnny9dmfzj1r16pg8t1e76dz5tmac6iq689wyjfpiij4txtdo,794,nano_3e3j5tkog48pnny9dmfzj1r16pg8t1e76dz5tmac6iq689wyjfpiij4txtdo,33CD4E86D2F8DBF235A51C6E5988F23DA554AFDBC19445E026B97ACB04A82FEF,246777157012,246977393361,200236349,
nano,nano-serial,nano_3e3j5tkog48pnny9dmfzj1r16pg8t1e76dz5tmac6iq689wyjfpiij4txtdo,795,nano_3e3j5tkog48pnny9dmfzj1r16pg8t1e76dz5tmac6iq689wyjfpiij4txtdo,419A041CE805E429109E763B276DEECE9C60993B8A1F26241B9CBEABA10B9D33,246977397347,247177754474,200357127,
nano,nano-serial,nano_3e3j5tkog48pnny9dmfzj1r16pg8t1e76dz5tmac6iq689wyjfpiij4txtdo,796,nano_3e3j5tkog48pnny9dmfzj1r16pg8t1e76dz5tmac6iq689wyjfpiij4txtdo,81BD07BC86B4216EB890F2D796A9439DA297C0A6A8A4D56F022E1AE4AF01707C,247177758440,247378123990,200365550,
nano,nano-serial,nano_3e3j5tkog48pnny9dmfzj1r16pg8t1e76dz5tmac6iq689wyjfpiij4txtdo,797,nano_3e3j5tkog48pnny9dmfzj1r16pg8t1e76dz5tmac6iq689wyjfpiij4txtdo,DDA6E9EA7F6617913EDE56367526EE44131B6B65CC89E095DE0C2658503F28D9,247378128337,247578339680,200211343,
nano,nano-serial,nano_3e3j5tkog48pnny9dmfzj1r16pg8t1e76dz5tmac6iq689wyjfpiij4txtdo,798,nano_3e3j5tkog48pnny9dmfzj1r16pg8t1e76dz5tmac6iq689wyjfpiij4txtdo,05448925FBD75427B1918D0397149AA48EBF20619E64B2F8B760D5FD1B7FE0BF,247578344117,247778547177,200203060,
nano,nano-serial,nano_3e3j5tkog48pnny9dmfzj1r16pg8t1e76dz5tmac6iq689wyjfpiij4txtdo,799,nano_3e3j5tkog48pnny9dmfzj1r16pg8t1e76dz5tmac6iq689wyjfpiij4txtdo,62DE126F703F491FDEEE2738CE3864020B07F5BF99F739126460149C8B013059,247778551003,247978988389,200437386,
nano,nano-serial,nano_3e3j5tkog48pnny9dmfzj1r16pg8t1e76dz5tmac6iq689wyjfpiij4txtdo,800,nano_3e3j5tkog48pnny9dmfzj1r16pg8t1e76dz5tmac6iq689wyjfpiij4txtdo,FB8E4F6D481E9A67257BC5C902F51A42EEED8E425A600DEC849299F977C27302,247978993056,248179112162,200119106,
nano,nano-serial,nano_3e3j5tkog48pnny9dmfzj1r16pg8t1e76dz5tmac6iq689wyjfpiij4txtdo,801,nano_3e3j5tkog48pnny9dmfzj1r16pg8t1e76dz5tmac6iq689wyjfpiij4txtdo,AD6BDF0343E6D0449429AC6137835E50A999815E3FD271C55EC16B6264FD3852,248179116879,248379383004,200266125,
nano,nano-serial,nano_3e3j5tkog48pnny9dmfzj1r16pg8t1e76dz5tmac6iq689wyjfpiij4txtdo,802,nano_3e3j5tkog48pnny9dmfzj1r16pg8t1e76dz5tmac6iq689wyjfpiij4txtdo,EAE437C19BBDB11722FE878CE102D5AA591B67AB95795CDB8DD52FB1083A11C8,248379386989,248579701314,200314325,
nano,nano-serial,nano_3e3j5tkog48pnny9dmfzj1r16pg8t1e76dz5tmac6iq689wyjfpiij4txtdo,803,nano_3e3j5tkog48pnny9dmfzj1r16pg8t1e76dz5tmac6iq689wyjfpiij4txtdo,F5D4388C2CA26E1A2AB8705B6D7B3052CF817879835AAA674AB25E63E0C4EE6F,248579705480,248779948529,200243049,
nano,nano-serial,nano_3e3j5tkog48pnny9dmfzj1r16pg8t1e76dz5tmac6iq689wyjfpiij4txtdo,804,nano_3e3j5tkog48pnny9dmfzj1r16pg8t1e76dz5tmac6iq689wyjfpiij4txtdo,DB779E2450C5E2F3764858620B28B8CEF71D2DD3ABE074AF2370EE657D94D4D0,248779953357,248980272168,200318811,
nano,nano-serial,nano_3e3j5tkog48pnny9dmfzj1r16pg8t1e76dz5tmac6iq689wyjfpiij4txtdo,805,nano_3e3j5tkog48pnny9dmfzj1r16pg8t1e76dz5tmac6iq689wyjfpiij4txtdo,E0955903D85332BACA69C199F39496150C09EB60CFFB06C1B3C358E9C2DF6118,248980276425,249180493156,200216731,
nano,nano-serial,nano_3e3j5tkog48pnny9dmfzj1r16pg8t1e76dz5tmac6iq689wyjfpiij4txtdo,806,nano_3e3j5tkog48pnny9dmfzj1r16pg8t1e76dz5tmac6iq689wyjfpiij4txtdo,F9B638EC2511CC6CC37433E7A109DFC7E6F240DEE3B764D32581D5BB3041941E,249180497863,249380703968,200206105,
nano,nano-serial,nano_3e3j5tkog48pnny9dmfzj1r16pg8t1e76dz5tmac6iq689wyjfpiij4txtdo,807,nano_3e3j5tkog48pnny9dmfzj1r16pg8t1e76dz5tmac6iq689wyjfpiij4txtdo,73B728FC0223C9F567888A376F515F3D6B365F9BE6DEF52ED736D6F32B5382B8,249380708294,249581031872,200323578,
nano,nano-serial,nano_3e3j5tkog48pnny9dmfzj1r16pg8t1e76dz5tmac6iq689wyjfpiij4txtdo,808,nano_3e3j5tkog48pnny9dmfzj1r16pg8t1e76dz5tmac6iq689wyjfpiij4txtdo,E3FEE801EA718E2E9A0B919D1927CB7ED6501DCBAC2AB7CA0E808C0B5FE74510,249581036679,249781259840,200223161,
nano,nano-serial,nano_3e3j5tkog48pnny9dmfzj1r16pg8t1e76dz5tmac6iq689wyjfpiij4txtdo,809,nano_3e3j5tkog48pnny9dmfzj1r16pg8t1e76dz5tmac6iq689wyjfpiij4txtdo,D285460AA43BB8B39682049E0DB6BF3CBF0A7083996190B004E5CC10C005FB3F,249781264386,249981624629,200360243,
nano,nano-serial,nano_3e3j5tkog48pnny9dmfzj1r16pg8t1e76dz5tmac6iq689wyjfpiij4txtdo,810,nano_3e3j5tkog48pnny9dmfzj1r16pg8t1e76dz5tmac6iq689wyjfpiij4txtdo,6378510EBA2040B5952D6DA12B27E0AC49AF060D29DFF482C218AF8014743724,249981628545,250181896160,200267615,
nano,nano-serial,nano_3e3j5tkog48pnny9dmfzj1r16pg8t1e76dz5tmac6iq689wyjfpiij4txtdo,811,nano_3e3j5tkog48pnny9dmfzj1r16pg8t1e76dz5tmac6iq689wyjfpiij4txtdo,71BEDAC608D7DCFE2C4D8C6D97028C50715FE90B9F3FF07BA86B08E122D7CA52,250181900637,250382187471,200286834,
nano,nano-serial,nano_3e3j5tkog48pnny9dmfzj1r16pg8t1e76dz5tmac6iq689wyjfpiij4txtdo,812,nano_3e3j5tkog48pnny9dmfzj1r16pg8t1e76dz5tmac6iq689wyjfpiij4txtdo,48F914FAF3FD63F4455E3E7FEDDEEAEA7CB03CDC2ABD424A2180D7914B070141,250382192008,250582458442,200266434,
nano,nano-serial,nano_3e3j5tkog48pnny9dmfzj1r16pg8t1e76dz5tmac6iq689wyjfpiij4txtdo,813,nano_3e3j5tkog48pnny9dmfzj1r16pg8t1e76dz5tmac6iq689wyjfpiij4txtdo,721265C9F28EE4C5800FF91570A66E8586EE6EBA4FD8176663697CAC9BBE85BE,250582462698,250782845261,200382563,
nano,nano-serial,nano_3e3j5tkog48pnny9dmfzj1r16pg8t1e76dz5tmac6iq689wyjfpiij4txtdo,814,nano_3e3j5tkog48pnny9dmfzj1r16pg8t1e76dz5tmac6iq689wyjfpiij4txtdo,46B9B27A643DECCDFEB7967787CA1DC639DB6550C713BD68C5A6F1B3D9E6B1B4,250782849437,250983042994,200193557,
nano,nano-serial,nano_3e3j5tkog48pnny9dmfzj1r16pg8t1e76dz5tmac6iq689wyjfpiij4txtdo,815,nano_3e3j5tkog48pnny9dmfzj1r16pg8t1e76dz5tmac6iq689wyjfpiij4txtdo,D7911F815792E94F005E70392B5D74C30B6B30CC596B4555FFD3AB8522322042,250983047601,251183353354,200305753,
nano,nano-serial,nano_3e3j5tkog48pnny9dmfzj1r16pg8t1e76dz5tmac6iq689wyjfpiij4txtdo,816,nano_3e3j5tkog48pnny9dmfzj1r16pg8t1e76dz5tmac6iq689wyjfpiij4txtdo,489FECEABB23C62956C6CCE4D6D6014774146706A964EF21C17D92A9AB380D68,251183357760,251383657776,200300016,
nano,nano-serial,nano_3e3j5tkog48pnny9dmfzj1r16pg8t1e76dz5tmac6iq689wyjfpiij4txtdo,817,nano_3e3j5tkog48pnny9dmfzj1r16pg8t1e76dz5tmac6iq689wyjfpiij4txtdo,19C537BB1C8456DD1BF2BC71248728236E640842C2C582C0DBD725901EC06B97,251383661982,251583967934,200305952,
nano,nano-serial,nano_3e3j5tkog48pnny9dmfzj1r16pg8t1e76dz5tmac6iq689wyjfpiij4txtdo,818,nano_3e3j5tkog48pnny9dmfzj1r16pg8t1e76dz5tmac6iq689wyjfpiij4txtdo,C1BD04A52DEC223EF99389EC1CBE04676C8C71AE5132FFA46BD7192038B5AD98,251583972551,251784081342,200108791,
nano,nano-serial,nano_3e3j5tkog48pnny9dmfzj1r16pg8t1e76dz5tmac6iq689wyjfpiij4txtdo,819,nano_3e3j5tkog48pnny9dmfzj1r16pg8t1e76dz5tmac6iq689wyjfpiij4txtdo,DC84820817A1A6B47A18342C3A0AEBE0DCAE7382386CC9BFB11C8BB5AC15C180,251784085568,251984513481,200427913,
nano,nano-serial,nano_3e3j5tkog48pnny9dmfzj1r16pg8t1e76dz5tmac6iq689wyjfpiij4txtdo,820,nano_3e3j5tkog48pnny9dmfzj1r16pg8t1e76dz5tmac6iq689wyjfpiij4txtdo,9B8697C4DF603717232E8EAF902972D833D17AEF780160BEB36125FAD766B5A1,251984518238,252184767606,200249368,
nano,nano-serial,nano_3e3j5tkog48pnny9dmfzj1r16pg8t1e76dz5tmac6iq689wyjfpiij4txtdo,821,nano_3e3j5tkog48pnny9dmfzj1r16pg8t1e76dz5tmac6iq689wyjfpiij4txtdo,CA4578782BDB17E401AB7D9CF377E802E809D2F427B65BA6F62667C1E577BF53,252184772013,252385042662,200270649,
nano,nano-serial,nano_3e3j5tkog48pnny9dmfzj1r16pg8t1e76dz5tmac6iq689wyjfpiij4txtdo,822,nano_3e3j5tkog48pnny9dmfzj1r16pg8t1e76dz5tmac6iq689wyjfpiij4txtdo,8AE48C3365DCB9748889D80F8D35EEE9EB3A8CA9DE40EADCDF96F5EC7A6E9F62,252385047169,252585248716,200201547,
nano,nano-serial,nano_3e3j5tkog48pnny9dmfzj1r16pg8t1e76dz5tmac6iq689wyjfpiij4txtdo,823,nano_3e3j5tkog48pnny9dmfzj1r16pg8t1e76dz5tmac6iq689wyjfpiij4txtdo,8E0E1DD198C434BB07E7F0E2B59AFE395F6BB7616139B913C2F3C129E64F6E59,252585252992,252785476422,200223430,
nano,nano-serial,nano_3e3j5tkog48pnny9dmfzj1r16pg8t1e76dz5tmac6iq689wyjfpiij4txtdo,824,nano_3e3j5tkog48pnny9dmfzj1r16pg8t1e76dz5tmac6iq689wyjfpiij4txtdo,1C6FA96ABF41DA7345AF7064B655354E5278C8DCB607DACC01596BE92F91752F,252785482181,252985832979,200350798,
nano,nano-serial,nano_3e3j5tkog48pnny9dmfzj1r16pg8t1e76dz5tmac6iq689wyjfpiij4txtdo,825,nano_3e3j5tkog48pnny9dmfzj1r16pg8t1e76dz5tmac6iq689wyjfpiij4txtdo,176E953A967AE702A0DE5EC129BBEA5BE72528E75175253BF925B99940FFE8A2,252985838407,253186129036,200290629,
nano,nano-serial,nano_3e3j5tkog48pnny9dmfzj1r16pg8t1e76dz5tmac6iq689wyjfpiij4txtdo,826,nano_3e3j5tkog48pnny9dmfzj1r16pg8t1e76dz5tmac6iq689wyjfpiij4txtdo,9CB9715F204BCD7100C27FC1B0DF8A5FC45CC5BB42FE4549C40F4F5C96F2F623,253186133362,253386385875,200252513,
nano,nano-serial,nano_3e3j5tkog48pnny9dmfzj1r16pg8t1e76dz5tmac6iq689wyjfpiij4txtdo,827,nano_3e3j5tkog48pnny9dmfzj1r16pg8t1e76dz5tmac6iq689wyjfpiij4txtdo,391571CFA8BDCFCC68B29759727E94E6D4F6BA4618E1C9C4F5216883D40032F3,253386394218,253586630737,200236519,
nano,nano-serial,nano_3e3j5tkog48pnny9dmfzj1r16pg8t1e76dz5tmac6iq689wyjfpiij4txtdo,828,nano_3e3j5tkog48pnny9dmfzj1r16pg8t1e76dz5tmac6iq689wyjfpiij4txtdo,7AA771B7E4BBD29F05B3A47F2B3B34B428F5552A342DD92BBD0D993A4AD2FD44,253586634783,253786950910,200316127,
nano,nano-serial,nano_3e3j5tkog48pnny9dmfzj1r16pg8t1e76dz5tmac6iq689wyjfpiij4txtdo,829,nano_3e3j5tkog48pnny9dmfzj1r16pg8t1e76dz5tmac6iq689wyjfpiij4txtdo,D385BE21A9DEFBC5CE04271D849F901EC70844E93D898B731CD2F5A5FDE635C4,253786955086,253987258394,200303308,
nano,nano-serial,nano_3e3j5tkog48pnny9dmfzj1r16pg8t1e76dz5tmac6iq689wyjfpiij4txtdo,830,nano_3e3j5tkog48pnny9dmfzj1r16pg8t1e76dz5tmac6iq689wyjfpiij4txtdo,326015D0CEFA0A48047DD1CF9F347A13FFF380B10E46E528E29DA68656633C14,253987262811,254187607510,200344699,
nano,nano-serial,nano_3e3j5tkog48pnny9dmfzj1r16pg8t1e76dz5tmac6iq689wyjfpiij4txtdo,831,nano_3e3j5tkog48pnny9dmfzj1r16pg8t1e76dz5tmac6iq689wyjfpiij4txtdo,D7369AE7DC5AA8202D32C2E888F63DB55297E31361EBCEE2B669123B813187FB,254187613950,254388028122,200414172,
nano,nano-serial,nano_3e3j5tkog48pnny9dmfzj1r16pg8t1e76dz5tmac6iq689wyjfpiij4txtdo,832,nano_3e3j5tkog48pnny9dmfzj1r16pg8t1e76dz5tmac6iq689wyjfpiij4txtdo,F9536177B7493E741C7ED0804C4854135A43DEF320E9F579D2BCA3F325D7A9E2,254388032268,254588208027,200175759,
nano,nano-serial,nano_3e3j5tkog48pnny9dmfzj1r16pg8t1e76dz5tmac6iq689wyjfpiij4txtdo,833,nano_3e3j5tkog48pnny9dmfzj1r16pg8t1e76dz5tmac6iq689wyjfpiij4txtdo,CBF2AD595634A00A2E5A766720AE5B5DC0E4821BA4B657B3F2420969720E529B,254588212063,254788606677,200394614,
nano,nano-serial,nano_3e3j5tkog48pnny9dmfzj1r16pg8t1e76dz5tmac6iq689wyjfpiij4txtdo,834,nano_3e3j5tkog48pnny9dmfzj1r16pg8t1e76dz5tmac6iq689wyjfpiij4txtdo,4490E20F134E769D100EAD10ECE833293B7F9FA59B8F836F45B0EC67DBD89E7B,254788610973,254988782486,200171513,
nano,nano-serial,nano_3e3j5tkog48pnny9dmfzj1r16pg8t1e76dz5tmac6iq689wyjfpiij4txtdo,835,nano_3e3j5tkog48pnny9dmfzj1r16pg8t1e76dz5tmac6iq689wyjfpiij4txtdo,04EDF0F1B95F051589D2747D210D67B4F46A961719C780425ABA3341F9943057,254988786883,255189089500,200302617,
nano,nano-serial,nano_3e3j5tkog48pnny9dmfzj1r16pg8t1e76dz5tmac6iq689wyjfpiij4txtdo,836,nano_3e3j5tkog48pnny9dmfzj1r16pg8t1e76dz5tmac6iq689wyjfpiij4txtdo,AF78FEBC2FD260A37DA78B2A817A8D35F8D39AC4AC4E66F0FAA90AE60A4BB425,255189094207,255389422642,200328435,
nano,nano-serial,nano_3e3j5tkog48pnny9dmfzj1r16pg8t1e76dz5tmac6iq689wyjfpiij4txtdo,837,nano_3e3j5tkog48pnny9dmfzj1r16pg8t1e76dz5tmac6iq689wyjfpiij4txtdo,45E77A6514E0151C2AAA3D3BAD21BFEABA2DA610283DAF7C809D616B78DBF12C,255389426578,255589722856,200296278,
nano,nano-serial,nano_3e3j5tkog48pnny9dmfzj1r16pg8t1e76dz5tmac6iq689wyjfpiij4txtdo,838,nano_3e3j5tkog48pnny9dmfzj1r16pg8t1e76dz5tmac6iq689wyjfpiij4txtdo,2B1889C72F459DB007DA6B9B6BB600BDF7C037F81F56B7604F0025AABEE4B0EB,255589727523,255790054285,200326762,
nano,nano-serial,nano_3e3j5tkog48pnny9dmfzj1r16pg8t1e76dz5tmac6iq689wyjfpiij4txtdo,839,nano_3e3j5tkog48pnny9dmfzj1r16pg8t1e76dz5tmac6iq689wyjfpiij4txtdo,4BD7DD69F307951008E8EF58D836B0ABE0A1DEA8E8E778B863FB38E45F30C494,255790058982,255990363861,200304879,
nano,nano-serial,nano_3e3j5tkog48pnny9dmfzj1r16pg8t1e76dz5tmac6iq689wyjfpiij4txtdo,840,nano_3e3j5tkog48pnny9dmfzj1r16pg8t1e76dz5tmac6iq689wyjfpiij4txtdo,76A236B5B13B14793BFD8A3ED5BDDCF1C00E34B05F8F4677F7ADD948AC0090C7,255990367827,256190529586,200161759,
nano,nano-serial,nano_3e3j5tkog48pnny9dmfzj1r16pg8t1e76dz5tmac6iq689wyjfpiij4txtdo,841,nano_3e3j5tkog48pnny9dmfzj1r16pg8t1e76dz5tmac6iq689wyjfpiij4txtdo,5D90B63A470149EC7A374C12AD4929EC583B122571F353E3C63A0645BBA9E63E,256190534253,256390785554,200251301,
nano,nano-serial,nano_3e3j5tkog48pnny9dmfzj1r16pg8t1e76dz5tmac6iq689wyjfpiij4txtdo,842,nano_3e3j5tkog48pnny9dmfzj1r16pg8t1e76dz5tmac6iq689wyjfpiij4txtdo,7ED5498A7F8456A85F1F0990B2964E89AC81A4758D7CCFE9927B8B57CEF8696E,256390789030,256591117485,200328455,
nano,nano-serial,nano_3e3j5tkog48pnny9dmfzj1r16pg8t1e76dz5tmac6iq689wyjfpiij4txtdo,843,nano_3e3j5tkog48pnny9dmfzj1r16pg8t1e76dz5tmac6iq689wyjfpiij4txtdo,672B080EE2CB9F8244DF7778258A74ADBBD9BB8A2EFAC6CB08B1FD414B9C8275,256591121541,256791301837,200180296,
nano,nano-serial,nano_3e3j5tkog48pnny9dmfzj1r16pg8t1e76dz5tmac6iq689wyjfpiij4txtdo,844,nano_3e3j5tkog48pnny9dmfzj1r16pg8t1e76dz5tmac6iq689wyjfpiij4txtdo,DB63F489DA318CDB5A93C45DB4F0F9E02B836AEF90F19D296B0DC79318194A50,256791306053,256991638163,200332110,
nano,nano-serial,nano_3e3j5tkog48pnny9dmfzj1r16pg8t1e76dz5tmac6iq689wyjfpiij4txtdo,845,nano_3e3j5tkog48pnny9dmfzj1r16pg8t1e76dz5tmac6iq689wyjfpiij4txtdo,5954E63A6E21AEEB8B364853A5479717EB88A4C3F85199264B4CB419F97552B2,256991642540,257191933570,200291030,
nano,nano-serial,nano_3e3j5tkog48pnny9dmfzj1r16pg8t1e76dz5tmac6iq689wyjfpiij4txtdo,846,nano_3e3j5tkog48pnny9dmfzj1r16pg8t1e76dz5tmac6iq689wyjfpiij4txtdo,CF021D2C1851D32BD21BECFBF3D905A8FC6E24DC00904432D119A807B0D4BA70,257191938307,257392253623,200315316,
nano,nano-serial,nano_3e3j5tkog48pnny9dmfzj1r16pg8t1e76dz5tmac6iq689wyjfpiij4txtdo,847,nano_3e3j5tkog48pnny9dmfzj1r16pg8t1e76dz5tmac6iq689wyjfpiij4txtdo,68526FC3CB4799EF488446D8EB171A61437925546A29E1B69B1270322722E207,257392258150,257592433018,200174868,
nano,nano-serial,nano_3e3j5tkog48pnny9dmfzj1r16pg8t1e76dz5tmac6iq689wyjfpiij4txtdo,848,nano_3e3j5tkog48pnny9dmfzj1r16pg8t1e76dz5tmac6iq689wyjfpiij4txtdo,0E01F4021614758F5673DF52AC9720EC91C5F93C6CDBD7F59183142EC0BE2EF1,257592437244,257792657079,200219835,
nano,nano-serial,nano_3e3j5tkog48pnny9dmfzj1r16pg8t1e76dz5tmac6iq689wyjfpiij4txtdo,849,nano_3e3j5tkog48pnny9dmfzj1r16pg8t1e76dz5tmac6iq689wyjfpiij4txtdo,05541E15A524569D03A144BDDD667A90CC97E63F286C8C4545615B29B31CC840,257792661556,257993042048,200380492,
nano,nano-serial,nano_3e3j5tkog48pnny9dmfzj1r16pg8t1e76dz5tmac6iq689wyjfpiij4txtdo,850,nano_3e3j5tkog48pnny9dmfzj1r16pg8t1e76dz5tmac6iq689wyjfpiij4txtdo,C7029CFF215C403987DEF99109713AF5545687B4BE6EA96C2B1F64F91DB1A2B1,257993046174,258193387328,200341154,
nano,nano-serial,nano_3e3j5tkog48pnny9dmfzj1r16pg8t1e76dz5tmac6iq689wyjfpiij4txtdo,851,nano_3e3j5tkog48pnny9dmfzj1r16pg8t1e76dz5tmac6iq689wyjfpiij4txtdo,DDA5C30D2A7BAE35E721B5A2BD3EBBFFD03F09B7703F2C134FBF94FD6DE85CC7,258193391223,258393644948,200253725,
nano,nano-serial,nano_3e3j5tkog48pnny9dmfzj1r16pg8t1e76dz5tmac6iq689wyjfpiij4txtdo,852,nano_3e3j5tkog48pnny9dmfzj1r16pg8t1e76dz5tmac6iq689wyjfpiij4txtdo,5FDE58EE74760A7C37BCFCABE7027CC00B4AA087E27575DB3A81544EF9CF7F30,258393649104,258593845404,200196300,
nano,nano-serial,nano_3e3j5tkog48pnny9dmfzj1r16pg8t1e76dz5tmac6iq689wyjfpiij4txtdo,853,nano_3e3j5tkog48pnny9dmfzj1r16pg8t1e76dz5tmac6iq689wyjfpiij4txtdo,449F4DFA7E2141F4F04F83F04826E65D59438AEE7C60BA0852FB10E3EB88B80C,258593849480,258794118047,200268567,
nano,nano-serial,nano_3e3j5tkog48pnny9dmfzj1r16pg8t1e76dz5tmac6iq689wyjfpiij4txtdo,854,nano_3e3j5tkog48pnny9dmfzj1r16pg8t1e76dz5tmac6iq689wyjfpiij4txtdo,994C5523E4B458EDEBAC3161E8A77424CF771B3468BF5FEC46C3F21B99EB1A57,258794122954,258994375387,200252433,
nano,nano-serial,nano_3e3j5tkog48pnny9dmfzj1r16pg8t1e76dz5tmac6iq689wyjfpiij4txtdo,855,nano_3e3j5tkog48pnny9dmfzj1r16pg8t1e76dz5tmac6iq689wyjfpiij4txtdo,855CA9817D4966D6015E3A28A79F1873A112E3D21BE594E33A1CADB31413F871,258994380084,259194785282,200405198,
nano,nano-serial,nano_3e3j5tkog48pnny9dmfzj1r16pg8t1e76dz5tmac6iq689wyjfpiij4txtdo,856,nano_3e3j5tkog48pnny9dmfzj1r16pg8t1e76dz5tmac6iq689wyjfpiij4txtdo,08013C2F01365178641AFB4264F1B506CFB1D26E927AEDE93B1371C2F6F23C5D,259194789919,259395082702,200292783,
nano,nano-serial,nano_3e3j5tkog48pnny9dmfzj1r16pg8t1e76dz5tmac6iq689wyjfpiij4txtdo,857,nano_3e3j5tkog48pnny9dmfzj1r16pg8t1e76dz5tmac6iq689wyjfpiij4txtdo,396DC7DD5FA70CE6BB5A095052DAA0D127CD44020CFCD69DDC7E554D9DEC9693,259395086657,259595383050,200296393,
nano,nano-serial,nano_3e3j5tkog48pnny9dmfzj1r16pg8t1e76dz5tmac6iq689wyjfpiij4txtdo,858,nano_3e3j5tkog48pnny9dmfzj1r16pg8t1e76dz5tmac6iq689wyjfpiij4txtdo,32CB2BAA0BA95A7B8619D5BD6150EEFC940A45DC815897855D31BEB43FB7C94E,259595386955,259795555063,200168108,
nano,nano-serial,nano_3e3j5tkog48pnny9dmfzj1r16pg8t1e76dz5tmac6iq689wyjfpiij4txtdo,859,nano_3e3j5tkog48pnny9dmfzj1r16pg8t1e76dz5tmac6iq689wyjfpiij4txtdo,D173C15047A366E17C2C1BB7DAD3B257D8C97E787CF1CD84C979D93699B007AA,259795559460,259995809799,200250339,
nano,nano-serial,nano_3e3j5tkog48pnny9dmfzj1r16pg8t1e76dz5tmac6iq689wyjfpiij4txtdo,860,nano_3e3j5tkog48pnny9dmfzj1r16pg8t1e76dz5tmac6iq689wyjfpiij4txtdo,FA0D8F2DDD6668C46E7BCE3AB1D59BE8F3333C28A93C6470ECDE1F2EC1E68529,259995814315,260196174286,200359971,
nano,nano-serial,nano_3e3j5tkog48pnny9dmfzj1r16pg8t1e76dz5tmac6iq689wyjfpiij4txtdo,861,nano_3e3j5tkog48pnny9dmfzj1r16pg8t1e76dz5tmac6iq689wyjfpiij4txtdo,21BBD403FC1259E7B9A92042FE4799350C93EEF96A3E92E7258B2F1DF67B6164,260196178743,260396401531,200222788,
nano,nano-serial,nano_3e3j5tkog48pnny9dmfzj1r16pg8t1e76dz5tmac6iq689wyjfpiij4txtdo,862,nano_3e3j5tkog48pnny9dmfzj1r16pg8t1e76dz5tmac6iq689wyjfpiij4txtdo,8D57E5D1D13710AB4696FEFC5BB2757DF8387C54C574EE86F633F533330E4470,260396405627,260596632271,200226644,
nano,nano-serial,nano_3e3j5tkog48pnny9dmfzj1r16pg8t1e76dz5tmac6iq689wyjfpiij4txtdo,863,nano_3e3j5tkog48pnny9dmfzj1r16pg8t1e76dz5tmac6iq689wyjfpiij4txtdo,DA38396AF8D4EE6A9F5FBEE0E5A27F0030A5B4B6BAD8A3E8C4FAF4BEC4394DB2,260596636057,260796934166,200298109,
nano,nano-serial,nano_3e3j5tkog48pnny9dmfzj1r16pg8t1e76dz5tmac6iq689wyjfpiij4txtdo,864,nano_3e3j5tkog48pnny9dmfzj1r16pg8t1e76dz5tmac6iq689wyjfpiij4txtdo,A547EE31872E89FD02E80852F13C50A2A08B566E182FB144B4E5937E9284B360,260796938252,260997257873,200319621,
nano,nano-serial,nano_3e3j5tkog48pnny9dmfzj1r16pg8t1e76dz5tmac6iq689wyjfpiij4txtdo,865,nano_3e3j5tkog48pnny9dmfzj1r16pg8t1e76dz5tmac6iq689wyjfpiij4txtdo,D3B7533A1EC5FBAE48835F19CDE6574AFF8CE5CD58EDF2BAFE527DD5DA48B33E,260997262269,261197540120,200277851,
nano,nano-serial,nano_3e3j5tkog48pnny9dmfzj1r16pg8t1e76dz5tmac6iq689wyjfpiij4txtdo,866,nano_3e3j5tkog48pnny9dmfzj1r16pg8t1e76dz5tmac6iq689wyjfpiij4txtdo,2F22539F4F21B6923F8B2CD1DFFCFF194FF28F54353E2FC221BC2A7D8C7D5890,261197544286,261397734777,200190491,
nano,nano-serial,nano_3e3j5tkog48pnny9dmfzj1r16pg8t1e76dz5tmac6iq689wyjfpiij4txtdo,867,nano_3e3j5tkog48pnny9dmfzj1r16pg8t1e76dz5tmac6iq689wyjfpiij4txtdo,FFE5A0971B7D1FAA9003B9583E3F3E4AE7D45EB73B16A8A1C7E2224719AEA4BA,261397739433,261598026336,200286903,
nano,nano-serial,nano_3e3j5tkog48pnny9dmfzj1r16pg8t1e76dz5tmac6iq689wyjfpiij4txtdo,868,nano_3e3j5tkog48pnny9dmfzj1r16pg8t1e76dz5tmac6iq689wyjfpiij4txtdo,A82A59C2E7F82FFC6F3FF177367648890E9292A60D38DC68D7F3C03D3373A2FF,261598030572,261798270816,200240244,
nano,nano-serial,nano_3e3j5tkog48pnny9dmfzj1r16pg8t1e76dz5tmac6iq689wyjfpiij4txtdo,869,nano_3e3j5tkog48pnny9dmfzj1r16pg8t1e76dz5tmac6iq689wyjfpiij4txtdo,78B689FF542E5B4F7A2EC852FF129D27A827C9360DD5B4FB0D3BCA890D9F805D,261798275323,261998609706,200334383,
nano,nano-serial,nano_3e3j5tkog48pnny9dmfzj1r16pg8t1e76dz5tmac6iq689wyjfpiij4txtdo,870,nano_3e3j5tkog48pnny9dmfzj1r16pg8t1e76dz5tmac6iq689wyjfpiij4txtdo,2239EA4861B8BAB95495B6E17EE3DE8E05DF57B6571B9FE098985EB2ABF0C02C,261998614123,262198916669,200302546,
nano,nano-serial,nano_3e3j5tkog48pnny9dmfzj1r16pg8t1e76dz5tmac6iq689wyjfpiij4txtdo,871,nano_3e3j5tkog48pnny9dmfzj1r16pg8t1e76dz5tmac6iq689wyjfpiij4txtdo,EF1545B55418AC3366BB06F00D3E30BB16F609D92A3382811848C87B78548A6D,262198920885,262399311461,200390576,
nano,nano-serial,nano_3e3j5tkog48pnny9dmfzj1r16pg8t1e76dz5tmac6iq689wyjfpiij4txtdo,872,nano_3e3j5tkog48pnny9dmfzj1r16pg8t1e76dz5tmac6iq689wyjfpiij4txtdo,075EA1B17ADE734A1CD968F58D842AE8607A67B424C6930425E5312A772457B1,262399316178,262599570743,200254565,
nano,nano-serial,nano_3e3j5tkog48pnny9dmfzj1r16pg8t1e76dz5tmac6iq689wyjfpiij4txtdo,873,nano_3e3j5tkog48pnny9dmfzj1r16pg8t1e76dz5tmac6iq689wyjfpiij4txtdo,8F0249288FB852438939163F7F20BB4D5F15F7217D8D1CAF3ADDB92C26D10CBF,262599574970,262799799941,200224971,
nano,nano-serial,nano_3e3j5tkog48pnny9dmfzj1r16pg8t1e76dz5tmac6iq689wyjfpiij4txtdo,874,nano_3e3j5tkog48pnny9dmfzj1r16pg8t1e76dz5tmac6iq689wyjfpiij4txtdo,02ECA251004C4DAC1B2096FFF810EC454EE2FC78D69B033379DEB172AF02D9CE,262799804358,263000202856,200398498,
nano,nano-serial,nano_3e3j5tkog48pnny9dmfzj1r16pg8t1e76dz5tmac6iq689wyjfpiij4txtdo,875,nano_3e3j5tkog48pnny9dmfzj1r16pg8t1e76dz5tmac6iq689wyjfpiij4txtdo,A80D270F5D1DFAD85942B764530A0D3304C6AE83B7E74790D3405B8EE05CEB7B,263000207023,263200408799,200201776,
nano,nano-serial,nano_3e3j5tkog48pnny9dmfzj1r16pg8t1e76dz5tmac6iq689wyjfpiij4txtdo,876,nano_3e3j5tkog48pnny9dmfzj1r16pg8t1e76dz5tmac6iq689wyjfpiij4txtdo,355E9F56982E58EA3C79681B545D256567CC477FFF395D5F000D5B879989BE95,263200413326,263400800377,200387051,
nano,nano-serial,nano_3e3j5tkog48pnny9dmfzj1r16pg8t1e76dz5tmac6iq689wyjfpiij4txtdo,877,nano_3e3j5tkog48pnny9dmfzj1r16pg8t1e76dz5tmac6iq689wyjfpiij4txtdo,4B1ACB6A371885A197107C19A4E3C96012B656C99ABEB81B139516AFCB81670D,263400804843,263601077275,200272432,
nano,nano-serial,nano_3e3j5tkog48pnny9dmfzj1r16pg8t1e76dz5tmac6iq689wyjfpiij4txtdo,878,nano_3e3j5tkog48pnny9dmfzj1r16pg8t1e76dz5tmac6iq689wyjfpiij4txtdo,85AE2B30593BDE5110CFD8A23B86C58849585E7C4753585997DFBF24404AD6B7,263601081411,263801258212,200176801,
nano,nano-serial,nano_3e3j5tkog48pnny9dmfzj1r16pg8t1e76dz5tmac6iq689wyjfpiij4txtdo,879,nano_3e3j5tkog48pnny9dmfzj1r16pg8t1e76dz5tmac6iq689wyjfpiij4txtdo,400B0AF67D912BFD08A29013C3F52B4C2365758C662BEE89455463DBEE3DE865,263801262478,264001555180,200292702,
nano,nano-serial,nano_3e3j5tkog48pnny9dmfzj1r16pg8t1e76dz5tmac6iq689wyjfpiij4txtdo,880,nano_3e3j5tkog48pnny9dmfzj1r16pg8t1e76dz5tmac6iq689wyjfpiij4txtdo,B3742468C3FE3670A4D54682B158B173BF8E198D3CBDD7699FA50E11F0B5D02E,264001559497,264201918436,200358939,
nano,nano-serial,nano_3e3j5tkog48pnny9dmfzj1r16pg8t1e76dz5tmac6iq689wyjfpiij4txtdo,881,nano_3e3j5tkog48pnny9dmfzj1r16pg8t1e76dz5tmac6iq689wyjfpiij4txtdo,3EA5DE623CC3B68A3BC6939F5D142616ACABFF9E6ED1606C5465DA1E0B96EC24,264201922993,264402217246,200294253,
nano,nano-serial,nano_3e3j5tkog48pnny9dmfzj1r16pg8t1e76dz5tmac6iq689wyjfpiij4txtdo,882,nano_3e3j5tkog48pnny9dmfzj1r16pg8t1e76dz5tmac6iq689wyjfpiij4txtdo,6A4DFC07854A2F502B27DA3BC56BA391BDCC5F86DEC550D80F808B2D6B8EEE23,264402222003,264602505161,200283158,
nano,nano-serial,nano_3e3j5tkog48pnny9dmfzj1r16pg8t1e76dz5tmac6iq689wyjfpiij4txtdo,883,nano_3e3j5tkog48pnny9dmfzj1r16pg8t1e76dz5tmac6iq689wyjfpiij4txtdo,648AAC2F32315456DFE4E9A1FB20E05D111DE1564CCA91299ABED109E9198D9D,264602509017,264802772476,200263459,
nano,nano-serial,nano_3e3j5tkog48pnny9dmfzj1r16pg8t1e76dz5tmac6iq689wyjfpiij4txtdo,884,nano_3e3j5tkog48pnny9dmfzj1r16pg8t1e76dz5tmac6iq689wyjfpiij4txtdo,D13F9C2A7C4B80352AB1634FC8D232B98200CE66F2347F1772B667CE85BFE168,264802777163,265003131056,200353893,
nano,nano-serial,nano_3e3j5tkog48pnny9dmfzj1r16pg8t1e76dz5tmac6iq689wyjfpiij4txtdo,885,nano_3e3j5tkog48pnny9dmfzj1r16pg8t1e76dz5tmac6iq689wyjfpiij4txtdo,7EB992C15657D39F9EE2B065FE0639E7F3C9E696C78A28E20591C2F7A4DDCAC2,265003135572,265203301417,200165845,
nano,nano-serial,nano_3e3j5tkog48pnny9dmfzj1r16pg8t1e76dz5tmac6iq689wyjfpiij4txtdo,886,nano_3e3j5tkog48pnny9dmfzj1r16pg8t1e76dz5tmac6iq689wyjfpiij4txtdo,136DFDC2085604253E211B3EBE61004B8E58C302966518B74E9FE87BB85074F0,265203305673,265403649090,200343417,
nano,nano-serial,nano_3e3j5tkog48pnny9dmfzj1r16pg8t1e76dz5tmac6iq689wyjfpiij4txtdo,887,nano_3e3j5tkog48pnny9dmfzj1r16pg8t1e76dz5tmac6iq689wyjfpiij4txtdo,20FBF24BEBCFA3BB06A2E8EFAE2A3D57DCCA7EE1B0D09167127898F2E98C1929,265403653126,265603925517,200272391,
nano,nano-serial,nano_3e3j5tkog48pnny9dmfzj1r16pg8t1e76dz5tmac6iq689wyjfpiij4txtdo,888,nano_3e3j5tkog48pnny9dmfzj1r16pg8t1e76dz5tmac6iq689wyjfpiij4txtdo,6450BE7A90F9A93506B7C90E1653F9FEA85A12ACFE3F7265DE60A978420EF57A,265603929803,265804200602,200270799,
nano,nano-serial,nano_3e3j5tkog48pnny9dmfzj1r16pg8t1e76dz5tmac6iq689wyjfpiij4txtdo,889,nano_3e3j5tkog48pnny9dmfzj1r16pg8t1e76dz5tmac6iq689wyjfpiij4txtdo,5EEE6E3A1FF3965DF4561F142713AF57039C64DBB3F5B81EC04893E3F6973493,265804204638,266004545491,200340853,
nano,nano-serial,nano_3e3j5tkog48pnny9dmfzj1r16pg8t1e76dz5tmac6iq689wyjfpiij4txtdo,890,nano_3e3j5tkog48pnny9dmfzj1r16pg8t1e76dz5tmac6iq689wyjfpiij4txtdo,EFAA773A9372ED42C0DEA39D0E7DB44389C045009D1C0A3443861D2BC624E2D5,266004549667,266204847526,200297859,
nano,nano-serial,nano_3e3j5tkog48pnny9dmfzj1r16pg8t1e76dz5tmac6iq689wyjfpiij4txtdo,891,nano_3e3j5tkog48pnny9dmfzj1r16pg8t1e76dz5tmac6iq689wyjfpiij4txtdo,8358BF544ABFB2DFA239DBF42A1013E983F198D857FF2B19265CADCF4A74CFCD,266204851792,266405112797,200261005,
nano,nano-serial,nano_3e3j5tkog48pnny9dmfzj1r16pg8t1e76dz5tmac6iq689wyjfpiij4txtdo,892,nano_3e3j5tkog48pnny9dmfzj1r16pg8t1e76dz5tmac6iq689wyjfpiij4txtdo,1581BD046F7BB9D133A85344346CC81651BF38092138BABA29362ED0901D201D,266405119086,266605462172,200343086,
nano,nano-serial,nano_3e3j5tkog48pnny9dmfzj1r16pg8t1e76dz5tmac6iq689wyjfpiij4txtdo,893,nano_3e3j5tkog48pnny9dmfzj1r16pg8t1e76dz5tmac6iq689wyjfpiij4txtdo,CF14279E1E3AF23838A6E5E34FCE71254740261596F272AF4A39B0BFE11C59D9,266605468702,266805656179,200187477,
nano,nano-serial,nano_3e3j5tkog48pnny9dmfzj1r16pg8t1e76dz5tmac6iq689wyjfpiij4txtdo,894,nano_3e3j5tkog48pnny9dmfzj1r16pg8t1e76dz5tmac6iq689wyjfpiij4txtdo,5C6F60036735483DDD932974906D030E6589B6F5AB0BDE26A25E8B718BCE896C,266805660325,267006052894,200392569,
nano,nano-serial,nano_3e3j5tkog48pnny9dmfzj1r16pg8t1e76dz5tmac6iq689wyjfpiij4txtdo,895,nano_3e3j5tkog48pnny9dmfzj1r16pg8t1e76dz5tmac6iq689wyjfpiij4txtdo,DEDF6E370C6AC88D04910ADB239F9AC55D1E064311A5947474BC36C76FFD3190,267006059213,267206331855,200272642,
nano,nano-serial,nano_3e3j5tkog48pnny9dmfzj1r16pg8t1e76dz5tmac6iq689wyjfpiij4txtdo,896,nano_3e3j5tkog48pnny9dmfzj1r16pg8t1e76dz5tmac6iq689wyjfpiij4txtdo,83E120D7A2DD58E81DA4E1C6272E60084615071FA88A493B9024A9C904F15035,267206336462,267406629014,200292552,
nano,nano-serial,nano_3e3j5tkog48pnny9dmfzj1r16pg8t1e76dz5tmac6iq689wyjfpiij4txtdo,897,nano_3e3j5tkog48pnny9dmfzj1r16pg8t1e76dz5tmac6iq689wyjfpiij4txtdo,C5F5B165B316604244F7C25479AA4EBD8F526C83788CDE1A92A768B6F0A77D60,267406633781,267606919150,200285369,
nano,nano-serial,nano_3e3j5tkog48pnny9dmfzj1r16pg8t1e76dz5tmac6iq689wyjfpiij4txtdo,898,nano_3e3j5tkog48pnny9dmfzj1r16pg8t1e76dz5tmac6iq689wyjfpiij4txtdo,63627C7374D27F879EBC6304B9789652876BBEE62C195975A23AF712554E8097,267606923637,267807112894,200189257,
nano,nano-serial,nano_3e3j5tkog48pnny9dmfzj1r16pg8t1e76dz5tmac6iq689wyjfpiij4txtdo,899,nano_3e3j5tkog48pnny9dmfzj1r16pg8t1e76dz5tmac6iq689wyjfpiij4txtdo,CE04B8A8C13125ECC6C0571B8D2C7124BDBF7288E86B77DA9DF07C1BCE31452A,267807117611,268007546190,200428579,
nano,nano-serial,nano_3e3j5tkog48pnny9dmfzj1r16pg8t1e76dz5tmac6iq689wyjfpiij4txtdo,900,nano_3e3j5tkog48pnny9dmfzj1r16pg8t1e76dz5tmac6iq689wyjfpiij4txtdo,F696EB72D64404E97295752DCBF74D3E69BD090E4CD450B11D0844F7FD9E8F31,268007551237,268207690250,200139013,
nano,nano-serial,nano_3e3j5tkog48pnny9dmfzj1r16pg8t1e76dz5tmac6iq689wyjfpiij4txtdo,901,nano_3e3j5tkog48pnny9dmfzj1r16pg8t1e76dz5tmac6iq689wyjfpiij4txtdo,E54DCEA63C7CB6A411F7076A89A00A62FB4120B35219D9E3D90812A263338F4A,268207694926,268408086112,200391186,
nano,nano-serial,nano_3e3j5tkog48pnny9dmfzj1r16pg8t1e76dz5tmac6iq689wyjfpiij4txtdo,902,nano_3e3j5tkog48pnny9dmfzj1r16pg8t1e76dz5tmac6iq689wyjfpiij4txtdo,D226D7F245506A3E825F4C3D3F67BF6A8E5B026487E950757E89E838B22F9F7C,268408090438,268608372541,200282103,
nano,nano-serial,nano_3e3j5tkog48pnny9dmfzj1r16pg8t1e76dz5tmac6iq689wyjfpiij4txtdo,903,nano_3e3j5tkog48pnny9dmfzj1r16pg8t1e76dz5tmac6iq689wyjfpiij4txtdo,2BA864E75326E50734A37B82685B15163DF85E83FE8C9CDD92A58CD11660AA04,268608376957,268808619102,200242145,
nano,nano-serial,nano_3e3j5tkog48pnny9dmfzj1r16pg8t1e76dz5tmac6iq689wyjfpiij4txtdo,904,nano_3e3j5tkog48pnny9dmfzj1r16pg8t1e76dz5tmac6iq689wyjfpiij4txtdo,54D5BF3382638FFB439EF92C02BEDD890922ED25C3945FF4392C4E25E9F8D471,268808623719,269009019330,200395611,
nano,nano-serial,nano_3e3j5tkog48pnny9dmfzj1r16pg8t1e76dz5tmac6iq689wyjfpiij4txtdo,905,nano_3e3j5tkog48pnny9dmfzj1r16pg8t1e76dz5tmac6iq689wyjfpiij4txtdo,2C30355D564C7BCAC4674A9A56DF3242AC04F340A8EE0B848A101CE7D1076FAC,269009023627,269209139114,200115487,
nano,nano-serial,nano_3e3j5tkog48pnny9dmfzj1r16pg8t1e76dz5tmac6iq689wyjfpiij4txtdo,906,nano_3e3j5tkog48pnny9dmfzj1r16pg8t1e76dz5tmac6iq689wyjfpiij4txtdo,74CBEA04F0488E6DC8416554E2736A4C15B017F3F2053415707340EB0526A0CE,269209143090,269409457421,200314331,
nano,nano-serial,nano_3e3j5tkog48pnny9dmfzj1r16pg8t1e76dz5tmac6iq689wyjfpiij4txtdo,907,nano_3e3j5tkog48pnny9dmfzj1r16pg8t1e76dz5tmac6iq689wyjfpiij4txtdo,9B0E268BC8D5322944F6374C6D779FE00E4DB2E272B973508DB100C86BAC6062,269409461798,269609740987,200279189,
nano,nano-serial,nano_3e3j5tkog48pnny9dmfzj1r16pg8t1e76dz5tmac6iq689wyjfpiij4txtdo,908,nano_3e3j5tkog48pnny9dmfzj1r16pg8t1e76dz5tmac6iq689wyjfpiij4txtdo,E5EF4D3BF5D56BEF65714FFCA3EF484107CEB8DAFB9150C9433088AD5F6A1196,269609745624,269810102007,200356383,
nano,nano-serial,nano_3e3j5tkog48pnny9dmfzj1r16pg8t1e76dz5tmac6iq689wyjfpiij4txtdo,909,nano_3e3j5tkog48pnny9dmfzj1r16pg8t1e76dz5tmac6iq689wyjfpiij4txtdo,F52F0E79131C977B179C2F9A0B6CB06EC6256222BF46A4ABA8DBFE16D5D485A8,269810106033,270010335559,200229526,
nano,nano-serial,nano_3e3j5tkog48pnny9dmfzj1r16pg8t1e76dz5tmac6iq689wyjfpiij4txtdo,910,nano_3e3j5tkog48pnny9dmfzj1r16pg8t1e76dz5tmac6iq689wyjfpiij4txtdo,996A655EEFBDF7B87B3885F5E95BD749F5B44BD413A0FD3191A2626635C7F2D8,270010340437,270210633326,200292889,
nano,nano-serial,nano_3e3j5tkog48pnny9dmfzj1r16pg8t1e76dz5tmac6iq689wyjfpiij4txtdo,911,nano_3e3j5tkog48pnny9dmfzj1r16pg8t1e76dz5tmac6iq689wyjfpiij4txtdo,912D081CF6AC254B2105458B3CBF243807CA351CB18125AED0D4E9BF18A24CF6,270210638093,270410936450,200298357,
nano,nano-serial,nano_3e3j5tkog48pnny9dmfzj1r16pg8t1e76dz5tmac6iq689wyjfpiij4txtdo,912,nano_3e3j5tkog48pnny9dmfzj1r16pg8t1e76dz5tmac6iq689wyjfpiij4txtdo,E78609DC56EC863F009D48E569E9909A1412FB31EC64217FE46046DACD1C6214,270410940876,270611161569,200220693,
nano,nano-serial,nano_3e3j5tkog48pnny9dmfzj1r16pg8t1e76dz5tmac6iq689wyjfpiij4txtdo,913,nano_3e3j5tkog48pnny9dmfzj1r16pg8t1e76dz5tmac6iq689wyjfpiij4txtdo,F948F2BB4CF9CE3C55A4A51A332867051D136D5F758155B17A8676F204BAEDF2,270611165565,270811416923,200251358,
nano,nano-serial,nano_3e3j5tkog48pnny9dmfzj1r16pg8t1e76dz5tmac6iq689wyjfpiij4txtdo,914,nano_3e3j5tkog48pnny9dmfzj1r16pg8t1e76dz5tmac6iq689wyjfpiij4txtdo,C36B09FCB25D36C26863B1C3E1D022CD08E12C56526E045E048313F7DF33595A,270811421430,271011706687,200285257,
nano,nano-serial,nano_3e3j5tkog48pnny9dmfzj1r16pg8t1e76dz5tmac6iq689wyjfpiij4txtdo,915,nano_3e3j5tkog48pnny9dmfzj1r16pg8t1e76dz5tmac6iq689wyjfpiij4txtdo,48C8C3FCBE273357D5E271B8829A24C57320323F4D94DA8D079C5960D4F50057,271011711064,271212122309,200411245,
nano,nano-serial,nano_3e3j5tkog48pnny9dmfzj1r16pg8t1e76dz5tmac6iq689wyjfpiij4txtdo,916,nano_3e3j5tkog48pnny9dmfzj1r16pg8t1e76dz5tmac6iq689wyjfpiij4txtdo,D4F2A7196E8E7AEB80F2762FC84EDC86A0989ABD74DA3AD261D59A8873FE9D0E,271212128778,271412359586,200230808,
nano,nano-serial,nano_3e3j5tkog48pnny9dmfzj1r16pg8t1e76dz5tmac6iq689wyjfpiij4txtdo,917,nano_3e3j5tkog48pnny9dmfzj1r16pg8t1e76dz5tmac6iq689wyjfpiij4txtdo,7FAD4B5521F26898DA5642DE27DD6AE4712CB6C4CA3A9293A184C107048BA90D,271412364043,271612663772,200299729,
nano,nano-serial,nano_3e3j5tkog48pnny9dmfzj1r16pg8t1e76dz5tmac6iq689wyjfpiij4txtdo,918,nano_3e3j5tkog48pnny9dmfzj1r16pg8t1e76dz5tmac6iq689wyjfpiij4txtdo,438154F1BA741AB97B788F78FE4DDE965A5D8DB47FEB9F069E4EC0BE64FE308D,271612667998,271812938795,200270797,
nano,nano-serial,nano_3e3j5tkog48pnny9dmfzj1r16pg8t1e76dz5tmac6iq689wyjfpiij4txtdo,919,nano_3e3j5tkog48pnny9dmfzj1r16pg8t1e76dz5tmac6iq689wyjfpiij4txtdo,C6A6265B9DFEA44D0842F5CAAF10D36BED446BF78C8EFD9979F4B2266B47D70F,271812943192,272013262721,200319529,
nano,nano-serial,nano_3e3j5tkog48pnny9dmfzj1r16pg8t1e76dz5tmac6iq689wyjfpiij4txtdo,920,nano_3e3j5tkog48pnny9dmfzj1r16pg8t1e76dz5tmac6iq689wyjfpiij4txtdo,5A57F0A9060A4DAA10976D93C6205A73A3F4B79C0167E1CBB528ACA19FA44B3C,272013266857,272213620376,200353519,
nano,nano-serial,nano_3e3j5tkog48pnny9dmfzj1r16pg8t1e76dz5tmac6iq689wyjfpiij4txtdo,921,nano_3e3j5tkog48pnny9dmfzj1r16pg8t1e76dz5tmac6iq689wyjfpiij4txtdo,DCCFB10D521399A6F43669322EEDC0E921853DE89A64296F898681CB34AF7232,272213625053,272413876891,200251838,
nano,nano-serial,nano_3e3j5tkog48pnny9dmfzj1r16pg8t1e76dz5tmac6iq689wyjfpiij4txtdo,922,nano_3e3j5tkog48pnny9dmfzj1r16pg8t1e76dz5tmac6iq689wyjfpiij4txtdo,66FBA8022D1E8CE42B5D38B3D3E942D817528D6D712E00DF7C2AB287D6E97428,272413881438,272614211754,200330316,
nano,nano-serial,nano_3e3j5tkog48pnny9dmfzj1r16pg8t1e76dz5tmac6iq689wyjfpiij4txtdo,923,nano_3e3j5tkog48pnny9dmfzj1r16pg8t1e76dz5tmac6iq689wyjfpiij4txtdo,7171298C8BE0C3D882F5831E159C229E51131BA9C980724431E74267FD5622AD,272614216140,272814439837,200223697,
nano,nano-serial,nano_3e3j5tkog48pnny9dmfzj1r16pg8t1e76dz5tmac6iq689wyjfpiij4txtdo,924,nano_3e3j5tkog48pnny9dmfzj1r16pg8t1e76dz5tmac6iq689wyjfpiij4txtdo,CCAE78993BFFA245367FF80E421DDCFEE239298F87E21BDA392D69AE46F378F7,272814443583,273014732497,200288914,
nano,nano-serial,nano_3e3j5tkog48pnny9dmfzj1r16pg8t1e76dz5tmac6iq689wyjfpiij4txtdo,925,nano_3e3j5tkog48pnny9dmfzj1r16pg8t1e76dz5tmac6iq689wyjfpiij4txtdo,90B96329F595DF7CA844DB26AA1C0894317D390AB909E293B4DFA985E906F705,273014736633,273214935633,200199000,
nano,nano-serial,nano_3e3j5tkog48pnny9dmfzj1r16pg8t1e76dz5tmac6iq689wyjfpiij4txtdo,926,nano_3e3j5tkog48pnny9dmfzj1r16pg8t1e76dz5tmac6iq689wyjfpiij4txtdo,1FDDDB2E9659BBA76A3421241F3EDFF658B3E51B262997E5B5093E433ADAA9B0,273214940090,273415256163,200316073,
nano,nano-serial,nano_3e3j5tkog48pnny9dmfzj1r16pg8t1e76dz5tmac6iq689wyjfpiij4txtdo,927,nano_3e3j5tkog48pnny9dmfzj1r16pg8t1e76dz5tmac6iq689wyjfpiij4txtdo,AF6977B72FD3A5C5E0331C76B34206E150DEC58567314781A1BCF3F094B920EE,273415260369,273615505469,200245100,
nano,nano-serial,nano_3e3j5tkog48pnny9dmfzj1r16pg8t1e76dz5tmac6iq689wyjfpiij4txtdo,928,nano_3e3j5tkog48pnny9dmfzj1r16pg8t1e76dz5tmac6iq689wyjfpiij4txtdo,47573D7041D418E7607A0F8DC47DFA34AE65D86DD2B2B478167952336B91BA47,273615509395,273815725321,200215926,
nano,nano-serial,nano_3e3j5tkog48pnny9dmfzj1r16pg8t1e76dz5tmac6iq689wyjfpiij4txtdo,929,nano_3e3j5tkog48pnny9dmfzj1r16pg8t1e76dz5tmac6iq689wyjfpiij4txtdo,4D0B0D8B94935CBA6B83F140A38FEE88555440A12BDAD86FD574E86E8B0A9C4B,273815729046,274017884987,202155941,
nano,nano-serial,nano_3e3j5tkog48pnny9dmfzj1r16pg8t1e76dz5tmac6iq689wyjfpiij4txtdo,930,nano_3e3j5tkog48pnny9dmfzj1r16pg8t1e76dz5tmac6iq689wyjfpiij4txtdo,8A740D95DADA2462169E2B7466220694BD451D9C44F9F95B25F9AEC911BDBD7A,274017889634,274216334754,198445120,
nano,nano-serial,nano_3e3j5tkog48pnny9dmfzj1r16pg8t1e76dz5tmac6iq689wyjfpiij4txtdo,931,nano_3e3j5tkog48pnny9dmfzj1r16pg8t1e76dz5tmac6iq689wyjfpiij4txtdo,156491090AC0B7FEDB38E9CCCC44A09ACFD6DE32406FC66D5704420B2D3C32F6,274216339501,274416604159,200264658,
nano,nano-serial,nano_3e3j5tkog48pnny9dmfzj1r16pg8t1e76dz5tmac6iq689wyjfpiij4txtdo,932,nano_3e3j5tkog48pnny9dmfzj1r16pg8t1e76dz5tmac6iq689wyjfpiij4txtdo,AEF6B909A747450816D38583472EE5ABD4C093EC6002EF40EC6F73A90C6C3BBD,274416608335,274616855167,200246832,
nano,nano-serial,nano_3e3j5tkog48pnny9dmfzj1r16pg8t1e76dz5tmac6iq689wyjfpiij4txtdo,933,nano_3e3j5tkog48pnny9dmfzj1r16pg8t1e76dz5tmac6iq689wyjfpiij4txtdo,7F0E28AF9EAE7DC6AF09211DD2341CE986DC28BEFCD61819F5015D584A96C97A,274616859503,274817285910,200426407,
nano,nano-serial,nano_3e3j5tkog48pnny9dmfzj1r16pg8t1e76dz5tmac6iq689wyjfpiij4txtdo,934,nano_3e3j5tkog48pnny9dmfzj1r16pg8t1e76dz5tmac6iq689wyjfpiij4txtdo,07F72295314860D78C1F7BA28DEAC4769E53D75451DF1F3D42A41ABDD3B05999,274817290236,275017347207,200056971,
nano,nano-serial,nano_3e3j5tkog48pnny9dmfzj1r16pg8t1e76dz5tmac6iq689wyjfpiij4txtdo,935,nano_3e3j5tkog48pnny9dmfzj1r16pg8t1e76dz5tmac6iq689wyjfpiij4txtdo,51F654806D11634C3389E1160F66692FC3B71B0AF8B7279788C427FA77E3524C,275017351203,275217662831,200311628,
nano,nano-serial,nano_3e3j5tkog48pnny9dmfzj1r16pg8t1e76dz5tmac6iq689wyjfpiij4txtdo,936,nano_3e3j5tkog48pnny9dmfzj1r16pg8t1e76dz5tmac6iq689wyjfpiij4txtdo,223FB014BA88E429F377919CCECFC8C9C836781FC843D1F5CA54922E90E45B51,275217667197,275418037651,200370454,
nano,nano-serial,nano_3e3j5tkog48pnny9dmfzj1r16pg8t1e76dz5tmac6iq689wyjfpiij4txtdo,937,nano_3e3j5tkog48pnny9dmfzj1r16pg8t1e76dz5tmac6iq689wyjfpiij4txtdo,0A8AFD48DA3000F63D9CBF7067605948AAA1756EEA15FE3CD21870CDA8C5465E,275418041888,275618377907,200336019,
nano,nano-serial,nano_3e3j5tkog48pnny9dmfzj1r16pg8t1e76dz5tmac6iq689wyjfpiij4txtdo,938,nano_3e3j5tkog48pnny9dmfzj1r16pg8t1e76dz5tmac6iq689wyjfpiij4txtdo,A4CDC4EDC7DA7893097700E46D35D8F3883ADCD9DEF1D3829AB26C3FC7B69A1E,275618384196,275818512647,200128451,
nano,nano-serial,nano_3e3j5tkog48pnny9dmfzj1r16pg8t1e76dz5tmac6iq689wyjfpiij4txtdo,939,nano_3e3j5tkog48pnny9dmfzj1r16pg8t1e76dz5tmac6iq689wyjfpiij4txtdo,C70FEBC54A31EDA21715251DAE5736E55A33A7EA47B189DE5C4C8162C1EBE73A,275818516974,276018813934,200296960,
nano,nano-serial,nano_3e3j5tkog48pnny9dmfzj1r16pg8t1e76dz5tmac6iq689wyjfpiij4txtdo,940,nano_3e3j5tkog48pnny9dmfzj1r16pg8t1e76dz5tmac6iq689wyjfpiij4txtdo,DE8579EBFEBD29B82F2B1324CD8DDE05A5C96E3A97581D2E4E4FC99400C70B35,276018817930,276232317417,213499487,
nano,nano-serial,nano_3e3j5tkog48pnny9dmfzj1r16pg8t1e76dz5tmac6iq689wyjfpiij4txtdo,941,nano_3e3j5tkog48pnny9dmfzj1r16pg8t1e76dz5tmac6iq689wyjfpiij4txtdo,A4758D989B7AD0750F977394B803AEA720314D3053C9DEE6B8E4A6BE0EC67207,276232321603,276419285594,186963991,
nano,nano-serial,nano_3e3j5tkog48pnny9dmfzj1r16pg8t1e76dz5tmac6iq689wyjfpiij4txtdo,942,nano_3e3j5tkog48pnny9dmfzj1r16pg8t1e76dz5tmac6iq689wyjfpiij4txtdo,BE5AA84677D80E0671C19E4B95C70AD0A89F6DF2893CB14EA30A0E206056E876,276419290571,276619562123,200271552,
nano,nano-serial,nano_3e3j5tkog48pnny9dmfzj1r16pg8t1e76dz5tmac6iq689wyjfpiij4txtdo,943,nano_3e3j5tkog48pnny9dmfzj1r16pg8t1e76dz5tmac6iq689wyjfpiij4txtdo,175DC91D57A3D3436F591525F94A9F37B8F6534588A74BF0A4064050329EA4A1,276619566469,276819765185,200198716,
nano,nano-serial,nano_3e3j5tkog48pnny9dmfzj1r16pg8t1e76dz5tmac6iq689wyjfpiij4txtdo,944,nano_3e3j5tkog48pnny9dmfzj1r16pg8t1e76dz5tmac6iq689wyjfpiij4txtdo,EC5297EA486643E5B260B686376358115F1D40FC20E5F2D2B7C1583001DD54DD,276819769382,277020084098,200314716,
nano,nano-serial,nano_3e3j5tkog48pnny9dmfzj1r16pg8t1e76dz5tmac6iq689wyjfpiij4txtdo,945,nano_3e3j5tkog48pnny9dmfzj1r16pg8t1e76dz5tmac6iq689wyjfpiij4txtdo,AF7E8890AB54B82DBF678EF1E30692ACFA6D851F50CF1BD23B27BA76991006FE,277020088755,277220380606,200291851,
nano,nano-serial,nano_3e3j5tkog48pnny9dmfzj1r16pg8t1e76dz5tmac6iq689wyjfpiij4txtdo,946,nano_3e3j5tkog48pnny9dmfzj1r16pg8t1e76dz5tmac6iq689wyjfpiij4txtdo,6B2009E6DE0937CFF7D84B9C9B7D563AE177AF8F4CF73DA205394D871A12C855,277220384993,277420664837,200279844,
nano,nano-serial,nano_3e3j5tkog48pnny9dmfzj1r16pg8t1e76dz5tmac6iq689wyjfpiij4txtdo,947,nano_3e3j5tkog48pnny9dmfzj1r16pg8t1e76dz5tmac6iq689wyjfpiij4txtdo,35C73EA9EF6C8A5152042681E990C0B969AABCC8072E47A2AC431136E1695E45,277420669384,277620972403,200303019,
nano,nano-serial,nano_3e3j5tkog48pnny9dmfzj1r16pg8t1e76dz5tmac6iq689wyjfpiij4txtdo,948,nano_3e3j5tkog48pnny9dmfzj1r16pg8t1e76dz5tmac6iq689wyjfpiij4txtdo,DDDC0EEA4D9B614E1F7E63FB1FB00387BD07A119392C0D79B2444469A633EF9F,277620976959,277821313278,200336319,
nano,nano-serial,nano_3e3j5tkog48pnny9dmfzj1r16pg8t1e76dz5tmac6iq689wyjfpiij4txtdo,949,nano_3e3j5tkog48pnny9dmfzj1r16pg8t1e76dz5tmac6iq689wyjfpiij4txtdo,55DF572F34D5AF2827FDA133A063B509DD8BD35998C6D0C4842A77860DC1B7CF,277821317974,278021627563,200309589,
nano,nano-serial,nano_3e3j5tkog48pnny9dmfzj1r16pg8t1e76dz5tmac6iq689wyjfpiij4txtdo,950,nano_3e3j5tkog48pnny9dmfzj1r16pg8t1e76dz5tmac6iq689wyjfpiij4txtdo,E7F0F5F07CF23CF6200FBBB0F7B29CFB93EFBFF27B56413928CCB34F7C9B7B46,278021632570,278221897492,200264922,
nano,nano-serial,nano_3e3j5tkog48pnny9dmfzj1r16pg8t1e76dz5tmac6iq689wyjfpiij4txtdo,951,nano_3e3j5tkog48pnny9dmfzj1r16pg8t1e76dz5tmac6iq689wyjfpiij4txtdo,7674084FDE36F065F547F9B91C90F7529935FB76C90777AFEEB15763292A8589,278221901779,278422177598,200275819,
nano,nano-serial,nano_3e3j5tkog48pnny9dmfzj1r16pg8t1e76dz5tmac6iq689wyjfpiij4txtdo,952,nano_3e3j5tkog48pnny9dmfzj1r16pg8t1e76dz5tmac6iq689wyjfpiij4txtdo,BCBEFF3D03605CD5941D5EA69E8952106DB23FEACB2F59F6FCE91A9EBF35707D,278422181964,278622419156,200237192,
nano,nano-serial,nano_3e3j5tkog48pnny9dmfzj1r16pg8t1e76dz5tmac6iq689wyjfpiij4txtdo,953,nano_3e3j5tkog48pnny9dmfzj1r16pg8t1e76dz5tmac6iq689wyjfpiij4txtdo,6B0344E874F0001B236CC0876647102C4837FEC03D7D972F28EB3D03CA9152FD,278622423242,278822656698,200233456,
nano,nano-serial,nano_3e3j5tkog48pnny9dmfzj1r16pg8t1e76dz5tmac6iq689wyjfpiij4txtdo,954,nano_3e3j5tkog48pnny9dmfzj1r16pg8t1e76dz5tmac6iq689wyjfpiij4txtdo,6F026EEC9CAE60FBA5325CD2B8313DF785797D9E9CB6DCDC881755F413CD0A45,278822660744,279023029550,200368806,
nano,nano-serial,nano_3e3j5tkog48pnny9dmfzj1r16pg8t1e76dz5tmac6iq689wyjfpiij4txtdo,955,nano_3e3j5tkog48pnny9dmfzj1r16pg8t1e76dz5tmac6iq689wyjfpiij4txtdo,9CE307AFC4697C0760D5FE704F1C98FBAA9DC1A740D66FDB7318469129BD9CED,279023033866,279223292838,200258972,
nano,nano-serial,nano_3e3j5tkog48pnny9dmfzj1r16pg8t1e76dz5tmac6iq689wyjfpiij4txtdo,956,nano_3e3j5tkog48pnny9dmfzj1r16pg8t1e76dz5tmac6iq689wyjfpiij4txtdo,E9EFB9B643F465857DDA48404C56D1BFCAF2BA2690467EEE1C325B007F2CF63D,279223297264,279423653467,200356203,
nano,nano-serial,nano_3e3j5tkog48pnny9dmfzj1r16pg8t1e76dz5tmac6iq689wyjfpiij4txtdo,957,nano_3e3j5tkog48pnny9dmfzj1r16pg8t1e76dz5tmac6iq689wyjfpiij4txtdo,381F44C89D902E141203D7239123034D1FB189773FD667A9CCABE0CBF285654C,279423657503,279623950923,200293420,
nano,nano-serial,nano_3e3j5tkog48pnny9dmfzj1r16pg8t1e76dz5tmac6iq689wyjfpiij4txtdo,958,nano_3e3j5tkog48pnny9dmfzj1r16pg8t1e76dz5tmac6iq689wyjfpiij4txtdo,A041C39FA93C16F08474C4B0E3A2C9EC383DB69046C0EC38B62D1EAF70C0136F,279623956542,279824220298,200263756,
nano,nano-serial,nano_3e3j5tkog48pnny9dmfzj1r16pg8t1e76dz5tmac6iq689wyjfpiij4txtdo,959,nano_3e3j5tkog48pnny9dmfzj1r16pg8t1e76dz5tmac6iq689wyjfpiij4txtdo,10033228FB7103811BE08C8549D7E59204F162418EC5A4D2F5D906654B1EBC80,279824224575,280024484766,200260191,
nano,nano-serial,nano_3e3j5tkog48pnny9dmfzj1r16pg8t1e76dz5tmac6iq689wyjfpiij4txtdo,960,nano_3e3j5tkog48pnny9dmfzj1r16pg8t1e76dz5tmac6iq689wyjfpiij4txtdo,DFB55CB901C03172AE8E098D979F750D980BAFAAA4D53F7C13D6A205D91E0901,280024488992,280224752768,200263776,
nano,nano-serial,nano_3e3j5tkog48pnny9dmfzj1r16pg8t1e76dz5tmac6iq689wyjfpiij4txtdo,961,nano_3e3j5tkog48pnny9dmfzj1r16pg8t1e76dz5tmac6iq689wyjfpiij4txtdo,D22564899408C15B1B05FE7D57ADA98632977725EEEA3C520C604F16FD00B2BB,280224756774,280425093158,200336384,
nano,nano-serial,nano_3e3j5tkog48pnny9dmfzj1r16pg8t1e76dz5tmac6iq689wyjfpiij4txtdo,962,nano_3e3j5tkog48pnny9dmfzj1r16pg8t1e76dz5tmac6iq689wyjfpiij4txtdo,50ABD537053C98417A7F2E10DBD40CD3E70467A7D53F6A88377213C8F960129C,280425097905,280625386587,200288682,
nano,nano-serial,nano_3e3j5tkog48pnny9dmfzj1r16pg8t1e76dz5tmac6iq689wyjfpiij4txtdo,963,nano_3e3j5tkog48pnny9dmfzj1r16pg8t1e76dz5tmac6iq689wyjfpiij4txtdo,685287B6475831C624C8279EDF448C13A86CC371500F3634F1DF2F29E57C7B52,280625391234,280825644235,200253001,
nano,nano-serial,nano_3e3j5tkog48pnny9dmfzj1r16pg8t1e76dz5tmac6iq689wyjfpiij4txtdo,964,nano_3e3j5tkog48pnny9dmfzj1r16pg8t1e76dz5tmac6iq689wyjfpiij4txtdo,724868EE3A694767C783CD69595BC96F3D947086F65793C5C13983F25BB5E3E6,280825648321,281025945807,200297486,
nano,nano-serial,nano_3e3j5tkog48pnny9dmfzj1r16pg8t1e76dz5tmac6iq689wyjfpiij4txtdo,965,nano_3e3j5tkog48pnny9dmfzj1r16pg8t1e76dz5tmac6iq689wyjfpiij4txtdo,C89A3B0D6801523F7583C3212EE7DED5E6C03F6DB1C4FED3AF835FAC91350C3D,281025950304,281226189694,200239390,
nano,nano-serial,nano_3e3j5tkog48pnny9dmfzj1r16pg8t1e76dz5tmac6iq689wyjfpiij4txtdo,966,nano_3e3j5tkog48pnny9dmfzj1r16pg8t1e76dz5tmac6iq689wyjfpiij4txtdo,EE61A8D0914F0A942CAC29ACB7361B71657A0C9792F652C77FF05552CEB3A0A9,281226193780,281426506670,200312890,
nano,nano-serial,nano_3e3j5tkog48pnny9dmfzj1r16pg8t1e76dz5tmac6iq689wyjfpiij4txtdo,967,nano_3e3j5tkog48pnny9dmfzj1r16pg8t1e76dz5tmac6iq689wyjfpiij4txtdo,376621E7DFBD02BB3EBE4A8C1A812CBBC12F137659AA820C1482C494EC28F2B2,281426511387,281626809834,200298447,
nano,nano-serial,nano_3e3j5tkog48pnny9dmfzj1r16pg8t1e76dz5tmac6iq689wyjfpiij4txtdo,968,nano_3e3j5tkog48pnny9dmfzj1r16pg8t1e76dz5tmac6iq689wyjfpiij4txtdo,E9C5EC1AD43BCA7E06E9B04EC0A4493EFBB166558FC1C4A4C0E0068177139088,281626813980,281827067862,200253882,
nano,nano-serial,nano_3e3j5tkog48pnny9dmfzj1r16pg8t1e76dz5tmac6iq689wyjfpiij4txtdo,969,nano_3e3j5tkog48pnny9dmfzj1r16pg8t1e76dz5tmac6iq689wyjfpiij4txtdo,DE391D2E0C36FAD95DF5CBE9785334993921CB66A8FBB04CE850BC1CEEAFDBA6,281827072489,282027399048,200326559,
nano,nano-serial,nano_3e3j5tkog48pnny9dmfzj1r16pg8t1e76dz5tmac6iq689wyjfpiij4txtdo,970,nano_3e3j5tkog48pnny9dmfzj1r16pg8t1e76dz5tmac6iq689wyjfpiij4txtdo,DC8FACD9F84C30B0EB0CFB40C3D1799B16C4985F77F7A4DE0D32B99A31E6990C,282027403254,282227663626,200260372,
nano,nano-serial,nano_3e3j5tkog48pnny9dmfzj1r16pg8t1e76dz5tmac6iq689wyjfpiij4txtdo,971,nano_3e3j5tkog48pnny9dmfzj1r16pg8t1e76dz5tmac6iq689wyjfpiij4txtdo,61EC0EEE1AA468A85258D0C0EF7D0959037158C6EB65B9F77269B39CC1C5F33F,282227667712,282427981321,200313609,
nano,nano-serial,nano_3e3j5tkog48pnny9dmfzj1r16pg8t1e76dz5tmac6iq689wyjfpiij4txtdo,972,nano_3e3j5tkog48pnny9dmfzj1r16pg8t1e76dz5tmac6iq689wyjfpiij4txtdo,BC0114EA0144A0D998D8DDE33EDD478BA225BE72120CD06CE38B31FFE72EEE49,282427985097,282628336633,200351536,
nano,nano-serial,nano_3e3j5tkog48pnny9dmfzj1r16pg8t1e76dz5tmac6iq689wyjfpiij4txtdo,973,nano_3e3j5tkog48pnny9dmfzj1r16pg8t1e76dz5tmac6iq689wyjfpiij4txtdo,844851D1F2089CC3DE320D0D10DA71EB96B77B465421584CEACD3D9620858896,282628341199,282828548793,200207594,
nano,nano-serial,nano_3e3j5tkog48pnny9dmfzj1r16pg8t1e76dz5tmac6iq689wyjfpiij4txtdo,974,nano_3e3j5tkog48pnny9dmfzj1r16pg8t1e76dz5tmac6iq689wyjfpiij4txtdo,060CECC12AC6477618149F495B39B7A9F4C9842936356A75D6DC45DC33E5B668,282828552960,283028873690,200320730,
nano,nano-serial,nano_3e3j5tkog48pnny9dmfzj1r16pg8t1e76dz5tmac6iq689wyjfpiij4txtdo,975,nano_3e3j5tkog48pnny9dmfzj1r16pg8t1e76dz5tmac6iq689wyjfpiij4txtdo,2D668209FE311E875B856DA01437F1210D8D256DE9C05A315EBFDFCEFA2A5820,283028878377,283229199838,200321461,
nano,nano-serial,nano_3e3j5tkog48pnny9dmfzj1r16pg8t1e76dz5tmac6iq689wyjfpiij4txtdo,976,nano_3e3j5tkog48pnny9dmfzj1r16pg8t1e76dz5tmac6iq689wyjfpiij4txtdo,48F0F2C58A515482638C2FB6E41D7F56CE817E87F4B956C30AC1648D6BB078E2,283229204304,283429505015,200300711,
nano,nano-serial,nano_3e3j5tkog48pnny9dmfzj1r16pg8t1e76dz5tmac6iq689wyjfpiij4txtdo,977,nano_3e3j5tkog48pnny9dmfzj1r16pg8t1e76dz5tmac6iq689wyjfpiij4txtdo,D50E57A70E83DEFC3D09B718B107A8950114BE0AD36DE9DB9F1E39309A00ED97,283429509181,283629762422,200253241,
nano,nano-serial,nano_3e3j5tkog48pnny9dmfzj1r16pg8t1e76dz5tmac6iq689wyjfpiij4txtdo,978,nano_3e3j5tkog48pnny9dmfzj1r16pg8t1e76dz5tmac6iq689wyjfpiij4txtdo,7AB602C15692A85E1A871F7AD7BB077033A6A342922EDE675E1EDA04C93409EB,283629766528,283830163620,200397092,
nano,nano-serial,nano_3e3j5tkog48pnny9dmfzj1r16pg8t1e76dz5tmac6iq689wyjfpiij4txtdo,979,nano_3e3j5tkog48pnny9dmfzj1r16pg8t1e76dz5tmac6iq689wyjfpiij4txtdo,A86D4E807CDF73B025B137C23AA5A533799D0390BD316965CD8E598A3DD95036,283830167726,284030401347,200233621,
nano,nano-serial,nano_3e3j5tkog48pnny9dmfzj1r16pg8t1e76dz5tmac6iq689wyjfpiij4txtdo,980,nano_3e3j5tkog48pnny9dmfzj1r16pg8t1e76dz5tmac6iq689wyjfpiij4txtdo,40F67F09EAFF0BB14A724867478768BFEB65F578AF42ADB245F947A81211C42C,284030405944,284230565075,200159131,
nano,nano-serial,nano_3e3j5tkog48pnny9dmfzj1r16pg8t1e76dz5tmac6iq689wyjfpiij4txtdo,981,nano_3e3j5tkog48pnny9dmfzj1r16pg8t1e76dz5tmac6iq689wyjfpiij4txtdo,393407B85DE769BCE138B78E7FAB704FA7B6DFF4EFE78F7B9E5FA91EDCCEA5C0,284230568850,284430945734,200376884,
nano,nano-serial,nano_3e3j5tkog48pnny9dmfzj1r16pg8t1e76dz5tmac6iq689wyjfpiij4txtdo,982,nano_3e3j5tkog48pnny9dmfzj1r16pg8t1e76dz5tmac6iq689wyjfpiij4txtdo,2877DE5FF4B19224C25616AFE58C0D0E2710B944FCD5D3B43A62802BA0A4DCDB,284430950931,284631216180,200265249,
nano,nano-serial,nano_3e3j5tkog48pnny9dmfzj1r16pg8t1e76dz5tmac6iq689wyjfpiij4txtdo,983,nano_3e3j5tkog48pnny9dmfzj1r16pg8t1e76dz5tmac6iq689wyjfpiij4txtdo,4FE250732CE43C97A16710F17CB117E35C643BF3D397C828DCF94ABDEFE7AB1A,284631220767,284831435760,200214993,
nano,nano-serial,nano_3e3j5tkog48pnny9dmfzj1r16pg8t1e76dz5tmac6iq689wyjfpiij4txtdo,984,nano_3e3j5tkog48pnny9dmfzj1r16pg8t1e76dz5tmac6iq689wyjfpiij4txtdo,20C7DE609B3560A333D4008339A91B3A02B018E4C793501CD449A792AE758D09,284831439796,285031802639,200362843,
nano,nano-serial,nano_3e3j5tkog48pnny9dmfzj1r16pg8t1e76dz5tmac6iq689wyjfpiij4txtdo,985,nano_3e3j5tkog48pnny9dmfzj1r16pg8t1e76dz5tmac6iq689wyjfpiij4txtdo,6067A741652173616E1D1053FEEDE6BE36434836D9899A54CD23F6238BCD78D3,285031807055,285232136157,200329102,
nano,nano-serial,nano_3e3j5tkog48pnny9dmfzj1r16pg8t1e76dz5tmac6iq689wyjfpiij4txtdo,986,nano_3e3j5tkog48pnny9dmfzj1r16pg8t1e76dz5tmac6iq689wyjfpiij4txtdo,D169943BF7E344FC5569247E1FB13FCD6E5FF0FC7F20AF26FF1652300D761BD9,285232140303,285432528572,200388269,
nano,nano-serial,nano_3e3j5tkog48pnny9dmfzj1r16pg8t1e76dz5tmac6iq689wyjfpiij4txtdo,987,nano_3e3j5tkog48pnny9dmfzj1r16pg8t1e76dz5tmac6iq689wyjfpiij4txtdo,D9BE8D52331A91F9F4C4CE2581611AE29634C8CF5D82819510EC8A318E5BE5BC,285432533019,285632684108,200151089,
nano,nano-serial,nano_3e3j5tkog48pnny9dmfzj1r16pg8t1e76dz5tmac6iq689wyjfpiij4txtdo,988,nano_3e3j5tkog48pnny9dmfzj1r16pg8t1e76dz5tmac6iq689wyjfpiij4txtdo,1B256BD86D21F105246C89285FFE233A61B7B842580A8286843E28AC8E5CB970,285632688435,285832960313,200271878,
nano,nano-serial,nano_3e3j5tkog48pnny9dmfzj1r16pg8t1e76dz5tmac6iq689wyjfpiij4txtdo,989,nano_3e3j5tkog48pnny9dmfzj1r16pg8t1e76dz5tmac6iq689wyjfpiij4txtdo,453BECB8205E2C80B6C894CCC5C9E6E30CF6A87F910F6B07216B9082D08CFC00,285832964409,286033277057,200312648,
nano,nano-serial,nano_3e3j5tkog48pnny9dmfzj1r16pg8t1e76dz5tmac6iq689wyjfpiij4txtdo,990,nano_3e3j5tkog48pnny9dmfzj1r16pg8t1e76dz5tmac6iq689wyjfpiij4txtdo,A3C96195BD7D6F960879117037C7DC81F0D82C3B67F63D4CAD33663CEAD671D0,286033281053,286233613039,200331986,
nano,nano-serial,nano_3e3j5tkog48pnny9dmfzj1r16pg8t1e76dz5tmac6iq689wyjfpiij4txtdo,991,nano_3e3j5tkog48pnny9dmfzj1r16pg8t1e76dz5tmac6iq689wyjfpiij4txtdo,A9DB301F40D4D89E8818F275795BB2EB2C31BFF45B92A38C67E0BDB26E8074F7,286233617105,286433964434,200347329,
nano,nano-serial,nano_3e3j5tkog48pnny9dmfzj1r16pg8t1e76dz5tmac6iq689wyjfpiij4txtdo,992,nano_3e3j5tkog48pnny9dmfzj1r16pg8t1e76dz5tmac6iq689wyjfpiij4txtdo,270EEE6D4794B2152AA265EB8C61916F339B92E766E23302F8E65525DCF8EBEE,286433969181,286634313176,200343995,
nano,nano-serial,nano_3e3j5tkog48pnny9dmfzj1r16pg8t1e76dz5tmac6iq689wyjfpiij4txtdo,993,nano_3e3j5tkog48pnny9dmfzj1r16pg8t1e76dz5tmac6iq689wyjfpiij4txtdo,D715C011A6D43EA4ABE0AE811EAF02A0F10B851D01B049DFFC7F5CDCF915E18C,286634317563,286834500549,200182986,
nano,nano-serial,nano_3e3j5tkog48pnny9dmfzj1r16pg8t1e76dz5tmac6iq689wyjfpiij4txtdo,994,nano_3e3j5tkog48pnny9dmfzj1r16pg8t1e76dz5tmac6iq689wyjfpiij4txtdo,C2F91F256091EC90D54C03D1E4DC7372BF0B19E0D7EC60BED28BFF233E27707F,286834505206,287034789422,200284216,
nano,nano-serial,nano_3e3j5tkog48pnny9dmfzj1r16pg8t1e76dz5tmac6iq689wyjfpiij4txtdo,995,nano_3e3j5tkog48pnny9dmfzj1r16pg8t1e76dz5tmac6iq689wyjfpiij4txtdo,1B4196C068FB909B665716DD75A655DC5F8D6906042174D9834AB337DFB6F14C,287034793929,287235047920,200253991,
nano,nano-serial,nano_3e3j5tkog48pnny9dmfzj1r16pg8t1e76dz5tmac6iq689wyjfpiij4txtdo,996,nano_3e3j5tkog48pnny9dmfzj1r16pg8t1e76dz5tmac6iq689wyjfpiij4txtdo,F73B3E6517C7386315B344CE994A92C07AF404AEF2DF5C0355277797E141A813,287235052327,287435424353,200372026,
nano,nano-serial,nano_3e3j5tkog48pnny9dmfzj1r16pg8t1e76dz5tmac6iq689wyjfpiij4txtdo,997,nano_3e3j5tkog48pnny9dmfzj1r16pg8t1e76dz5tmac6iq689wyjfpiij4txtdo,3B8379F0B1AA625C2BB180854943ADC05A516AC85AB4C6A1EC9D55E5246C7254,287435429060,287635633808,200204748,
nano,nano-serial,nano_3e3j5tkog48pnny9dmfzj1r16pg8t1e76dz5tmac6iq689wyjfpiij4txtdo,998,nano_3e3j5tkog48pnny9dmfzj1r16pg8t1e76dz5tmac6iq689wyjfpiij4txtdo,D80714326D62AB43E27667D1B352B89D002F94595634526362F7F573A1F05C10,287635637764,287835966956,200329192,
nano,nano-serial,nano_3e3j5tkog48pnny9dmfzj1r16pg8t1e76dz5tmac6iq689wyjfpiij4txtdo,999,nano_3e3j5tkog48pnny9dmfzj1r16pg8t1e76dz5tmac6iq689wyjfpiij4txtdo,01B60D978CF8DD9AFAAB216DDC754A62DF1DA21EBBA2B5FEAAD31710849A65EC,287835971292,288036284131,200312839,
