implementation,fixture,lane,sequence,account,hash,start_monotonic_ns,completion_monotonic_ns,latency_ns,error
rsnano,nano-serial,nano_3e3j5tkog48pnny9dmfzj1r16pg8t1e76dz5tmac6iq689wyjfpiij4txtdo,0,nano_3e3j5tkog48pnny9dmfzj1r16pg8t1e76dz5tmac6iq689wyjfpiij4txtdo,23C84354C9A0940AFD856425C8E77D3E4C7A45FAFEC7E551ADD7B3559A6EDFA0,83346907953,83562868873,215960920,
rsnano,nano-serial,nano_3e3j5tkog48pnny9dmfzj1r16pg8t1e76dz5tmac6iq689wyjfpiij4txtdo,1,nano_3e3j5tkog48pnny9dmfzj1r16pg8t1e76dz5tmac6iq689wyjfpiij4txtdo,CEDE52A7F6351575042F5382CCCA71DAF8B912987AFDA6A0D992A7C1E8DECBF8,83563251536,83761941205,198689669,
rsnano,nano-serial,nano_3e3j5tkog48pnny9dmfzj1r16pg8t1e76dz5tmac6iq689wyjfpiij4txtdo,2,nano_3e3j5tkog48pnny9dmfzj1r16pg8t1e76dz5tmac6iq689wyjfpiij4txtdo,BFB5AA41729D3A27DCC00C962C526CEC50BF00229DC68B8537CE4336FA26E651,83761954489,83962408826,200454337,
rsnano,nano-serial,nano_3e3j5tkog48pnny9dmfzj1r16pg8t1e76dz5tmac6iq689wyjfpiij4txtdo,3,nano_3e3j5tkog48pnny9dmfzj1r16pg8t1e76dz5tmac6iq689wyjfpiij4txtdo,CF50218931CA3CAC27B2FD50224F72F6F36EC948DA29442B91FE1FACDEED2973,83962417460,84163047165,200629705,
rsnano,nano-serial,nano_3e3j5tkog48pnny9dmfzj1r16pg8t1e76dz5tmac6iq689wyjfpiij4txtdo,4,nano_3e3j5tkog48pnny9dmfzj1r16pg8t1e76dz5tmac6iq689wyjfpiij4txtdo,7B6421B7ED2CB10F84CF551894780A7F8240BD1405ED6942784AE1FC7DDDBCF2,84163058158,84362946041,199887883,
rsnano,nano-serial,nano_3e3j5tkog48pnny9dmfzj1r16pg8t1e76dz5tmac6iq689wyjfpiij4txtdo,5,nano_3e3j5tkog48pnny9dmfzj1r16pg8t1e76dz5tmac6iq689wyjfpiij4txtdo,BE25BDA8A93B4D9DE1A67B3553E856BBBB31BAF735616FE024C1F7A90EEA424B,84362955044,84563339464,200384420,
rsnano,nano-serial,nano_3e3j5tkog48pnny9dmfzj1r16pg8t1e76dz5tmac6iq689wyjfpiij4txtdo,6,nano_3e3j5tkog48pnny9dmfzj1r16pg8t1e76dz5tmac6iq689wyjfpiij4txtdo,613FD71D2B77864B8788CF7BEFCD6F8E946381B64AAD196CBE2C7D80F626DF68,84563352522,84773552891,210200369,
rsnano,nano-serial,nano_3e3j5tkog48pnny9dmfzj1r16pg8t1e76dz5tmac6iq689wyjfpiij4txtdo,7,nano_3e3j5tkog48pnny9dmfzj1r16pg8t1e76dz5tmac6iq689wyjfpiij4txtdo,F780BD8E76D9141168A6C2E78FAE4D8EEA6C32D3AC3D53A70D2946060017DA7E,84773563049,84963872790,190309741,
rsnano,nano-serial,nano_3e3j5tkog48pnny9dmfzj1r16pg8t1e76dz5tmac6iq689wyjfpiij4txtdo,8,nano_3e3j5tkog48pnny9dmfzj1r16pg8t1e76dz5tmac6iq689wyjfpiij4txtdo,1AC40E27A8044AD1095224DF69F41A7981C819E6E329F05F0336601E5EBE5618,84963884671,85164036968,200152297,
rsnano,nano-serial,nano_3e3j5tkog48pnny9dmfzj1r16pg8t1e76dz5tmac6iq689wyjfpiij4txtdo,9,nano_3e3j5tkog48pnny9dmfzj1r16pg8t1e76dz5tmac6iq689wyjfpiij4txtdo,50CB9CFA5F17030F7FFFD4A5EAC188A0DED5DC9DE13DE53D26BAB2F73BFAB830,85164050214,85364190424,200140210,
rsnano,nano-serial,nano_3e3j5tkog48pnny9dmfzj1r16pg8t1e76dz5tmac6iq689wyjfpiij4txtdo,10,nano_3e3j5tkog48pnny9dmfzj1r16pg8t1e76dz5tmac6iq689wyjfpiij4txtdo,F6F385EEAC1011DEFB4B575CA940ECECBCEFB4F36DDDC7B881141230DB7C803C,85364199870,85564492769,200292899,
rsnano,nano-serial,nano_3e3j5tkog48pnny9dmfzj1r16pg8t1e76dz5tmac6iq689wyjfpiij4txtdo,11,nano_3e3j5tkog48pnny9dmfzj1r16pg8t1e76dz5tmac6iq689wyjfpiij4txtdo,E744C0DF13049E6C7B38B8878AAFC26C695CEC9CE92D19D67C86633C9865DAE2,85564506724,85764905898,200399174,
rsnano,nano-serial,nano_3e3j5tkog48pnny9dmfzj1r16pg8t1e76dz5tmac6iq689wyjfpiij4txtdo,12,nano_3e3j5tkog48pnny9dmfzj1r16pg8t1e76dz5tmac6iq689wyjfpiij4txtdo,0B8958E080183A38D73D1654CA4876EED04278D03684C5E71462FB2FF68084FF,85764916084,85965090983,200174899,
rsnano,nano-serial,nano_3e3j5tkog48pnny9dmfzj1r16pg8t1e76dz5tmac6iq689wyjfpiij4txtdo,13,nano_3e3j5tkog48pnny9dmfzj1r16pg8t1e76dz5tmac6iq689wyjfpiij4txtdo,883977FF3D71130E235FB37D5F7A0A3979B916E847020DA42901C412A19E1A1E,85965100362,86173455621,208355259,
rsnano,nano-serial,nano_3e3j5tkog48pnny9dmfzj1r16pg8t1e76dz5tmac6iq689wyjfpiij4txtdo,14,nano_3e3j5tkog48pnny9dmfzj1r16pg8t1e76dz5tmac6iq689wyjfpiij4txtdo,110855858A41BAF174781FF267FC0241EEF4893AB5DD54E515B6C74BC7FD845D,86173466540,86366017584,192551044,
rsnano,nano-serial,nano_3e3j5tkog48pnny9dmfzj1r16pg8t1e76dz5tmac6iq689wyjfpiij4txtdo,15,nano_3e3j5tkog48pnny9dmfzj1r16pg8t1e76dz5tmac6iq689wyjfpiij4txtdo,B81D391AE96373A19635759D5F179E43B15E8CE7F9A0985148F788589C890CAC,86366029519,86566043773,200014254,
rsnano,nano-serial,nano_3e3j5tkog48pnny9dmfzj1r16pg8t1e76dz5tmac6iq689wyjfpiij4txtdo,16,nano_3e3j5tkog48pnny9dmfzj1r16pg8t1e76dz5tmac6iq689wyjfpiij4txtdo,105E6F0CD12D1341A587A7682D924E8FB5FF9AED32FBAA8CA5747E4FAD1ACA67,86566054909,86766485037,200430128,
rsnano,nano-serial,nano_3e3j5tkog48pnny9dmfzj1r16pg8t1e76dz5tmac6iq689wyjfpiij4txtdo,17,nano_3e3j5tkog48pnny9dmfzj1r16pg8t1e76dz5tmac6iq689wyjfpiij4txtdo,B1601A11A64A7801D7872D6FF7E3D45BD4BC7273C78E713C8C086D2BCB0BB506,86766494843,86966322866,199828023,
rsnano,nano-serial,nano_3e3j5tkog48pnny9dmfzj1r16pg8t1e76dz5tmac6iq689wyjfpiij4txtdo,18,nano_3e3j5tkog48pnny9dmfzj1r16pg8t1e76dz5tmac6iq689wyjfpiij4txtdo,1917BC896560C381EF7C847EE96E7A2F479D9CE8FE0FA3FE5F24DCA3AB1C5A61,86966333323,87166706271,200372948,
rsnano,nano-serial,nano_3e3j5tkog48pnny9dmfzj1r16pg8t1e76dz5tmac6iq689wyjfpiij4txtdo,19,nano_3e3j5tkog48pnny9dmfzj1r16pg8t1e76dz5tmac6iq689wyjfpiij4txtdo,DC702E49903E1F1224EB968A19900C31911DB5C822765550EE0C5CC77E67FD25,87166715349,87366937554,200222205,
rsnano,nano-serial,nano_3e3j5tkog48pnny9dmfzj1r16pg8t1e76dz5tmac6iq689wyjfpiij4txtdo,20,nano_3e3j5tkog48pnny9dmfzj1r16pg8t1e76dz5tmac6iq689wyjfpiij4txtdo,F3C3FC2701F65CB53CF2C4C78D4063DC87D94340C33FC788A8927DEA6B688F84,87366947261,87567395923,200448662,
rsnano,nano-serial,nano_3e3j5tkog48pnny9dmfzj1r16pg8t1e76dz5tmac6iq689wyjfpiij4txtdo,21,nano_3e3j5tkog48pnny9dmfzj1r16pg8t1e76dz5tmac6iq689wyjfpiij4txtdo,E0E46813217B2751428DF6D28A92498878AB889B44D51379CF009D7EB19AEE00,87567405069,87767923053,200517984,
rsnano,nano-serial,nano_3e3j5tkog48pnny9dmfzj1r16pg8t1e76dz5tmac6iq689wyjfpiij4txtdo,22,nano_3e3j5tkog48pnny9dmfzj1r16pg8t1e76dz5tmac6iq689wyjfpiij4txtdo,5F10CEFEE11DB1F63AD14D6746B4AFA2ADCA6CAEBB6326257C43C98157DA4355,87767934279,87968267457,200333178,
rsnano,nano-serial,nano_3e3j5tkog48pnny9dmfzj1r16pg8t1e76dz5tmac6iq689wyjfpiij4txtdo,23,nano_3e3j5tkog48pnny9dmfzj1r16pg8t1e76dz5tmac6iq689wyjfpiij4txtdo,58F5360618CB0214F6A630DAB50BDA46E7D95FD774316E0E6DEF5339E7D8CA21,87968278457,88168442712,200164255,
rsnano,nano-serial,nano_3e3j5tkog48pnny9dmfzj1r16pg8t1e76dz5tmac6iq689wyjfpiij4txtdo,24,nano_3e3j5tkog48pnny9dmfzj1r16pg8t1e76dz5tmac6iq689wyjfpiij4txtdo,CD82F5C2AEB1CFE744671B135B73A78AC151583E08D28F61C29309C0D8E72AF2,88168452422,88368902372,200449950,
rsnano,nano-serial,nano_3e3j5tkog48pnny9dmfzj1r16pg8t1e76dz5tmac6iq689wyjfpiij4txtdo,25,nano_3e3j5tkog48pnny9dmfzj1r16pg8t1e76dz5tmac6iq689wyjfpiij4txtdo,974E5A7DAF6B7D68F02BD0D60D8F656637DB620F8B0B6A0AADEF7986B2DE4794,88368912500,88568911257,199998757,
rsnano,nano-serial,nano_3e3j5tkog48pnny9dmfzj1r16pg8t1e76dz5tmac6iq689wyjfpiij4txtdo,26,nano_3e3j5tkog48pnny9dmfzj1r16pg8t1e76dz5tmac6iq689wyjfpiij4txtdo,9F2CDEB66D23DC5C0D27D89B41B0AF0A783CC9FE58912EA858A787571279226A,88568923700,88769355698,200431998,
rsnano,nano-serial,nano_3e3j5tkog48pnny9dmfzj1r16pg8t1e76dz5tmac6iq689wyjfpiij4txtdo,27,nano_3e3j5tkog48pnny9dmfzj1r16pg8t1e76dz5tmac6iq689wyjfpiij4txtdo,FF3A8FCA5B5E79E59F7CFA011F9EF6CBFDBAE501753E247EEED4A28F1512581B,88769365896,88969395100,200029204,
rsnano,nano-serial,nano_3e3j5tkog48pnny9dmfzj1r16pg8t1e76dz5tmac6iq689wyjfpiij4txtdo,28,nano_3e3j5tkog48pnny9dmfzj1r16pg8t1e76dz5tmac6iq689wyjfpiij4txtdo,A82F32D08052D86F903E5949F760E8A7E12C99C745484B950DADC26DBBED5CD7,88969405579,89170103573,200697994,
rsnano,nano-serial,nano_3e3j5tkog48pnny9dmfzj1r16pg8t1e76dz5tmac6iq689wyjfpiij4txtdo,29,nano_3e3j5tkog48pnny9dmfzj1r16pg8t1e76dz5tmac6iq689wyjfpiij4txtdo,F465E9E561117689A454FCFB342065638656F8C524A59E958448D5F109180B1B,89170113682,89370099590,199985908,
rsnano,nano-serial,nano_3e3j5tkog48pnny9dmfzj1r16pg8t1e76dz5tmac6iq689wyjfpiij4txtdo,30,nano_3e3j5tkog48pnny9dmfzj1r16pg8t1e76dz5tmac6iq689wyjfpiij4txtdo,C9A9EA3498CEB94D0B9C5180E9EA17737CE796D7202CE6A6B88C9A79670FA1C6,89370124389,89570669469,200545080,
rsnano,nano-serial,nano_3e3j5tkog48pnny9dmfzj1r16pg8t1e76dz5tmac6iq689wyjfpiij4txtdo,31,nano_3e3j5tkog48pnny9dmfzj1r16pg8t1e76dz5tmac6iq689wyjfpiij4txtdo,3C8C65488E295A730AB0BAB8B8DF568569A99898DF54BD526C41F3B1AB46A9A3,89570681686,89770567603,199885917,
rsnano,nano-serial,nano_3e3j5tkog48pnny9dmfzj1r16pg8t1e76dz5tmac6iq689wyjfpiij4txtdo,32,nano_3e3j5tkog48pnny9dmfzj1r16pg8t1e76dz5tmac6iq689wyjfpiij4txtdo,923CFD4030FCA882F85E51E997398C64D4F4425CC354FF0D4AE2C8B7E5075F15,89770578413,89970647076,200068663,
rsnano,nano-serial,nano_3e3j5tkog48pnny9dmfzj1r16pg8t1e76dz5tmac6iq689wyjfpiij4txtdo,33,nano_3e3j5tkog48pnny9dmfzj1r16pg8t1e76dz5tmac6iq689wyjfpiij4txtdo,508379541F29CCA86B76CC5452BD162CC83A64EC8EC1DCB4CE82405D4D116530,89970657142,90171289226,200632084,
rsnano,nano-serial,nano_3e3j5tkog48pnny9dmfzj1r16pg8t1e76dz5tmac6iq689wyjfpiij4txtdo,34,nano_3e3j5tkog48pnny9dmfzj1r16pg8t1e76dz5tmac6iq689wyjfpiij4txtdo,1180F18D2673D88963C0983E8F761E086DF49725E7A0C9D6922785E5E0364D93,90171300090,90371250306,199950216,
rsnano,nano-serial,nano_3e3j5tkog48pnny9dmfzj1r16pg8t1e76dz5tmac6iq689wyjfpiij4txtdo,35,nano_3e3j5tkog48pnny9dmfzj1r16pg8t1e76dz5tmac6iq689wyjfpiij4txtdo,CAF69334B36AE6D4EA9B79CC3E1F66A08B7570D7F67F3A83FA150BF020BA791E,90371260820,90587519137,216258317,
rsnano,nano-serial,nano_3e3j5tkog48pnny9dmfzj1r16pg8t1e76dz5tmac6iq689wyjfpiij4txtdo,36,nano_3e3j5tkog48pnny9dmfzj1r16pg8t1e76dz5tmac6iq689wyjfpiij4txtdo,17E937BE86833D21C7B8FE350A105439BB7E65A5577A8950DAFAE82640D862D1,90587529381,90771890988,184361607,
rsnano,nano-serial,nano_3e3j5tkog48pnny9dmfzj1r16pg8t1e76dz5tmac6iq689wyjfpiij4txtdo,37,nano_3e3j5tkog48pnny9dmfzj1r16pg8t1e76dz5tmac6iq689wyjfpiij4txtdo,9BBBAAFDABEA6130035CD545631711F41B7BE0CDD9A0B5DE72A0B012829F1C09,90771901729,90972452603,200550874,
rsnano,nano-serial,nano_3e3j5tkog48pnny9dmfzj1r16pg8t1e76dz5tmac6iq689wyjfpiij4txtdo,38,nano_3e3j5tkog48pnny9dmfzj1r16pg8t1e76dz5tmac6iq689wyjfpiij4txtdo,06761CD77962BB710D65008F426F0088E927BA04A91F7BD15A00EB5391F0A2A5,90972464935,91172430669,199965734,
rsnano,nano-serial,nano_3e3j5tkog48pnny9dmfzj1r16pg8t1e76dz5tmac6iq689wyjfpiij4txtdo,39,nano_3e3j5tkog48pnny9dmfzj1r16pg8t1e76dz5tmac6iq689wyjfpiij4txtdo,26CCFD1799F80D08B0A02E506FAE27283A03006EBB560E3DB03C6646D1E4ADD5,91172441890,91372952632,200510742,
rsnano,nano-serial,nano_3e3j5tkog48pnny9dmfzj1r16pg8t1e76dz5tmac6iq689wyjfpiij4txtdo,40,nano_3e3j5tkog48pnny9dmfzj1r16pg8t1e76dz5tmac6iq689wyjfpiij4txtdo,327E4267EF32BB8C428E9FEFC9486145262EF02868654572BD80B54A8611F118,91372963655,91573243294,200279639,
rsnano,nano-serial,nano_3e3j5tkog48pnny9dmfzj1r16pg8t1e76dz5tmac6iq689wyjfpiij4txtdo,41,nano_3e3j5tkog48pnny9dmfzj1r16pg8t1e76dz5tmac6iq689wyjfpiij4txtdo,689694818150D7F75AC8225FBE8A5B4C377ED418C4E6BEBCCBF2DBB5AAEFDA84,91573253787,91773298646,200044859,
rsnano,nano-serial,nano_3e3j5tkog48pnny9dmfzj1r16pg8t1e76dz5tmac6iq689wyjfpiij4txtdo,42,nano_3e3j5tkog48pnny9dmfzj1r16pg8t1e76dz5tmac6iq689wyjfpiij4txtdo,CF40E55E10B0A64A67D33BC756C9CA49625E722590D54588980FB4BFCA286700,91773310477,91988046101,214735624,
rsnano,nano-serial,nano_3e3j5tkog48pnny9dmfzj1r16pg8t1e76dz5tmac6iq689wyjfpiij4txtdo,43,nano_3e3j5tkog48pnny9dmfzj1r16pg8t1e76dz5tmac6iq689wyjfpiij4txtdo,2AB32120B0A055D79AA465EC2A8A2E8A945C552EF3191B862FD3E9832E7FAA7B,91988057659,92174370393,186312734,
rsnano,nano-serial,nano_3e3j5tkog48pnny9dmfzj1r16pg8t1e76dz5tmac6iq689wyjfpiij4txtdo,44,nano_3e3j5tkog48pnny9dmfzj1r16pg8t1e76dz5tmac6iq689wyjfpiij4txtdo,810F8A2F7BF9D8C490145BC258F97B4A7FB6A1C29CD0082600781777186756F5,92174383905,92374265407,199881502,
rsnano,nano-serial,nano_3e3j5tkog48pnny9dmfzj1r16pg8t1e76dz5tmac6iq689wyjfpiij4txtdo,45,nano_3e3j5tkog48pnny9dmfzj1r16pg8t1e76dz5tmac6iq689wyjfpiij4txtdo,CC3B945E2C709AD44A26AE52133E7D50D5EE049CE37B55DD26352A3307613F04,92374276038,92574487603,200211565,
rsnano,nano-serial,nano_3e3j5tkog48pnny9dmfzj1r16pg8t1e76dz5tmac6iq689wyjfpiij4txtdo,46,nano_3e3j5tkog48pnny9dmfzj1r16pg8t1e76dz5tmac6iq689wyjfpiij4txtdo,66D9EB16ACD21207103E484170E787533871C5D39EAE42C5CBCCC18F28D80AA4,92574499169,92775202301,200703132,
rsnano,nano-serial,nano_3e3j5tkog48pnny9dmfzj1r16pg8t1e76dz5tmac6iq689wyjfpiij4txtdo,47,nano_3e3j5tkog48pnny9dmfzj1r16pg8t1e76dz5tmac6iq689wyjfpiij4txtdo,076B7E1510E1BF91D81CB6803A69AE29D0606CF68FB1CC7B28B8B29350F9A852,92775214910,92975267839,200052929,
rsnano,nano-serial,nano_3e3j5tkog48pnny9dmfzj1r16pg8t1e76dz5tmac6iq689wyjfpiij4txtdo,48,nano_3e3j5tkog48pnny9dmfzj1r16pg8t1e76dz5tmac6iq689wyjfpiij4txtdo,7169A7C335FC2DB07397752F1E1D4E98D2DDDD2C66A1832831C8AC30EAFF1D20,92975280705,93175390621,200109916,
rsnano,nano-serial,nano_3e3j5tkog48pnny9dmfzj1r16pg8t1e76dz5tmac6iq689wyjfpiij4txtdo,49,nano_3e3j5tkog48pnny9dmfzj1r16pg8t1e76dz5tmac6iq689wyjfpiij4txtdo,48ECA2388ADF18C77DD63ECF8844EC2A72FADC818A076E15647AECD0EBDF8793,93175402480,93394909247,219506767,
rsnano,nano-serial,nano_3e3j5tkog48pnny9dmfzj1r16pg8t1e76dz5tmac6iq689wyjfpiij4txtdo,50,nano_3e3j5tkog48pnny9dmfzj1r16pg8t1e76dz5tmac6iq689wyjfpiij4txtdo,DC922C29DF5E2D3616642E04DEED805BE0A666E1C4EF93D8A4A532E3DBBA98B6,93394923137,93576156946,181233809,
rsnano,nano-serial,nano_3e3j5tkog48pnny9dmfzj1r16pg8t1e76dz5tmac6iq689wyjfpiij4txtdo,51,nano_3e3j5tkog48pnny9dmfzj1r16pg8t1e76dz5tmac6iq689wyjfpiij4txtdo,58876EE0712831BF52BEA3226B8F4815C2641216C09530E9E46D4EA3C37850C9,93576176579,93778538097,202361518,
rsnano,nano-serial,nano_3e3j5tkog48pnny9dmfzj1r16pg8t1e76dz5tmac6iq689wyjfpiij4txtdo,52,nano_3e3j5tkog48pnny9dmfzj1r16pg8t1e76dz5tmac6iq689wyjfpiij4txtdo,5B461A2B8CCEADC821A5BF3A68E521E830C3755DE5C1A7B1BBE65F09E4B92237,93778552095,93976570022,198017927,
rsnano,nano-serial,nano_3e3j5tkog48pnny9dmfzj1r16pg8t1e76dz5tmac6iq689wyjfpiij4txtdo,53,nano_3e3j5tkog48pnny9dmfzj1r16pg8t1e76dz5tmac6iq689wyjfpiij4txtdo,4F4A211F5C13D441F3471099D81E07B8CD51C106870531B9E7F194285C6D6212,93976580421,94176846232,200265811,
rsnano,nano-serial,nano_3e3j5tkog48pnny9dmfzj1r16pg8t1e76dz5tmac6iq689wyjfpiij4txtdo,54,nano_3e3j5tkog48pnny9dmfzj1r16pg8t1e76dz5tmac6iq689wyjfpiij4txtdo,1A67C64722624504082A7BE38EACDDFC3E02257A4CB809A7E81BBB743AE5E23F,94176856339,94377050747,200194408,
rsnano,nano-serial,nano_3e3j5tkog48pnny9dmfzj1r16pg8t1e76dz5tmac6iq689wyjfpiij4txtdo,55,nano_3e3j5tkog48pnny9dmfzj1r16pg8t1e76dz5tmac6iq689wyjfpiij4txtdo,6DE020FFEA6CB8BF3CCD5F4833A5CB7E9E7D2F03B383023E06C50B06EC21FA5F,94377060562,94577372573,200312011,
rsnano,nano-serial,nano_3e3j5tkog48pnny9dmfzj1r16pg8t1e76dz5tmac6iq689wyjfpiij4txtdo,56,nano_3e3j5tkog48pnny9dmfzj1r16pg8t1e76dz5tmac6iq689wyjfpiij4txtdo,2D7F49BE7686AB41401F8CF70B7B368BCF67D151F7DA99321FDDDC967DC6F72E,94577383487,94786385517,209002030,
rsnano,nano-serial,nano_3e3j5tkog48pnny9dmfzj1r16pg8t1e76dz5tmac6iq689wyjfpiij4txtdo,57,nano_3e3j5tkog48pnny9dmfzj1r16pg8t1e76dz5tmac6iq689wyjfpiij4txtdo,2832E24FF474E150A3E55EA0354E731D813015DACF591E9C7151D20E744E633E,94786397096,94977873036,191475940,
rsnano,nano-serial,nano_3e3j5tkog48pnny9dmfzj1r16pg8t1e76dz5tmac6iq689wyjfpiij4txtdo,58,nano_3e3j5tkog48pnny9dmfzj1r16pg8t1e76dz5tmac6iq689wyjfpiij4txtdo,A39D918371B67277FACE8D6E03C10A97A4BDB5D678700EF0EAE610F5B8D25821,94977881880,95178324982,200443102,
rsnano,nano-serial,nano_3e3j5tkog48pnny9dmfzj1r16pg8t1e76dz5tmac6iq689wyjfpiij4txtdo,59,nano_3e3j5tkog48pnny9dmfzj1r16pg8t1e76dz5tmac6iq689wyjfpiij4txtdo,EF956267036D73B9402C66FA1542BC5F05F0F5F713A22539EE8E1CDFB25A31A7,95178337446,95378661077,200323631,
rsnano,nano-serial,nano_3e3j5tkog48pnny9dmfzj1r16pg8t1e76dz5tmac6iq689wyjfpiij4txtdo,60,nano_3e3j5tkog48pnny9dmfzj1r16pg8t1e76dz5tmac6iq689wyjfpiij4txtdo,50FE9AD1709811E99AFE4134F70669AC2B6994FF98B44F2794F3B30413113A0F,95378671703,95579093263,200421560,
rsnano,nano-serial,nano_3e3j5tkog48pnny9dmfzj1r16pg8t1e76dz5tmac6iq689wyjfpiij4txtdo,61,nano_3e3j5tkog48pnny9dmfzj1r16pg8t1e76dz5tmac6iq689wyjfpiij4txtdo,7A4F6EDE9D0E5B98A01EAC2E40E48BB417D1868722E6605F60BA9DF172098D45,95579105124,95779372938,200267814,
rsnano,nano-serial,nano_3e3j5tkog48pnny9dmfzj1r16pg8t1e76dz5tmac6iq689wyjfpiij4txtdo,62,nano_3e3j5tkog48pnny9dmfzj1r16pg8t1e76dz5tmac6iq689wyjfpiij4txtdo,0DEB05046EBD857CAB75D68101BDD900C581B20B16F5EDC39F07B286F97457E6,95779383163,95979397520,200014357,
rsnano,nano-serial,nano_3e3j5tkog48pnny9dmfzj1r16pg8t1e76dz5tmac6iq689wyjfpiij4txtdo,63,nano_3e3j5tkog48pnny9dmfzj1r16pg8t1e76dz5tmac6iq689wyjfpiij4txtdo,EFAB2F28B2E71156ABA39E69EB4969E7889E6918125E6BDE894AFC078DA72B03,95979406946,96180256394,200849448,
rsnano,nano-serial,nano_3e3j5tkog48pnny9dmfzj1r16pg8t1e76dz5tmac6iq689wyjfpiij4txtdo,64,nano_3e3j5tkog48pnny9dmfzj1r16pg8t1e76dz5tmac6iq689wyjfpiij4txtdo,4CB4FF2D12CEB74BB5AD53F48F2473FD36037F7E1095D66B5588E83D50337A28,96180267053,96380204710,199937657,
rsnano,nano-serial,nano_3e3j5tkog48pnny9dmfzj1r16pg8t1e76dz5tmac6iq689wyjfpiij4txtdo,65,nano_3e3j5tkog48pnny9dmfzj1r16pg8t1e76dz5tmac6iq689wyjfpiij4txtdo,E7BAF402B48289963779E0F5AB7E7D97A8384C398AE3949B07A701911F0BC244,96380217168,96580407261,200190093,
rsnano,nano-serial,nano_3e3j5tkog48pnny9dmfzj1r16pg8t1e76dz5tmac6iq689wyjfpiij4txtdo,66,nano_3e3j5tkog48pnny9dmfzj1r16pg8t1e76dz5tmac6iq689wyjfpiij4txtdo,6B7D135B89632C2FBD4C3D794FE9917C43331BCB563519C0FA91BBE781B7D854,96580417283,96780672250,200254967,
rsnano,nano-serial,nano_3e3j5tkog48pnny9dmfzj1r16pg8t1e76dz5tmac6iq689wyjfpiij4txtdo,67,nano_3e3j5tkog48pnny9dmfzj1r16pg8t1e76dz5tmac6iq689wyjfpiij4txtdo,EA0CCA9A0BBDE6A7D50D78126FCE1E51BC8334C862AB6945CA6D2859C4573E8F,96780682830,96981037790,200354960,
rsnano,nano-serial,nano_3e3j5tkog48pnny9dmfzj1r16pg8t1e76dz5tmac6iq689wyjfpiij4txtdo,68,nano_3e3j5tkog48pnny9dmfzj1r16pg8t1e76dz5tmac6iq689wyjfpiij4txtdo,2232D3618BF59EC8CCC6674E3041DCE289D4B2CA09CB7B6D148DBE5BB9143F40,96981050368,97181294603,200244235,
rsnano,nano-serial,nano_3e3j5tkog48pnny9dmfzj1r16pg8t1e76dz5tmac6iq689wyjfpiij4txtdo,69,nano_3e3j5tkog48pnny9dmfzj1r16pg8t1e76dz5tmac6iq689wyjfpiij4txtdo,F233BDDC40E0B4F7E808A39B2D92FB6846C2B6970789E854DB86EEAD74DE23F1,97181305186,97381606518,200301332,
rsnano,nano-serial,nano_3e3j5tkog48pnny9dmfzj1r16pg8t1e76dz5tmac6iq689wyjfpiij4txtdo,70,nano_3e3j5tkog48pnny9dmfzj1r16pg8t1e76dz5tmac6iq689wyjfpiij4txtdo,8B12B1E2789A4330DE0DB8CA9EE62A2275C95A7AA2ABD983AF139EA45E5048A1,97381616248,97581927038,200310790,
rsnano,nano-serial,nano_3e3j5tkog48pnny9dmfzj1r16pg8t1e76dz5tmac6iq689wyjfpiij4txtdo,71,nano_3e3j5tkog48pnny9dmfzj1r16pg8t1e76dz5tmac6iq689wyjfpiij4txtdo,DD4536C191FA473C021A4F61E17FAB80176BFD302C7866681879DD5A8C93CBDF,97581937878,97782158769,200220891,
rsnano,nano-serial,nano_3e3j5tkog48pnny9dmfzj1r16pg8t1e76dz5tmac6iq689wyjfpiij4txtdo,72,nano_3e3j5tkog48pnny9dmfzj1r16pg8t1e76dz5tmac6iq689wyjfpiij4txtdo,07D1943C149B6F54916C948D195498A2AAD5852A56F8627FFF47EE81A450AED5,97782169802,97982748419,200578617,
rsnano,nano-serial,nano_3e3j5tkog48pnny9dmfzj1r16pg8t1e76dz5tmac6iq689wyjfpiij4txtdo,73,nano_3e3j5tkog48pnny9dmfzj1r16pg8t1e76dz5tmac6iq689wyjfpiij4txtdo,DE6F8A2A5937A83F545B841AF199464676592636707DE07849415D1215D429F2,97982760256,98182962425,200202169,
rsnano,nano-serial,nano_3e3j5tkog48pnny9dmfzj1r16pg8t1e76dz5tmac6iq689wyjfpiij4txtdo,74,nano_3e3j5tkog48pnny9dmfzj1r16pg8t1e76dz5tmac6iq689wyjfpiij4txtdo,B23FE00DF42F88EA8FF013907866B674035A0290E9599B084DF65F1D78333AB9,98182973242,98383116280,200143038,
rsnano,nano-serial,nano_3e3j5tkog48pnny9dmfzj1r16pg8t1e76dz5tmac6iq689wyjfpiij4txtdo,75,nano_3e3j5tkog48pnny9dmfzj1r16pg8t1e76dz5tmac6iq689wyjfpiij4txtdo,04E85660BB738BEE096F5ED3F951A9BC122950A18272226DE4ED7216A2261CF9,98383127732,98583456674,200328942,
rsnano,nano-serial,nano_3e3j5tkog48pnny9dmfzj1r16pg8t1e76dz5tmac6iq689wyjfpiij4txtdo,76,nano_3e3j5tkog48pnny9dmfzj1r16pg8t1e76dz5tmac6iq689wyjfpiij4txtdo,C95B1DBBF8D9AF566DB6BB3A6F6FBB584523339E98CEAA12C8BF618BD54E73EB,98583467694,98783788417,200320723,
rsnano,nano-serial,nano_3e3j5tkog48pnny9dmfzj1r16pg8t1e76dz5tmac6iq689wyjfpiij4txtdo,77,nano_3e3j5tkog48pnny9dmfzj1r16pg8t1e76dz5tmac6iq689wyjfpiij4txtdo,64982DE6BF6E71530379F739B2189DB03A60527F4498AAF11ADD3271D601640D,98783799508,98983921592,200122084,
rsnano,nano-serial,nano_3e3j5tkog48pnny9dmfzj1r16pg8t1e76dz5tmac6iq689wyjfpiij4txtdo,78,nano_3e3j5tkog48pnny9dmfzj1r16pg8t1e76dz5tmac6iq689wyjfpiij4txtdo,8726798BD03ECF60FCB43DA42781E6D6A6CD00CDBED1EEACF94C57DB6C66CA42,98983934174,99184383479,200449305,
rsnano,nano-serial,nano_3e3j5tkog48pnny9dmfzj1r16pg8t1e76dz5tmac6iq689wyjfpiij4txtdo,79,nano_3e3j5tkog48pnny9dmfzj1r16pg8t1e76dz5tmac6iq689wyjfpiij4txtdo,9BC3519E6597B05D10B037D9B638742793FF278503296FBF45BE1847215D01AB,99184395327,99408244282,223848955,
rsnano,nano-serial,nano_3e3j5tkog48pnny9dmfzj1r16pg8t1e76dz5tmac6iq689wyjfpiij4txtdo,80,nano_3e3j5tkog48pnny9dmfzj1r16pg8t1e76dz5tmac6iq689wyjfpiij4txtdo,633752603B8A4DDFFE248386B19AF5E5A855F32491EF231E7D75695EDA9C5ADD,99408255238,99585035448,176780210,
rsnano,nano-serial,nano_3e3j5tkog48pnny9dmfzj1r16pg8t1e76dz5tmac6iq689wyjfpiij4txtdo,81,nano_3e3j5tkog48pnny9dmfzj1r16pg8t1e76dz5tmac6iq689wyjfpiij4txtdo,EEBC17924DA5A22FF9EC1D02A76E271C098376397C0829B7A27F333F226B3D86,99585045608,99785222068,200176460,
rsnano,nano-serial,nano_3e3j5tkog48pnny9dmfzj1r16pg8t1e76dz5tmac6iq689wyjfpiij4txtdo,82,nano_3e3j5tkog48pnny9dmfzj1r16pg8t1e76dz5tmac6iq689wyjfpiij4txtdo,2EEA2C51B884BBEF719E8B962FFE1BB5518A634DC144C9BB3536ED76FBD9DD7A,99785231976,99985358666,200126690,
rsnano,nano-serial,nano_3e3j5tkog48pnny9dmfzj1r16pg8t1e76dz5tmac6iq689wyjfpiij4txtdo,83,nano_3e3j5tkog48pnny9dmfzj1r16pg8t1e76dz5tmac6iq689wyjfpiij4txtdo,5A087FBC7F16A6E25146F109AFDBF6260693443402E7D988E738CBCDA21555CD,99985368198,100185818276,200450078,
rsnano,nano-serial,nano_3e3j5tkog48pnny9dmfzj1r16pg8t1e76dz5tmac6iq689wyjfpiij4txtdo,84,nano_3e3j5tkog48pnny9dmfzj1r16pg8t1e76dz5tmac6iq689wyjfpiij4txtdo,B2BE88FE9AACC95952AD66497D37ED90F77296FDDB49FD72CEB338A16DD4B04D,100185828909,100385959998,200131089,
rsnano,nano-serial,nano_3e3j5tkog48pnny9dmfzj1r16pg8t1e76dz5tmac6iq689wyjfpiij4txtdo,85,nano_3e3j5tkog48pnny9dmfzj1r16pg8t1e76dz5tmac6iq689wyjfpiij4txtdo,5E68EB564219C2A156D25FCCF19767CC73EF769CAA5FEC48853DA556E1E2041F,100385970878,100586706390,200735512,
rsnano,nano-serial,nano_3e3j5tkog48pnny9dmfzj1r16pg8t1e76dz5tmac6iq689wyjfpiij4txtdo,86,nano_3e3j5tkog48pnny9dmfzj1r16pg8t1e76dz5tmac6iq689wyjfpiij4txtdo,ED0BBFDCB4061E46B6A31D00803B70DDBC7DC5C5FC2CABE0B250DDB5E75D7BF0,100586716512,100786500510,199783998,
rsnano,nano-serial,nano_3e3j5tkog48pnny9dmfzj1r16pg8t1e76dz5tmac6iq689wyjfpiij4txtdo,87,nano_3e3j5tkog48pnny9dmfzj1r16pg8t1e76dz5tmac6iq689wyjfpiij4txtdo,BC7D13BA75660F9B33A009618A76268382DB4E1775A78101151EADC9E89494D3,100786510756,100986747846,200237090,
rsnano,nano-serial,nano_3e3j5tkog48pnny9dmfzj1r16pg8t1e76dz5tmac6iq689wyjfpiij4txtdo,88,nano_3e3j5tkog48pnny9dmfzj1r16pg8t1e76dz5tmac6iq689wyjfpiij4txtdo,F64C962A3AC5317DE35B00B8A78A6216310B9E47D612AC7B6502CCC83DFA8F2A,100986758242,101187086832,200328590,
rsnano,nano-serial,nano_3e3j5tkog48pnny9dmfzj1r16pg8t1e76dz5tmac6iq689wyjfpiij4txtdo,89,nano_3e3j5tkog48pnny9dmfzj1r16pg8t1e76dz5tmac6iq689wyjfpiij4txtdo,B6102BC0E3DAB6608E976A8C3110AD5C513733470BB16BAF3BCD4AF15DDFDC12,101187097270,101387305102,200207832,
rsnano,nano-serial,nano_3e3j5tkog48pnny9dmfzj1r16pg8t1e76dz5tmac6iq689wyjfpiij4txtdo,90,nano_3e3j5tkog48pnny9dmfzj1r16pg8t1e76dz5tmac6iq689wyjfpiij4txtdo,EC222DCD4B5C350077C141ECD26AE98C210A90553371A1F6409A34071183FBB7,101387314764,101588049567,200734803,
rsnano,nano-serial,nano_3e3j5tkog48pnny9dmfzj1r16pg8t1e76dz5tmac6iq689wyjfpiij4txtdo,91,nano_3e3j5tkog48pnny9dmfzj1r16pg8t1e76dz5tmac6iq689wyjfpiij4txtdo,762537BC977523114DEE1ECE19BE24CAD3E90A90DA9A948474D8C19F07452467,101588059218,101788114415,200055197,
rsnano,nano-serial,nano_3e3j5tkog48pnny9dmfzj1r16pg8t1e76dz5tmac6iq689wyjfpiij4txtdo,92,nano_3e3j5tkog48pnny9dmfzj1r16pg8t1e76dz5tmac6iq689wyjfpiij4txtdo,83B50E4CBA6B7E0943F23217094A58EA03E67063CE8E71D218CE4E29FAEC3F9C,101788127031,102003147547,215020516,
rsnano,nano-serial,nano_3e3j5tkog48pnny9dmfzj1r16pg8t1e76dz5tmac6iq689wyjfpiij4txtdo,93,nano_3e3j5tkog48pnny9dmfzj1r16pg8t1e76dz5tmac6iq689wyjfpiij4txtdo,3D9042DE92AFB6CAC4954D80952DD15B513C588196450165377E7F46BACEB077,102003158015,102188898675,185740660,
rsnano,nano-serial,nano_3e3j5tkog48pnny9dmfzj1r16pg8t1e76dz5tmac6iq689wyjfpiij4txtdo,94,nano_3e3j5tkog48pnny9dmfzj1r16pg8t1e76dz5tmac6iq689wyjfpiij4txtdo,5A305B2FA8A808AC660560A83954D8D7EECEDD587D429680387B02104BFD8675,102188909082,102388889942,199980860,
rsnano,nano-serial,nano_3e3j5tkog48pnny9dmfzj1r16pg8t1e76dz5tmac6iq689wyjfpiij4txtdo,95,nano_3e3j5tkog48pnny9dmfzj1r16pg8t1e76dz5tmac6iq689wyjfpiij4txtdo,79A12A7B1A03F280DD7C47C4F1C18E7BEE30DE43CE95A2BC03F8A8BD8BD4D1FD,102388898711,102589285757,200387046,
rsnano,nano-serial,nano_3e3j5tkog48pnny9dmfzj1r16pg8t1e76dz5tmac6iq689wyjfpiij4txtdo,96,nano_3e3j5tkog48pnny9dmfzj1r16pg8t1e76dz5tmac6iq689wyjfpiij4txtdo,C6612D38FFCE339D077E59EDF72063E749B5CF31FB06486B7DD8E839C7ACA276,102589296015,102789280317,199984302,
rsnano,nano-serial,nano_3e3j5tkog48pnny9dmfzj1r16pg8t1e76dz5tmac6iq689wyjfpiij4txtdo,97,nano_3e3j5tkog48pnny9dmfzj1r16pg8t1e76dz5tmac6iq689wyjfpiij4txtdo,D0F780AD05A138DA698BCDE540BDC1821EA361EE825E497618E03EF9383CEE0A,102789291076,102989967987,200676911,
rsnano,nano-serial,nano_3e3j5tkog48pnny9dmfzj1r16pg8t1e76dz5tmac6iq689wyjfpiij4txtdo,98,nano_3e3j5tkog48pnny9dmfzj1r16pg8t1e76dz5tmac6iq689wyjfpiij4txtdo,9C564610D0561168A0A0F4B88944F950A310A82E4ED5CE52A87EA89336DE1D45,102989978450,103190256820,200278370,
rsnano,nano-serial,nano_3e3j5tkog48pnny9dmfzj1r16pg8t1e76dz5tmac6iq689wyjfpiij4txtdo,99,nano_3e3j5tkog48pnny9dmfzj1r16pg8t1e76dz5tmac6iq689wyjfpiij4txtdo,BB3AA63CE669E7F1F64FA727904040C4061D1CB25ECFF2219FE0B8D8BBF0ABA4,103190267092,103402970816,212703724,
rsnano,nano-serial,nano_3e3j5tkog48pnny9dmfzj1r16pg8t1e76dz5tmac6iq689wyjfpiij4txtdo,100,nano_3e3j5tkog48pnny9dmfzj1r16pg8t1e76dz5tmac6iq689wyjfpiij4txtdo,F321001A84633CE3DF8ABD7C96072752F801D47D020CD4F82B577E35E18CEFD0,103402981507,103590643497,187661990,
rsnano,nano-serial,nano_3e3j5tkog48pnny9dmfzj1r16pg8t1e76dz5tmac6iq689wyjfpiij4txtdo,101,nano_3e3j5tkog48pnny9dmfzj1r16pg8t1e76dz5tmac6iq689wyjfpiij4txtdo,E19D64036DCAC3CA8D91FD7904F8C11DE12F4B1DA9DE654F4C2CCA88B63899D2,103590652911,103790974484,200321573,
rsnano,nano-serial,nano_3e3j5tkog48pnny9dmfzj1r16pg8t1e76dz5tmac6iq689wyjfpiij4txtdo,102,nano_3e3j5tkog48pnny9dmfzj1r16pg8t1e76dz5tmac6iq689wyjfpiij4txtdo,01EFE59C2633DBAACD482162E9ACB946962B34C0197C08F75D931ED5ACC98156,103790985491,103991058052,200072561,
rsnano,nano-serial,nano_3e3j5tkog48pnny9dmfzj1r16pg8t1e76dz5tmac6iq689wyjfpiij4txtdo,103,nano_3e3j5tkog48pnny9dmfzj1r16pg8t1e76dz5tmac6iq689wyjfpiij4txtdo,F661A62FF1BF77D2D4A2FC9F0D009A81AAC66EFC177716341FCBAD7F651AD2A5,103991068148,104191479731,200411583,
rsnano,nano-serial,nano_3e3j5tkog48pnny9dmfzj1r16pg8t1e76dz5tmac6iq689wyjfpiij4txtdo,104,nano_3e3j5tkog48pnny9dmfzj1r16pg8t1e76dz5tmac6iq689wyjfpiij4txtdo,08BFAAFB0B5A724358EBCB55394E5E4DB292C86E23DABE9C17AE23D5A580B62F,104191490715,104391944347,200453632,
rsnano,nano-serial,nano_3e3j5tkog48pnny9dmfzj1r16pg8t1e76dz5tmac6iq689wyjfpiij4txtdo,105,nano_3e3j5tkog48pnny9dmfzj1r16pg8t1e76dz5tmac6iq689wyjfpiij4txtdo,0603A56F9CE9E1B08FF9AFE7A4CD88333F4766DE4F7BF3ED555DE237BB2FA512,104391956134,104592221954,200265820,
rsnano,nano-serial,nano_3e3j5tkog48pnny9dmfzj1r16pg8t1e76dz5tmac6iq689wyjfpiij4txtdo,106,nano_3e3j5tkog48pnny9dmfzj1r16pg8t1e76dz5tmac6iq689wyjfpiij4txtdo,88D7C87B7EFD1B08DF4C0DD37EA5E9E6DE44FD4E3718CA7BAE589FECE014AABD,104592232244,104803091559,210859315,
rsnano,nano-serial,nano_3e3j5tkog48pnny9dmfzj1r16pg8t1e76dz5tmac6iq689wyjfpiij4txtdo,107,nano_3e3j5tkog48pnny9dmfzj1r16pg8t1e76dz5tmac6iq689wyjfpiij4txtdo,B176A596A818AB20947E8471345546BCC231687B62C10855236FDA7E95D5C8B3,104803103943,104992742322,189638379,
rsnano,nano-serial,nano_3e3j5tkog48pnny9dmfzj1r16pg8t1e76dz5tmac6iq689wyjfpiij4txtdo,108,nano_3e3j5tkog48pnny9dmfzj1r16pg8t1e76dz5tmac6iq689wyjfpiij4txtdo,BF7FD6B7F86DACBEDFB8F787C8D92D632A788408C57EF29CEAF7A974D9519B96,104992751981,105192945838,200193857,
rsnano,nano-serial,nano_3e3j5tkog48pnny9dmfzj1r16pg8t1e76dz5tmac6iq689wyjfpiij4txtdo,109,nano_3e3j5tkog48pnny9dmfzj1r16pg8t1e76dz5tmac6iq689wyjfpiij4txtdo,B8C1CD4E572D76D139C11D2B3ACEEC5C0AF63AC10EB2D9A2A36986A200F9A19D,105192956540,105393294263,200337723,
rsnano,nano-serial,nano_3e3j5tkog48pnny9dmfzj1r16pg8t1e76dz5tmac6iq689wyjfpiij4txtdo,110,nano_3e3j5tkog48pnny9dmfzj1r16pg8t1e76dz5tmac6iq689wyjfpiij4txtdo,6F561A440B3242AE8B92E45FDD2557A5DFCC12362774F6B63CA45AD7FD81D154,105393306391,105593847872,200541481,
rsnano,nano-serial,nano_3e3j5tkog48pnny9dmfzj1r16pg8t1e76dz5tmac6iq689wyjfpiij4txtdo,111,nano_3e3j5tkog48pnny9dmfzj1r16pg8t1e76dz5tmac6iq689wyjfpiij4txtdo,95A0D4BAAED96D090FD102D1C577E2FF9DDA0BA625AFA9A282A68A8E6EAFD81A,105593858325,105793830147,199971822,
rsnano,nano-serial,nano_3e3j5tkog48pnny9dmfzj1r16pg8t1e76dz5tmac6iq689wyjfpiij4txtdo,112,nano_3e3j5tkog48pnny9dmfzj1r16pg8t1e76dz5tmac6iq689wyjfpiij4txtdo,1C190B8C4ECAED217B83C71DBB9EEE84E7D313D6FB11631166E78C2DEAF3F981,105793840912,105994192351,200351439,
rsnano,nano-serial,nano_3e3j5tkog48pnny9dmfzj1r16pg8t1e76dz5tmac6iq689wyjfpiij4txtdo,113,nano_3e3j5tkog48pnny9dmfzj1r16pg8t1e76dz5tmac6iq689wyjfpiij4txtdo,1715E9A3399F20B173FD0A40EA3771A86164B67AD05A7307D8FE37AE2BD9FBEB,105994201900,106195745307,201543407,
rsnano,nano-serial,nano_3e3j5tkog48pnny9dmfzj1r16pg8t1e76dz5tmac6iq689wyjfpiij4txtdo,114,nano_3e3j5tkog48pnny9dmfzj1r16pg8t1e76dz5tmac6iq689wyjfpiij4txtdo,939FC048B916B0A88015116B5AE8E274EE1823A285CAD37606A2E8BC32A68A13,106195756246,106394688544,198932298,
rsnano,nano-serial,nano_3e3j5tkog48pnny9dmfzj1r16pg8t1e76dz5tmac6iq689wyjfpiij4txtdo,115,nano_3e3j5tkog48pnny9dmfzj1r16pg8t1e76dz5tmac6iq689wyjfpiij4txtdo,4898F148F82503A371D189ACE2ECA25A8E3CE4923B24EE1D84820172E369F791,106394698328,106595032314,200333986,
rsnano,nano-serial,nano_3e3j5tkog48pnny9dmfzj1r16pg8t1e76dz5tmac6iq689wyjfpiij4txtdo,116,nano_3e3j5tkog48pnny9dmfzj1r16pg8t1e76dz5tmac6iq689wyjfpiij4txtdo,F7BB0D35CCCAACFE1AC665207C8DF640BEC902EE0B361C78A2558086CBDADA9A,106595042619,106795492309,200449690,
rsnano,nano-serial,nano_3e3j5tkog48pnny9dmfzj1r16pg8t1e76dz5tmac6iq689wyjfpiij4txtdo,117,nano_3e3j5tkog48pnny9dmfzj1r16pg8t1e76dz5tmac6iq689wyjfpiij4txtdo,E05CA87854A8F4D070BCBD8990FAB887E06B2BA38B32348E75A7F4AA9925160F,106795502885,106996241392,200738507,
rsnano,nano-serial,nano_3e3j5tkog48pnny9dmfzj1r16pg8t1e76dz5tmac6iq689wyjfpiij4txtdo,118,nano_3e3j5tkog48pnny9dmfzj1r16pg8t1e76dz5tmac6iq689wyjfpiij4txtdo,A41699CDF9636873C6156F7892213BFC77601035F860577B660B40EE38509659,106996251692,107196062657,199810965,
rsnano,nano-serial,nano_3e3j5tkog48pnny9dmfzj1r16pg8t1e76dz5tmac6iq689wyjfpiij4txtdo,119,nano_3e3j5tkog48pnny9dmfzj1r16pg8t1e76dz5tmac6iq689wyjfpiij4txtdo,419D476B14C64E53332BB8D06ABE8C401011060A1F1F46AC6AE2738E41B62D13,107196074425,107396225572,200151147,
rsnano,nano-serial,nano_3e3j5tkog48pnny9dmfzj1r16pg8t1e76dz5tmac6iq689wyjfpiij4txtdo,120,nano_3e3j5tkog48pnny9dmfzj1r16pg8t1e76dz5tmac6iq689wyjfpiij4txtdo,507CAC8839EC85A92FC63A624B9F8940B9AC7BA3898D27E6EABE3D4D56F38990,107396235691,107597888981,201653290,
rsnano,nano-serial,nano_3e3j5tkog48pnny9dmfzj1r16pg8t1e76dz5tmac6iq689wyjfpiij4txtdo,121,nano_3e3j5tkog48pnny9dmfzj1r16pg8t1e76dz5tmac6iq689wyjfpiij4txtdo,1B57419CED50C1AE81CA94FAA99BD6D9B82D8C4C6DFF5086C59C414E81B89DA2,107597900371,107796952357,199051986,
rsnano,nano-serial,nano_3e3j5tkog48pnny9dmfzj1r16pg8t1e76dz5tmac6iq689wyjfpiij4txtdo,122,nano_3e3j5tkog48pnny9dmfzj1r16pg8t1e76dz5tmac6iq689wyjfpiij4txtdo,A3C3E07FB64B97DDE5EDE5767148ADF6260A7B9381E8F75177E8CEC3D87AB272,107796962536,107997396838,200434302,
rsnano,nano-serial,nano_3e3j5tkog48pnny9dmfzj1r16pg8t1e76dz5tmac6iq689wyjfpiij4txtdo,123,nano_3e3j5tkog48pnny9dmfzj1r16pg8t1e76dz5tmac6iq689wyjfpiij4txtdo,172BFC97BD4098ABDFF1C071A2085C77C6A49CBD86F285AC56D35C5071D8A336,107997407073,108197882976,200475903,
rsnano,nano-serial,nano_3e3j5tkog48pnny9dmfzj1r16pg8t1e76dz5tmac6iq689wyjfpiij4txtdo,124,nano_3e3j5tkog48pnny9dmfzj1r16pg8t1e76dz5tmac6iq689wyjfpiij4txtdo,5DD97BCCFA2922853521F1236073433C17A8A0A961F528C1EF35D19572A1F660,108197893304,108397996656,200103352,
rsnano,nano-serial,nano_3e3j5tkog48pnny9dmfzj1r16pg8t1e76dz5tmac6iq689wyjfpiij4txtdo,125,nano_3e3j5tkog48pnny9dmfzj1r16pg8t1e76dz5tmac6iq689wyjfpiij4txtdo,F1D293CEB01F7A6802D176A280F4AC4920301EAD038D74FB78197B2EE58A72D9,108398025109,108598385433,200360324,
rsnano,nano-serial,nano_3e3j5tkog48pnny9dmfzj1r16pg8t1e76dz5tmac6iq689wyjfpiij4txtdo,126,nano_3e3j5tkog48pnny9dmfzj1r16pg8t1e76dz5tmac6iq689wyjfpiij4txtdo,7F7A0C33864DC83AAA4A6C0153AB8F2CCA8FE446625F9519B018510CFDD31B7E,108598396500,108798492960,200096460,
rsnano,nano-serial,nano_3e3j5tkog48pnny9dmfzj1r16pg8t1e76dz5tmac6iq689wyjfpiij4txtdo,127,nano_3e3j5tkog48pnny9dmfzj1r16pg8t1e76dz5tmac6iq689wyjfpiij4txtdo,9C5736CAF2B738B9F4DAE443333D8A8C232C0951FAA0E7F9EA515F57794BC613,108798503819,108999495691,200991872,
rsnano,nano-serial,nano_3e3j5tkog48pnny9dmfzj1r16pg8t1e76dz5tmac6iq689wyjfpiij4txtdo,128,nano_3e3j5tkog48pnny9dmfzj1r16pg8t1e76dz5tmac6iq689wyjfpiij4txtdo,D92162A3F680FAA2447A61AD6F8B69F24EAA35825EF7B0DB6BD2059276A4B67C,108999512497,109199302509,199790012,
rsnano,nano-serial,nano_3e3j5tkog48pnny9dmfzj1r16pg8t1e76dz5tmac6iq689wyjfpiij4txtdo,129,nano_3e3j5tkog48pnny9dmfzj1r16pg8t1e76dz5tmac6iq689wyjfpiij4txtdo,94E6F87EAC6AB365AF60544F5F58AC183CF5116D01D635009DD91088C13338B7,109199320783,109399257820,199937037,
rsnano,nano-serial,nano_3e3j5tkog48pnny9dmfzj1r16pg8t1e76dz5tmac6iq689wyjfpiij4txtdo,130,nano_3e3j5tkog48pnny9dmfzj1r16pg8t1e76dz5tmac6iq689wyjfpiij4txtdo,6858D674EBCABC32FB6B4C4ABB6C2B0BB83BDFBDE3C8948188E5452251DC49FB,109399268839,109599583006,200314167,
rsnano,nano-serial,nano_3e3j5tkog48pnny9dmfzj1r16pg8t1e76dz5tmac6iq689wyjfpiij4txtdo,131,nano_3e3j5tkog48pnny9dmfzj1r16pg8t1e76dz5tmac6iq689wyjfpiij4txtdo,600E5C50B5F14D8402376E1F28DD855939F91B8A793C3A58B104BD2A4CFC9AAB,109599593270,109800059289,200466019,
rsnano,nano-serial,nano_3e3j5tkog48pnny9dmfzj1r16pg8t1e76dz5tmac6iq689wyjfpiij4txtdo,132,nano_3e3j5tkog48pnny9dmfzj1r16pg8t1e76dz5tmac6iq689wyjfpiij4txtdo,CA6EF83BFF3FEA1432219684519F7A23C1FFD3DB2CFD5BF608E4D0E41B25CB37,109800070470,110000509169,200438699,
rsnano,nano-serial,nano_3e3j5tkog48pnny9dmfzj1r16pg8t1e76dz5tmac6iq689wyjfpiij4txtdo,133,nano_3e3j5tkog48pnny9dmfzj1r16pg8t1e76dz5tmac6iq689wyjfpiij4txtdo,CC4AF7E7AEEAF64A7ACFBFF4A057B727C7980782621B3C0D6F89590F6CB05576,110000520490,110200530670,200010180,
rsnano,nano-serial,nano_3e3j5tkog48pnny9dmfzj1r16pg8t1e76dz5tmac6iq689wyjfpiij4txtdo,134,nano_3e3j5tkog48pnny9dmfzj1r16pg8t1e76dz5tmac6iq689wyjfpiij4txtdo,43C8EE1A05B025B40FE3C1202D53C34D1F521A893BF2351E82551C84F3C79C3B,110200541851,110400784158,200242307,
rsnano,nano-serial,nano_3e3j5tkog48pnny9dmfzj1r16pg8t1e76dz5tmac6iq689wyjfpiij4txtdo,135,nano_3e3j5tkog48pnny9dmfzj1r16pg8t1e76dz5tmac6iq689wyjfpiij4txtdo,41830E5CB165E6D6F5ED6BAC736D0B2DC6BE6A469ED8D1AFEDCF5D080AD3A0D6,110400796372,110640608752,239812380,
rsnano,nano-serial,nano_3e3j5tkog48pnny9dmfzj1r16pg8t1e76dz5tmac6iq689wyjfpiij4txtdo,136,nano_3e3j5tkog48pnny9dmfzj1r16pg8t1e76dz5tmac6iq689wyjfpiij4txtdo,7D5369B2E42F3310CE81F37FA4500116719A3EA7FB346017641D75CAB9E6BC56,110640620126,110801461574,160841448,
rsnano,nano-serial,nano_3e3j5tkog48pnny9dmfzj1r16pg8t1e76dz5tmac6iq689wyjfpiij4txtdo,137,nano_3e3j5tkog48pnny9dmfzj1r16pg8t1e76dz5tmac6iq689wyjfpiij4txtdo,D557FB47ECC7710CF2952DB89467C4B5781BD099B903D29C0C17C9764B5E1E5B,110801472446,111001617772,200145326,
rsnano,nano-serial,nano_3e3j5tkog48pnny9dmfzj1r16pg8t1e76dz5tmac6iq689wyjfpiij4txtdo,138,nano_3e3j5tkog48pnny9dmfzj1r16pg8t1e76dz5tmac6iq689wyjfpiij4txtdo,072673774878E386112C768DFC8FC5A9356822A8F6A3CCE606C5293D8C8F07AB,111001628465,111201999240,200370775,
rsnano,nano-serial,nano_3e3j5tkog48pnny9dmfzj1r16pg8t1e76dz5tmac6iq689wyjfpiij4txtdo,139,nano_3e3j5tkog48pnny9dmfzj1r16pg8t1e76dz5tmac6iq689wyjfpiij4txtdo,78E7AED8FAE480A0987361779A2D36C0822FC2BBE16B82172B6E1F71F6CA3C87,111202026338,111402426984,200400646,
rsnano,nano-serial,nano_3e3j5tkog48pnny9dmfzj1r16pg8t1e76dz5tmac6iq689wyjfpiij4txtdo,140,nano_3e3j5tkog48pnny9dmfzj1r16pg8t1e76dz5tmac6iq689wyjfpiij4txtdo,CC17004CCEA15D9CB2300549F70B39B26F73688E5EC1A971AF414E9BFC40B6A7,111402437888,111602462957,200025069,
rsnano,nano-serial,nano_3e3j5tkog48pnny9dmfzj1r16pg8t1e76dz5tmac6iq689wyjfpiij4txtdo,141,nano_3e3j5tkog48pnny9dmfzj1r16pg8t1e76dz5tmac6iq689wyjfpiij4txtdo,ABC5DE876B78CA76C42FA79EA7318B6E83D99803D5DA17D06BAC6C51EEFA0081,111602474239,111808876141,206401902,
rsnano,nano-serial,nano_3e3j5tkog48pnny9dmfzj1r16pg8t1e76dz5tmac6iq689wyjfpiij4txtdo,142,nano_3e3j5tkog48pnny9dmfzj1r16pg8t1e76dz5tmac6iq689wyjfpiij4txtdo,F2C7078F04C1A01074E8EFF54703B11689D55BD28CDC96D2F0F6397B26D4718C,111808886626,112003162769,194276143,
rsnano,nano-serial,nano_3e3j5tkog48pnny9dmfzj1r16pg8t1e76dz5tmac6iq689wyjfpiij4txtdo,143,nano_3e3j5tkog48pnny9dmfzj1r16pg8t1e76dz5tmac6iq689wyjfpiij4txtdo,020AE66740659B0261690ECE8A52CF7460A63A325ADC2CFCC907EAEF4D041AD0,112003174060,112203524197,200350137,
rsnano,nano-serial,nano_3e3j5tkog48pnny9dmfzj1r16pg8t1e76dz5tmac6iq689wyjfpiij4txtdo,144,nano_3e3j5tkog48pnny9dmfzj1r16pg8t1e76dz5tmac6iq689wyjfpiij4txtdo,9DCC02042ED37A1F40229BB361B2056FD7C8E49F5EEAB81F9DE2D4EEF93FDD25,112203534191,112403994933,200460742,
rsnano,nano-serial,nano_3e3j5tkog48pnny9dmfzj1r16pg8t1e76dz5tmac6iq689wyjfpiij4txtdo,145,nano_3e3j5tkog48pnny9dmfzj1r16pg8t1e76dz5tmac6iq689wyjfpiij4txtdo,3E18E7C4F499009007C50935C45C7474066F353EB370494D6CF37E5C994F22DF,112404024204,112604209572,200185368,
rsnano,nano-serial,nano_3e3j5tkog48pnny9dmfzj1r16pg8t1e76dz5tmac6iq689wyjfpiij4txtdo,146,nano_3e3j5tkog48pnny9dmfzj1r16pg8t1e76dz5tmac6iq689wyjfpiij4txtdo,70C9C0B2D921193768A6A78659F8B9FB6B13FF43BB16F69AFCA17F2E99C45680,112604219833,112805366322,201146489,
rsnano,nano-serial,nano_3e3j5tkog48pnny9dmfzj1r16pg8t1e76dz5tmac6iq689wyjfpiij4txtdo,147,nano_3e3j5tkog48pnny9dmfzj1r16pg8t1e76dz5tmac6iq689wyjfpiij4txtdo,14C6449DF74FA266C714918C013D64801E06B5C9AE9A5CB484A0F58F027FFCA9,112805377021,113005093876,199716855,
rsnano,nano-serial,nano_3e3j5tkog48pnny9dmfzj1r16pg8t1e76dz5tmac6iq689wyjfpiij4txtdo,148,nano_3e3j5tkog48pnny9dmfzj1r16pg8t1e76dz5tmac6iq689wyjfpiij4txtdo,C6E1376F69E90AA1048EEE2AC3429C0A08DFDDC65503ADB71D9E5FB45571EFE3,113005105429,113205041845,199936416,
rsnano,nano-serial,nano_3e3j5tkog48pnny9dmfzj1r16pg8t1e76dz5tmac6iq689wyjfpiij4txtdo,149,nano_3e3j5tkog48pnny9dmfzj1r16pg8t1e76dz5tmac6iq689wyjfpiij4txtdo,00639B727FC899B1CF67ECA8F3FEADA80880EE2E560975F7AC1B85B03B80C473,113205052727,113415923545,210870818,
rsnano,nano-serial,nano_3e3j5tkog48pnny9dmfzj1r16pg8t1e76dz5tmac6iq689wyjfpiij4txtdo,150,nano_3e3j5tkog48pnny9dmfzj1r16pg8t1e76dz5tmac6iq689wyjfpiij4txtdo,C162462845D03B04BFCE3C115798405BF171F170B77D66A0ED49C555EE99C5F6,113415936783,113605885702,189948919,
rsnano,nano-serial,nano_3e3j5tkog48pnny9dmfzj1r16pg8t1e76dz5tmac6iq689wyjfpiij4txtdo,151,nano_3e3j5tkog48pnny9dmfzj1r16pg8t1e76dz5tmac6iq689wyjfpiij4txtdo,EFFFCD9142A4DC7AA84EEA4EA790457AE842D6D407BCA06DB92638D8A79751B3,113605896464,113806078859,200182395,
rsnano,nano-serial,nano_3e3j5tkog48pnny9dmfzj1r16pg8t1e76dz5tmac6iq689wyjfpiij4txtdo,152,nano_3e3j5tkog48pnny9dmfzj1r16pg8t1e76dz5tmac6iq689wyjfpiij4txtdo,DE0C04BF1DDAED9C2E3261FBE22F6913E86C3806F27728AC9E9C27E1BA363818,113806090370,114006416028,200325658,
rsnano,nano-serial,nano_3e3j5tkog48pnny9dmfzj1r16pg8t1e76dz5tmac6iq689wyjfpiij4txtdo,153,nano_3e3j5tkog48pnny9dmfzj1r16pg8t1e76dz5tmac6iq689wyjfpiij4txtdo,AC66B67886681ED700BEFA1A85510632526C3054EB288A0A0651CC1F31407230,114006428227,114206785766,200357539,
rsnano,nano-serial,nano_3e3j5tkog48pnny9dmfzj1r16pg8t1e76dz5tmac6iq689wyjfpiij4txtdo,154,nano_3e3j5tkog48pnny9dmfzj1r16pg8t1e76dz5tmac6iq689wyjfpiij4txtdo,AEDE85B386C21B4D75D8C82D5A93AA07837F6B326A0335784BE12715061E5B04,114206795662,114406930833,200135171,
rsnano,nano-serial,nano_3e3j5tkog48pnny9dmfzj1r16pg8t1e76dz5tmac6iq689wyjfpiij4txtdo,155,nano_3e3j5tkog48pnny9dmfzj1r16pg8t1e76dz5tmac6iq689wyjfpiij4txtdo,601462F4FAD141E7711E61EADB91DB5DC5809496A67B1C732A0757E3E6E383B3,114406942653,114607120986,200178333,
rsnano,nano-serial,nano_3e3j5tkog48pnny9dmfzj1r16pg8t1e76dz5tmac6iq689wyjfpiij4txtdo,156,nano_3e3j5tkog48pnny9dmfzj1r16pg8t1e76dz5tmac6iq689wyjfpiij4txtdo,740AF08CCF46348D420D9EC0B1512B03AFCD7732654FD4505B7635CA55B222DF,114607132929,114812923447,205790518,
rsnano,nano-serial,nano_3e3j5tkog48pnny9dmfzj1r16pg8t1e76dz5tmac6iq689wyjfpiij4txtdo,157,nano_3e3j5tkog48pnny9dmfzj1r16pg8t1e76dz5tmac6iq689wyjfpiij4txtdo,3EFAFC1F31DD1ACA1B722708957ED28EC65953729C9102D87B08799BABF07898,114812934501,115007705447,194770946,
rsnano,nano-serial,nano_3e3j5tkog48pnny9dmfzj1r16pg8t1e76dz5tmac6iq689wyjfpiij4txtdo,158,nano_3e3j5tkog48pnny9dmfzj1r16pg8t1e76dz5tmac6iq689wyjfpiij4txtdo,7A7635DA27032CBB4B87ECC90965DA03DBBC4E5CD68E7D6F2EBE269B88AEE01D,115007720389,115208249172,200528783,
rsnano,nano-serial,nano_3e3j5tkog48pnny9dmfzj1r16pg8t1e76dz5tmac6iq689wyjfpiij4txtdo,159,nano_3e3j5tkog48pnny9dmfzj1r16pg8t1e76dz5tmac6iq689wyjfpiij4txtdo,9B2CDE1999752FCC6C7320C2DBEB93A885608827FDBBD8F961260D15F48A9FD7,115208259203,115408510476,200251273,
rsnano,nano-serial,nano_3e3j5tkog48pnny9dmfzj1r16pg8t1e76dz5tmac6iq689wyjfpiij4txtdo,160,nano_3e3j5tkog48pnny9dmfzj1r16pg8t1e76dz5tmac6iq689wyjfpiij4txtdo,C76B0F2D58A940EB7FFD4915F7AFC4D060F7B94B6D1291C3B57576B4E9E32AAC,115408520615,115608724736,200204121,
rsnano,nano-serial,nano_3e3j5tkog48pnny9dmfzj1r16pg8t1e76dz5tmac6iq689wyjfpiij4txtdo,161,nano_3e3j5tkog48pnny9dmfzj1r16pg8t1e76dz5tmac6iq689wyjfpiij4txtdo,C11F4ED5362E3F9DC665CCD8205B876416D2426B4256754CC8B1A3A34E5C51EC,115608735265,115808999524,200264259,
rsnano,nano-serial,nano_3e3j5tkog48pnny9dmfzj1r16pg8t1e76dz5tmac6iq689wyjfpiij4txtdo,162,nano_3e3j5tkog48pnny9dmfzj1r16pg8t1e76dz5tmac6iq689wyjfpiij4txtdo,308F73D2C24F3BB503164B3A0CCFAC5A0E9AB5F5F19D295B2521D63C8B9F17B0,115809029466,116324669899,515640433,
rsnano,nano-serial,nano_3e3j5tkog48pnny9dmfzj1r16pg8t1e76dz5tmac6iq689wyjfpiij4txtdo,163,nano_3e3j5tkog48pnny9dmfzj1r16pg8t1e76dz5tmac6iq689wyjfpiij4txtdo,D081A52C0DF40E176524350F2B2055866683A3F779847B1ADD1F93F77DA27484,116324680851,116509891771,185210920,
rsnano,nano-serial,nano_3e3j5tkog48pnny9dmfzj1r16pg8t1e76dz5tmac6iq689wyjfpiij4txtdo,164,nano_3e3j5tkog48pnny9dmfzj1r16pg8t1e76dz5tmac6iq689wyjfpiij4txtdo,B2FB6140EFF972B0AD1995D58B3DC0871A4D4244D500EE491FB362D0A271066F,116509902927,116710398585,200495658,
rsnano,nano-serial,nano_3e3j5tkog48pnny9dmfzj1r16pg8t1e76dz5tmac6iq689wyjfpiij4txtdo,165,nano_3e3j5tkog48pnny9dmfzj1r16pg8t1e76dz5tmac6iq689wyjfpiij4txtdo,A9E41FE77A433601C68EF633EF141C04D6F25A6ACBC0E3298B2EB21075292864,116710409477,116910519853,200110376,
rsnano,nano-serial,nano_3e3j5tkog48pnny9dmfzj1r16pg8t1e76dz5tmac6iq689wyjfpiij4txtdo,166,nano_3e3j5tkog48pnny9dmfzj1r16pg8t1e76dz5tmac6iq689wyjfpiij4txtdo,DF5DDDD62E37D6BF032D9AA181583C14B276A402CB23E3A11DF3EBA5032330F0,116910531140,117110943246,200412106,
rsnano,nano-serial,nano_3e3j5tkog48pnny9dmfzj1r16pg8t1e76dz5tmac6iq689wyjfpiij4txtdo,167,nano_3e3j5tkog48pnny9dmfzj1r16pg8t1e76dz5tmac6iq689wyjfpiij4txtdo,397555C05B8A4FD0EAA28CA4BA4A3D0BB9159E868D2DEB7E2F75993850B39599,117110953728,117311397374,200443646,
rsnano,nano-serial,nano_3e3j5tkog48pnny9dmfzj1r16pg8t1e76dz5tmac6iq689wyjfpiij4txtdo,168,nano_3e3j5tkog48pnny9dmfzj1r16pg8t1e76dz5tmac6iq689wyjfpiij4txtdo,BDFD349B96D3DD59878BE9681CB0B5E672111D6221BAA566500567D7D445C5EF,117311408959,117511514031,200105072,
rsnano,nano-serial,nano_3e3j5tkog48pnny9dmfzj1r16pg8t1e76dz5tmac6iq689wyjfpiij4txtdo,169,nano_3e3j5tkog48pnny9dmfzj1r16pg8t1e76dz5tmac6iq689wyjfpiij4txtdo,D2925B6D772BBF5824DD4AC1F1049E891BFDF4371294EF77C93CE71DE1016183,117511524674,117732124704,220600030,
rsnano,nano-serial,nano_3e3j5tkog48pnny9dmfzj1r16pg8t1e76dz5tmac6iq689wyjfpiij4txtdo,170,nano_3e3j5tkog48pnny9dmfzj1r16pg8t1e76dz5tmac6iq689wyjfpiij4txtdo,9C16CA7FC80E40A0E7C9507A00F40FF89444AB3C2114E8787FACEAC807BA9D95,117732135538,117912237969,180102431,
rsnano,nano-serial,nano_3e3j5tkog48pnny9dmfzj1r16pg8t1e76dz5tmac6iq689wyjfpiij4txtdo,171,nano_3e3j5tkog48pnny9dmfzj1r16pg8t1e76dz5tmac6iq689wyjfpiij4txtdo,0FFB22D7D0F9DB9F24020491350C5FB21357E4F7FDD376CDF13F4A275584E407,117912252534,118112700064,200447530,
rsnano,nano-serial,nano_3e3j5tkog48pnny9dmfzj1r16pg8t1e76dz5tmac6iq689wyjfpiij4txtdo,172,nano_3e3j5tkog48pnny9dmfzj1r16pg8t1e76dz5tmac6iq689wyjfpiij4txtdo,A476B81B7348486463489F636413C53068C44EC3274A7C837AEA8C4CFDBB3376,118112710841,118312720174,200009333,
rsnano,nano-serial,nano_3e3j5tkog48pnny9dmfzj1r16pg8t1e76dz5tmac6iq689wyjfpiij4txtdo,173,nano_3e3j5tkog48pnny9dmfzj1r16pg8t1e76dz5tmac6iq689wyjfpiij4txtdo,F7D0F72EA6ACCC9B3920147F757F6148C20EC2584BD01FD89E027E3CF3FFFC01,118312730570,118513182745,200452175,
rsnano,nano-serial,nano_3e3j5tkog48pnny9dmfzj1r16pg8t1e76dz5tmac6iq689wyjfpiij4txtdo,174,nano_3e3j5tkog48pnny9dmfzj1r16pg8t1e76dz5tmac6iq689wyjfpiij4txtdo,9F409364E8E83C6ED58DDE45621948C803B6706611E10693122ADE46C57E2B26,118513193534,118713455057,200261523,
rsnano,nano-serial,nano_3e3j5tkog48pnny9dmfzj1r16pg8t1e76dz5tmac6iq689wyjfpiij4txtdo,175,nano_3e3j5tkog48pnny9dmfzj1r16pg8t1e76dz5tmac6iq689wyjfpiij4txtdo,8318EB386091CB2A5FF514FE0FEF6764525FDF7B8ECD82E7D79EA543D0FDE971,118713465454,118913766572,200301118,
rsnano,nano-serial,nano_3e3j5tkog48pnny9dmfzj1r16pg8t1e76dz5tmac6iq689wyjfpiij4txtdo,176,nano_3e3j5tkog48pnny9dmfzj1r16pg8t1e76dz5tmac6iq689wyjfpiij4txtdo,958C49ECAE9D0490E8BB5BC39E4214D14E52703487C9E7D85EFAC965818CD848,118913777361,119122678282,208900921,
rsnano,nano-serial,nano_3e3j5tkog48pnny9dmfzj1r16pg8t1e76dz5tmac6iq689wyjfpiij4txtdo,177,nano_3e3j5tkog48pnny9dmfzj1r16pg8t1e76dz5tmac6iq689wyjfpiij4txtdo,5B8BE39AD4AEE02ADFB30C77E5871AFA9D5CBD13F2B8BA841FE7AA2D08F21C67,119122689322,119314307318,191617996,
rsnano,nano-serial,nano_3e3j5tkog48pnny9dmfzj1r16pg8t1e76dz5tmac6iq689wyjfpiij4txtdo,178,nano_3e3j5tkog48pnny9dmfzj1r16pg8t1e76dz5tmac6iq689wyjfpiij4txtdo,3383E3AA56B797A82869A08A9697E36DCDB69222B5C739C8BE1D95EA1826FD11,119314319004,119514646277,200327273,
rsnano,nano-serial,nano_3e3j5tkog48pnny9dmfzj1r16pg8t1e76dz5tmac6iq689wyjfpiij4txtdo,179,nano_3e3j5tkog48pnny9dmfzj1r16pg8t1e76dz5tmac6iq689wyjfpiij4txtdo,8C8A6974A74161B28A1438CD6325C39AB29EBD254241D988E5BDA33E361A4C39,119514657126,119714979193,200322067,
rsnano,nano-serial,nano_3e3j5tkog48pnny9dmfzj1r16pg8t1e76dz5tmac6iq689wyjfpiij4txtdo,180,nano_3e3j5tkog48pnny9dmfzj1r16pg8t1e76dz5tmac6iq689wyjfpiij4txtdo,7870B4C68C1EBE629BFBED1ACD917D2D1E1174778CE3EF6404AB5D3579968A8F,119714992142,119915420947,200428805,
rsnano,nano-serial,nano_3e3j5tkog48pnny9dmfzj1r16pg8t1e76dz5tmac6iq689wyjfpiij4txtdo,181,nano_3e3j5tkog48pnny9dmfzj1r16pg8t1e76dz5tmac6iq689wyjfpiij4txtdo,C790D1C30A9FC50BC4C6412D8C46D8DF10A310C5E0E37323B957ED9E6241E33A,119915431790,120115527726,200095936,
rsnano,nano-serial,nano_3e3j5tkog48pnny9dmfzj1r16pg8t1e76dz5tmac6iq689wyjfpiij4txtdo,182,nano_3e3j5tkog48pnny9dmfzj1r16pg8t1e76dz5tmac6iq689wyjfpiij4txtdo,2CC9B57B3DFF4DDA8E6D1C111CD9756E834F83BE57C8DE26F438E5133589F4E1,120115538235,120315679502,200141267,
rsnano,nano-serial,nano_3e3j5tkog48pnny9dmfzj1r16pg8t1e76dz5tmac6iq689wyjfpiij4txtdo,183,nano_3e3j5tkog48pnny9dmfzj1r16pg8t1e76dz5tmac6iq689wyjfpiij4txtdo,0AE3E0AA04D53DC9E5E8AB8C34F2E47D9F9D2C72190974DB95A797DC9A87A6AA,120315690778,120516780222,201089444,
rsnano,nano-serial,nano_3e3j5tkog48pnny9dmfzj1r16pg8t1e76dz5tmac6iq689wyjfpiij4txtdo,184,nano_3e3j5tkog48pnny9dmfzj1r16pg8t1e76dz5tmac6iq689wyjfpiij4txtdo,2552264E57765AFE2B0E8BF45C57966606B25AB5909D1C80043E9BC482AD3A4D,120516790687,120716342158,199551471,
rsnano,nano-serial,nano_3e3j5tkog48pnny9dmfzj1r16pg8t1e76dz5tmac6iq689wyjfpiij4txtdo,185,nano_3e3j5tkog48pnny9dmfzj1r16pg8t1e76dz5tmac6iq689wyjfpiij4txtdo,5F3D095D2ED2AA084013DE7AF139225AB7B7446767B8301E2CC7954E68FF7676,120716355508,120916830207,200474699,
rsnano,nano-serial,nano_3e3j5tkog48pnny9dmfzj1r16pg8t1e76dz5tmac6iq689wyjfpiij4txtdo,186,nano_3e3j5tkog48pnny9dmfzj1r16pg8t1e76dz5tmac6iq689wyjfpiij4txtdo,13E32584C5F42B07546D6AB41631C890210770D3EC19941CDC1BED304FD0BF46,120916841075,121116990114,200149039,
rsnano,nano-serial,nano_3e3j5tkog48pnny9dmfzj1r16pg8t1e76dz5tmac6iq689wyjfpiij4txtdo,187,nano_3e3j5tkog48pnny9dmfzj1r16pg8t1e76dz5tmac6iq689wyjfpiij4txtdo,C3BB0D975A83C527CB38D018924C98DFE0BF0A117FB33F0AAFBEBF2884210479,121117020080,121317546773,200526693,
rsnano,nano-serial,nano_3e3j5tkog48pnny9dmfzj1r16pg8t1e76dz5tmac6iq689wyjfpiij4txtdo,188,nano_3e3j5tkog48pnny9dmfzj1r16pg8t1e76dz5tmac6iq689wyjfpiij4txtdo,A895299C6A0C2BDEEEC90723B14B0E8389D478B356D3ABBF20B984AF5A979C1A,121317566448,121517980500,200414052,
rsnano,nano-serial,nano_3e3j5tkog48pnny9dmfzj1r16pg8t1e76dz5tmac6iq689wyjfpiij4txtdo,189,nano_3e3j5tkog48pnny9dmfzj1r16pg8t1e76dz5tmac6iq689wyjfpiij4txtdo,2364A8CBDD3F8185920463CABA8F027D9B09AC541F735A7058BA488244A5BD33,121518000079,121717949077,199948998,
rsnano,nano-serial,nano_3e3j5tkog48pnny9dmfzj1r16pg8t1e76dz5tmac6iq689wyjfpiij4txtdo,190,nano_3e3j5tkog48pnny9dmfzj1r16pg8t1e76dz5tmac6iq689wyjfpiij4txtdo,924647B3DED7E7BAB3E95D49CEE36E43F0C79658D1EE777F514582EF7BE0AE18,121717960357,121918262989,200302632,
rsnano,nano-serial,nano_3e3j5tkog48pnny9dmfzj1r16pg8t1e76dz5tmac6iq689wyjfpiij4txtdo,191,nano_3e3j5tkog48pnny9dmfzj1r16pg8t1e76dz5tmac6iq689wyjfpiij4txtdo,95AA8F494A08CB4A6477B4E6FC538EEDB42C75A2ED8187FF3F3707424824412F,121918272573,122119014618,200742045,
rsnano,nano-serial,nano_3e3j5tkog48pnny9dmfzj1r16pg8t1e76dz5tmac6iq689wyjfpiij4txtdo,192,nano_3e3j5tkog48pnny9dmfzj1r16pg8t1e76dz5tmac6iq689wyjfpiij4txtdo,911DF6D288A6C6B2AC2100D9A19C624325E2B278900F635F51ECA097C8AB1AA2,122119028231,122319101332,200073101,
rsnano,nano-serial,nano_3e3j5tkog48pnny9dmfzj1r16pg8t1e76dz5tmac6iq689wyjfpiij4txtdo,193,nano_3e3j5tkog48pnny9dmfzj1r16pg8t1e76dz5tmac6iq689wyjfpiij4txtdo,B420D986D9DD3AAD4BF9C736C6D0C8DADC372F9500E2659E0F3382703DAD8933,122319146302,122519083176,199936874,
rsnano,nano-serial,nano_3e3j5tkog48pnny9dmfzj1r16pg8t1e76dz5tmac6iq689wyjfpiij4txtdo,194,nano_3e3j5tkog48pnny9dmfzj1r16pg8t1e76dz5tmac6iq689wyjfpiij4txtdo,B5000D8B098138CD04D18C31C8005160BF9D3E3DE6E7BE1B35B8F08849E77200,122519091751,122719523813,200432062,
rsnano,nano-serial,nano_3e3j5tkog48pnny9dmfzj1r16pg8t1e76dz5tmac6iq689wyjfpiij4txtdo,195,nano_3e3j5tkog48pnny9dmfzj1r16pg8t1e76dz5tmac6iq689wyjfpiij4txtdo,94B3E577E562CF02EDADCF24980A2A7246A3A7AEFDAF1DB3DF600E91C1B491E9,122719532582,122943827972,224295390,
rsnano,nano-serial,nano_3e3j5tkog48pnny9dmfzj1r16pg8t1e76dz5tmac6iq689wyjfpiij4txtdo,196,nano_3e3j5tkog48pnny9dmfzj1r16pg8t1e76dz5tmac6iq689wyjfpiij4txtdo,4A50C91C6C45F8F503C1FAAD806310FACE169C8907AA1250A2C3D676A4777412,122943837078,123119986285,176149207,
rsnano,nano-serial,nano_3e3j5tkog48pnny9dmfzj1r16pg8t1e76dz5tmac6iq689wyjfpiij4txtdo,197,nano_3e3j5tkog48pnny9dmfzj1r16pg8t1e76dz5tmac6iq689wyjfpiij4txtdo,4FE2F5518D44D98F0A1D9771B6B40F58BB6307FEA82E4BCFB793D947266AC569,123119995608,123320769843,200774235,
rsnano,nano-serial,nano_3e3j5tkog48pnny9dmfzj1r16pg8t1e76dz5tmac6iq689wyjfpiij4txtdo,198,nano_3e3j5tkog48pnny9dmfzj1r16pg8t1e76dz5tmac6iq689wyjfpiij4txtdo,74C590B65FF7920FD84D4BFAF1CABF8B1ED4E736C6009FBD2B794CCD1CDB0796,123320779067,123538959347,218180280,
rsnano,nano-serial,nano_3e3j5tkog48pnny9dmfzj1r16pg8t1e76dz5tmac6iq689wyjfpiij4txtdo,199,nano_3e3j5tkog48pnny9dmfzj1r16pg8t1e76dz5tmac6iq689wyjfpiij4txtdo,5A032BD9657B46DC6324334CB2CC37B45ABE0AEF5A221FE02BFEF00B77CDD50E,123538968120,123720790785,181822665,
rsnano,nano-serial,nano_3e3j5tkog48pnny9dmfzj1r16pg8t1e76dz5tmac6iq689wyjfpiij4txtdo,200,nano_3e3j5tkog48pnny9dmfzj1r16pg8t1e76dz5tmac6iq689wyjfpiij4txtdo,C4E71EE78F6DE1E94DB836D20B384533356ECAC874D812F0A9AD4EC08B1B716B,123720799744,123921085191,200285447,
rsnano,nano-serial,nano_3e3j5tkog48pnny9dmfzj1r16pg8t1e76dz5tmac6iq689wyjfpiij4txtdo,201,nano_3e3j5tkog48pnny9dmfzj1r16pg8t1e76dz5tmac6iq689wyjfpiij4txtdo,EB62D66FC7ACC8ECBCD7949F69DE2024AAA21F377D849E6CB7CD1452BE05D2F9,123921094557,124133499492,212404935,
rsnano,nano-serial,nano_3e3j5tkog48pnny9dmfzj1r16pg8t1e76dz5tmac6iq689wyjfpiij4txtdo,202,nano_3e3j5tkog48pnny9dmfzj1r16pg8t1e76dz5tmac6iq689wyjfpiij4txtdo,A96AFAF3B58C264CF8F9916FFAD8D4E0875E4E409DC3F5F88EA523C9063893FA,124133509168,124321768013,188258845,
rsnano,nano-serial,nano_3e3j5tkog48pnny9dmfzj1r16pg8t1e76dz5tmac6iq689wyjfpiij4txtdo,203,nano_3e3j5tkog48pnny9dmfzj1r16pg8t1e76dz5tmac6iq689wyjfpiij4txtdo,BDBEBD771C02953F27A9BBAD533E2791AC5FB2582C6BD3A79CB34AAF947E5B2C,124321777442,124522038492,200261050,
rsnano,nano-serial,nano_3e3j5tkog48pnny9dmfzj1r16pg8t1e76dz5tmac6iq689wyjfpiij4txtdo,204,nano_3e3j5tkog48pnny9dmfzj1r16pg8t1e76dz5tmac6iq689wyjfpiij4txtdo,6500C01294AB9CF4A6AE5D0B9899B9A337D5CED54B2A8410FAD42B047D4BBC25,124522047412,124725978472,203931060,
rsnano,nano-serial,nano_3e3j5tkog48pnny9dmfzj1r16pg8t1e76dz5tmac6iq689wyjfpiij4txtdo,205,nano_3e3j5tkog48pnny9dmfzj1r16pg8t1e76dz5tmac6iq689wyjfpiij4txtdo,677C0E280B4AAB98D9B771AD9F9FEE3E6004AE32541EA83A44476D9C5F07B950,124725987236,124930889563,204902327,
rsnano,nano-serial,nano_3e3j5tkog48pnny9dmfzj1r16pg8t1e76dz5tmac6iq689wyjfpiij4txtdo,206,nano_3e3j5tkog48pnny9dmfzj1r16pg8t1e76dz5tmac6iq689wyjfpiij4txtdo,53D96CA243D89AB7241BE588EC4A49638535DABB209FF6C17C445B392EA83D38,124930898863,125122893097,191994234,
rsnano,nano-serial,nano_3e3j5tkog48pnny9dmfzj1r16pg8t1e76dz5tmac6iq689wyjfpiij4txtdo,207,nano_3e3j5tkog48pnny9dmfzj1r16pg8t1e76dz5tmac6iq689wyjfpiij4txtdo,604E13A8646E66C772B868B3157BFC10934D26D68A675BA951BC6E966AE0A63C,125122902526,125323236173,200333647,
rsnano,nano-serial,nano_3e3j5tkog48pnny9dmfzj1r16pg8t1e76dz5tmac6iq689wyjfpiij4txtdo,208,nano_3e3j5tkog48pnny9dmfzj1r16pg8t1e76dz5tmac6iq689wyjfpiij4txtdo,6976A093A1E72F1D64E903A4749097C26E6F594737E4E0758D621AF7A4064440,125323244735,125523797729,200552994,
rsnano,nano-serial,nano_3e3j5tkog48pnny9dmfzj1r16pg8t1e76dz5tmac6iq689wyjfpiij4txtdo,209,nano_3e3j5tkog48pnny9dmfzj1r16pg8t1e76dz5tmac6iq689wyjfpiij4txtdo,D23ED32C1A50B94DDE407625688E3DCB72626585397901DFE12C19B8FCBB4852,125523806421,125724100475,200294054,
rsnano,nano-serial,nano_3e3j5tkog48pnny9dmfzj1r16pg8t1e76dz5tmac6iq689wyjfpiij4txtdo,210,nano_3e3j5tkog48pnny9dmfzj1r16pg8t1e76dz5tmac6iq689wyjfpiij4txtdo,E313E2D26AAC50C6446F5BDAC6D45050863FF87E1CC353FA2EE57044C3DED80C,125724114112,125924231416,200117304,
rsnano,nano-serial,nano_3e3j5tkog48pnny9dmfzj1r16pg8t1e76dz5tmac6iq689wyjfpiij4txtdo,211,nano_3e3j5tkog48pnny9dmfzj1r16pg8t1e76dz5tmac6iq689wyjfpiij4txtdo,989815CEFBBFAEEDDE81BCC80DB55075E65AA8D9524D40DDC931A92E4BBE98D1,125924239938,126124358923,200118985,
rsnano,nano-serial,nano_3e3j5tkog48pnny9dmfzj1r16pg8t1e76dz5tmac6iq689wyjfpiij4txtdo,212,nano_3e3j5tkog48pnny9dmfzj1r16pg8t1e76dz5tmac6iq689wyjfpiij4txtdo,8527F66EB1F3F49EA50C456DDE9075B730E80C448CF3D875EA0534C77F2E4B53,126124367568,126327871226,203503658,
rsnano,nano-serial,nano_3e3j5tkog48pnny9dmfzj1r16pg8t1e76dz5tmac6iq689wyjfpiij4txtdo,213,nano_3e3j5tkog48pnny9dmfzj1r16pg8t1e76dz5tmac6iq689wyjfpiij4txtdo,456843859AAA1DE77041C5C733F4F2B9C3B3FFFBB96B30C87EBE035B3034235B,126327880903,126525152262,197271359,
rsnano,nano-serial,nano_3e3j5tkog48pnny9dmfzj1r16pg8t1e76dz5tmac6iq689wyjfpiij4txtdo,214,nano_3e3j5tkog48pnny9dmfzj1r16pg8t1e76dz5tmac6iq689wyjfpiij4txtdo,52BFF8E7FD3FE863C137161278689C03A7FCC8C077B8D4A79DC39DF7C533665F,126525161421,126725409101,200247680,
rsnano,nano-serial,nano_3e3j5tkog48pnny9dmfzj1r16pg8t1e76dz5tmac6iq689wyjfpiij4txtdo,215,nano_3e3j5tkog48pnny9dmfzj1r16pg8t1e76dz5tmac6iq689wyjfpiij4txtdo,C052F1F4D1394CC305F9EFE8505D4E2A1F2C2E8DE6FFF1C0A43AEF15DA5785FE,126725417935,126925697983,200280048,
rsnano,nano-serial,nano_3e3j5tkog48pnny9dmfzj1r16pg8t1e76dz5tmac6iq689wyjfpiij4txtdo,216,nano_3e3j5tkog48pnny9dmfzj1r16pg8t1e76dz5tmac6iq689wyjfpiij4txtdo,27D2CCA2AF895B9D163ED77EC77D43B2E1966B669B4B3901A1D6771F208EF15C,126925708016,127126106640,200398624,
rsnano,nano-serial,nano_3e3j5tkog48pnny9dmfzj1r16pg8t1e76dz5tmac6iq689wyjfpiij4txtdo,217,nano_3e3j5tkog48pnny9dmfzj1r16pg8t1e76dz5tmac6iq689wyjfpiij4txtdo,61210FB54098645BEA48747EBF012E14CEC021273DF9A8CFBE11545C86E202D2,127126115875,127326207035,200091160,
rsnano,nano-serial,nano_3e3j5tkog48pnny9dmfzj1r16pg8t1e76dz5tmac6iq689wyjfpiij4txtdo,218,nano_3e3j5tkog48pnny9dmfzj1r16pg8t1e76dz5tmac6iq689wyjfpiij4txtdo,505176E84729E224D62B56DAA8FD77776DB778A6604BEE8ECB1037CC18522C79,127326215676,127526415949,200200273,
rsnano,nano-serial,nano_3e3j5tkog48pnny9dmfzj1r16pg8t1e76dz5tmac6iq689wyjfpiij4txtdo,219,nano_3e3j5tkog48pnny9dmfzj1r16pg8t1e76dz5tmac6iq689wyjfpiij4txtdo,B27F900B7881513F3A14213D122A4E7935E3292877C1E19FE02BA2EA65F268D6,127526425558,127726763566,200338008,
rsnano,nano-serial,nano_3e3j5tkog48pnny9dmfzj1r16pg8t1e76dz5tmac6iq689wyjfpiij4txtdo,220,nano_3e3j5tkog48pnny9dmfzj1r16pg8t1e76dz5tmac6iq689wyjfpiij4txtdo,AF27598D35FCF4530906965F215F0258A03CAC2E02F7FF48E54FCB9BBBF4DA70,127726818676,127926961556,200142880,
rsnano,nano-serial,nano_3e3j5tkog48pnny9dmfzj1r16pg8t1e76dz5tmac6iq689wyjfpiij4txtdo,221,nano_3e3j5tkog48pnny9dmfzj1r16pg8t1e76dz5tmac6iq689wyjfpiij4txtdo,73C93346665482C79B3D49253E8C6226B149964E9D9B0BED6582631414FB919C,127926970722,128127301167,200330445,
rsnano,nano-serial,nano_3e3j5tkog48pnny9dmfzj1r16pg8t1e76dz5tmac6iq689wyjfpiij4txtdo,222,nano_3e3j5tkog48pnny9dmfzj1r16pg8t1e76dz5tmac6iq689wyjfpiij4txtdo,FEECB215F3742F14544FD1F05D984F23C500F58281914A12F86CA2727AA183BB,128127310102,128327697410,200387308,
rsnano,nano-serial,nano_3e3j5tkog48pnny9dmfzj1r16pg8t1e76dz5tmac6iq689wyjfpiij4txtdo,223,nano_3e3j5tkog48pnny9dmfzj1r16pg8t1e76dz5tmac6iq689wyjfpiij4txtdo,A9FB586778EE1BA08695ED127ADC6F7F2583B941E9A9EDF75DA82CB32519C66D,128327706564,128528199181,200492617,
rsnano,nano-serial,nano_3e3j5tkog48pnny9dmfzj1r16pg8t1e76dz5tmac6iq689wyjfpiij4txtdo,224,nano_3e3j5tkog48pnny9dmfzj1r16pg8t1e76dz5tmac6iq689wyjfpiij4txtdo,F826FFDC1977452E7A81160D8C903D78CC144F40099F859D92CFB2703E154684,128528208304,128728632258,200423954,
rsnano,nano-serial,nano_3e3j5tkog48pnny9dmfzj1r16pg8t1e76dz5tmac6iq689wyjfpiij4txtdo,225,nano_3e3j5tkog48pnny9dmfzj1r16pg8t1e76dz5tmac6iq689wyjfpiij4txtdo,DA479BB85825A3E6F2A4FD40641D4CB236FCC325F2A79B39830B7E175F9CE2E9,128728641817,128928841435,200199618,
rsnano,nano-serial,nano_3e3j5tkog48pnny9dmfzj1r16pg8t1e76dz5tmac6iq689wyjfpiij4txtdo,226,nano_3e3j5tkog48pnny9dmfzj1r16pg8t1e76dz5tmac6iq689wyjfpiij4txtdo,871B535B474CEBB11316B638A175B65986A0AF67EB48C3B26A6C23078615FC48,128928850442,129128883593,200033151,
rsnano,nano-serial,nano_3e3j5tkog48pnny9dmfzj1r16pg8t1e76dz5tmac6iq689wyjfpiij4txtdo,227,nano_3e3j5tkog48pnny9dmfzj1r16pg8t1e76dz5tmac6iq689wyjfpiij4txtdo,845E741B34F5FA8975468173663A07D890D8CFC3CFA5FA4048BB6DF222021FF8,129128892624,129346862923,217970299,
rsnano,nano-serial,nano_3e3j5tkog48pnny9dmfzj1r16pg8t1e76dz5tmac6iq689wyjfpiij4txtdo,228,nano_3e3j5tkog48pnny9dmfzj1r16pg8t1e76dz5tmac6iq689wyjfpiij4txtdo,A68744BAAEA3A620A78D07F6C30779874050714C49BBEC440EE8F4C53D2197A1,129346873091,129529668334,182795243,
rsnano,nano-serial,nano_3e3j5tkog48pnny9dmfzj1r16pg8t1e76dz5tmac6iq689wyjfpiij4txtdo,229,nano_3e3j5tkog48pnny9dmfzj1r16pg8t1e76dz5tmac6iq689wyjfpiij4txtdo,47FB43D5F278580C7CFF1BCE411526195C1F39B8844B967983DBC6D80764F078,129529677439,129730267144,200589705,
rsnano,nano-serial,nano_3e3j5tkog48pnny9dmfzj1r16pg8t1e76dz5tmac6iq689wyjfpiij4txtdo,230,nano_3e3j5tkog48pnny9dmfzj1r16pg8t1e76dz5tmac6iq689wyjfpiij4txtdo,C8E38FA376D70BBA53BE3F79EBCBFEBC3607643E3AD9578D00DEA4C08B67C274,129730275822,129930172802,199896980,
rsnano,nano-serial,nano_3e3j5tkog48pnny9dmfzj1r16pg8t1e76dz5tmac6iq689wyjfpiij4txtdo,231,nano_3e3j5tkog48pnny9dmfzj1r16pg8t1e76dz5tmac6iq689wyjfpiij4txtdo,611C7080A49295BAE7DAC9F66757DC9339400E68B1160FFE895570243A6163DF,129930182779,130130489685,200306906,
rsnano,nano-serial,nano_3e3j5tkog48pnny9dmfzj1r16pg8t1e76dz5tmac6iq689wyjfpiij4txtdo,232,nano_3e3j5tkog48pnny9dmfzj1r16pg8t1e76dz5tmac6iq689wyjfpiij4txtdo,EB9EB6F0E7B2D3CE47AD303D04FEF4DD8D5B57871D83DD339F5CD05CBCEAE075,130130498892,130331745196,201246304,
rsnano,nano-serial,nano_3e3j5tkog48pnny9dmfzj1r16pg8t1e76dz5tmac6iq689wyjfpiij4txtdo,233,nano_3e3j5tkog48pnny9dmfzj1r16pg8t1e76dz5tmac6iq689wyjfpiij4txtdo,06260ECD4FF97C9F7F6E8823AF0EF69E341218697B64AC66EBA1722FC2DC83DA,130331760630,130530991780,199231150,
rsnano,nano-serial,nano_3e3j5tkog48pnny9dmfzj1r16pg8t1e76dz5tmac6iq689wyjfpiij4txtdo,234,nano_3e3j5tkog48pnny9dmfzj1r16pg8t1e76dz5tmac6iq689wyjfpiij4txtdo,407F563115C7EF50814610FFE23C1E55D073AA5C3204F276D232C78C4A0F096D,130531017064,130738976749,207959685,
rsnano,nano-serial,nano_3e3j5tkog48pnny9dmfzj1r16pg8t1e76dz5tmac6iq689wyjfpiij4txtdo,235,nano_3e3j5tkog48pnny9dmfzj1r16pg8t1e76dz5tmac6iq689wyjfpiij4txtdo,32A2630B685411E758C33C4333014CD3A88E2B4E6190722B4DAE0D40A48C265A,130738986754,130931748422,192761668,
rsnano,nano-serial,nano_3e3j5tkog48pnny9dmfzj1r16pg8t1e76dz5tmac6iq689wyjfpiij4txtdo,236,nano_3e3j5tkog48pnny9dmfzj1r16pg8t1e76dz5tmac6iq689wyjfpiij4txtdo,B2F5EF15AAF04232B9BA6CE186ACE4A6AD735D6FFB159AEBD84A99CEF28C19FD,130931756950,131132128090,200371140,
rsnano,nano-serial,nano_3e3j5tkog48pnny9dmfzj1r16pg8t1e76dz5tmac6iq689wyjfpiij4txtdo,237,nano_3e3j5tkog48pnny9dmfzj1r16pg8t1e76dz5tmac6iq689wyjfpiij4txtdo,DB66124188028E02A508C51883C5A4FB758A16B2B0CFED7BF91D57F739522BB5,131132137927,131332386714,200248787,
rsnano,nano-serial,nano_3e3j5tkog48pnny9dmfzj1r16pg8t1e76dz5tmac6iq689wyjfpiij4txtdo,238,nano_3e3j5tkog48pnny9dmfzj1r16pg8t1e76dz5tmac6iq689wyjfpiij4txtdo,CCAC10795EA738CF849CBD97D8AA93E5C174AF9E7A5CFED8D4078B090F7C3EDD,131332397123,131533153914,200756791,
rsnano,nano-serial,nano_3e3j5tkog48pnny9dmfzj1r16pg8t1e76dz5tmac6iq689wyjfpiij4txtdo,239,nano_3e3j5tkog48pnny9dmfzj1r16pg8t1e76dz5tmac6iq689wyjfpiij4txtdo,B2766E1EBE6CC0021C588A150A7CD7CC4C10D1BD2633BDCA0DE997EEDD5D0168,131533164599,131733708251,200543652,
rsnano,nano-serial,nano_3e3j5tkog48pnny9dmfzj1r16pg8t1e76dz5tmac6iq689wyjfpiij4txtdo,240,nano_3e3j5tkog48pnny9dmfzj1r16pg8t1e76dz5tmac6iq689wyjfpiij4txtdo,3BC3A5E2120F5C5B658BB67958A317F1B383EB74DA6D8B4AC4E7619A4D676254,131733716787,131966338262,232621475,
rsnano,nano-serial,nano_3e3j5tkog48pnny9dmfzj1r16pg8t1e76dz5tmac6iq689wyjfpiij4txtdo,241,nano_3e3j5tkog48pnny9dmfzj1r16pg8t1e76dz5tmac6iq689wyjfpiij4txtdo,BD3F4885F248427BC406EAE84EC4464B40614B72336D48242714C8127560570F,131966347385,132133515287,167167902,
rsnano,nano-serial,nano_3e3j5tkog48pnny9dmfzj1r16pg8t1e76dz5tmac6iq689wyjfpiij4txtdo,242,nano_3e3j5tkog48pnny9dmfzj1r16pg8t1e76dz5tmac6iq689wyjfpiij4txtdo,0994BEFA3DD042EC5F846D00B10DDF3C9F2247E1788A6A7055092AF00965A38E,132133525887,132333817090,200291203,
rsnano,nano-serial,nano_3e3j5tkog48pnny9dmfzj1r16pg8t1e76dz5tmac6iq689wyjfpiij4txtdo,243,nano_3e3j5tkog48pnny9dmfzj1r16pg8t1e76dz5tmac6iq689wyjfpiij4txtdo,9E4D817092CA316EAD3CEE7ADFBBC660E68F50795C5AF9E470C9736C78BE297F,132333826126,132534044059,200217933,
rsnano,nano-serial,nano_3e3j5tkog48pnny9dmfzj1r16pg8t1e76dz5tmac6iq689wyjfpiij4txtdo,244,nano_3e3j5tkog48pnny9dmfzj1r16pg8t1e76dz5tmac6iq689wyjfpiij4txtdo,C57907C76E2E8B93F5F5A9147D3405FE8190A90B53EDD4D02BE4F5A8E3706CF4,132534053855,132734412145,200358290,
rsnano,nano-serial,nano_3e3j5tkog48pnny9dmfzj1r16pg8t1e76dz5tmac6iq689wyjfpiij4txtdo,245,nano_3e3j5tkog48pnny9dmfzj1r16pg8t1e76dz5tmac6iq689wyjfpiij4txtdo,C5D4DFDB8363A5900246309698882A2AFDFBF1566D51AEC772F132EC9CBFE81B,132734428476,132934821387,200392911,
rsnano,nano-serial,nano_3e3j5tkog48pnny9dmfzj1r16pg8t1e76dz5tmac6iq689wyjfpiij4txtdo,246,nano_3e3j5tkog48pnny9dmfzj1r16pg8t1e76dz5tmac6iq689wyjfpiij4txtdo,248B79543DC8D1EF95FF43F8D5880283C521DE7623D48097736E2A95BED07BA4,132934831083,133134988602,200157519,
rsnano,nano-serial,nano_3e3j5tkog48pnny9dmfzj1r16pg8t1e76dz5tmac6iq689wyjfpiij4txtdo,247,nano_3e3j5tkog48pnny9dmfzj1r16pg8t1e76dz5tmac6iq689wyjfpiij4txtdo,B2F4F7321274A2B7182A31A75D99064EBAD85B659779DCCC7509F49D6F613D25,133134997287,133339135793,204138506,
rsnano,nano-serial,nano_3e3j5tkog48pnny9dmfzj1r16pg8t1e76dz5tmac6iq689wyjfpiij4txtdo,248,nano_3e3j5tkog48pnny9dmfzj1r16pg8t1e76dz5tmac6iq689wyjfpiij4txtdo,6167AD23362283DA748F25C7EDDE38C91FA0682060CE9CCDABCF30537E69C1E1,133339145063,133535632783,196487720,
rsnano,nano-serial,nano_3e3j5tkog48pnny9dmfzj1r16pg8t1e76dz5tmac6iq689wyjfpiij4txtdo,249,nano_3e3j5tkog48pnny9dmfzj1r16pg8t1e76dz5tmac6iq689wyjfpiij4txtdo,A958F87C2F87BB01750DD4234A2F4E47A4DEAD443FCC553FC726D03BD39DB0B4,133535642483,133753993751,218351268,
rsnano,nano-serial,nano_3e3j5tkog48pnny9dmfzj1r16pg8t1e76dz5tmac6iq689wyjfpiij4txtdo,250,nano_3e3j5tkog48pnny9dmfzj1r16pg8t1e76dz5tmac6iq689wyjfpiij4txtdo,DC54C0EA4A1B16B3696B02245D790EE75CEF9E1817D35C34414DECEDDA5DF7EE,133754019984,133936153211,182133227,
rsnano,nano-serial,nano_3e3j5tkog48pnny9dmfzj1r16pg8t1e76dz5tmac6iq689wyjfpiij4txtdo,251,nano_3e3j5tkog48pnny9dmfzj1r16pg8t1e76dz5tmac6iq689wyjfpiij4txtdo,00D21B942A3B9D970FF07365D3B0ACBAD731FD3820687C3E00C2EDC516BBC114,133936164581,134136448973,200284392,
rsnano,nano-serial,nano_3e3j5tkog48pnny9dmfzj1r16pg8t1e76dz5tmac6iq689wyjfpiij4txtdo,252,nano_3e3j5tkog48pnny9dmfzj1r16pg8t1e76dz5tmac6iq689wyjfpiij4txtdo,7442BF4E128C3FD158D835B5AB971EBD35A5095380F2D709F399A5AE6CE9AC1B,134136458819,134336975449,200516630,
rsnano,nano-serial,nano_3e3j5tkog48pnny9dmfzj1r16pg8t1e76dz5tmac6iq689wyjfpiij4txtdo,253,nano_3e3j5tkog48pnny9dmfzj1r16pg8t1e76dz5tmac6iq689wyjfpiij4txtdo,FDCDD598E25F4B28BDB5DCA18F7EEAF0C79A3054E15A2D42A2DD62AB653991B4,134336985000,134537071172,200086172,
rsnano,nano-serial,nano_3e3j5tkog48pnny9dmfzj1r16pg8t1e76dz5tmac6iq689wyjfpiij4txtdo,254,nano_3e3j5tkog48pnny9dmfzj1r16pg8t1e76dz5tmac6iq689wyjfpiij4txtdo,E93D44C71D1191BB7655F088C7946290FDD85947F9697BF0B27542DA8D733DBF,134537081165,134737611443,200530278,
rsnano,nano-serial,nano_3e3j5tkog48pnny9dmfzj1r16pg8t1e76dz5tmac6iq689wyjfpiij4txtdo,255,nano_3e3j5tkog48pnny9dmfzj1r16pg8t1e76dz5tmac6iq689wyjfpiij4txtdo,AE464EC609EC128B44ADE5FFDF8EAC7143654FF52D32185A2C2A910F4C5D1DE6,134737624489,134939708667,202084178,
rsnano,nano-serial,nano_3e3j5tkog48pnny9dmfzj1r16pg8t1e76dz5tmac6iq689wyjfpiij4txtdo,256,nano_3e3j5tkog48pnny9dmfzj1r16pg8t1e76dz5tmac6iq689wyjfpiij4txtdo,CB9BF12BB347512BC12D9AF8394BFA7977744192B0F543FF2D3DB1BBBA683320,134939718468,135138115957,198397489,
rsnano,nano-serial,nano_3e3j5tkog48pnny9dmfzj1r16pg8t1e76dz5tmac6iq689wyjfpiij4txtdo,257,nano_3e3j5tkog48pnny9dmfzj1r16pg8t1e76dz5tmac6iq689wyjfpiij4txtdo,28CD414D3923B586DB5BE46049D34840387751C002BA39D23823B58C5B8A8D72,135138125527,135338393093,200267566,
rsnano,nano-serial,nano_3e3j5tkog48pnny9dmfzj1r16pg8t1e76dz5tmac6iq689wyjfpiij4txtdo,258,nano_3e3j5tkog48pnny9dmfzj1r16pg8t1e76dz5tmac6iq689wyjfpiij4txtdo,B6FFF4A2107C48D42F5E681DE6753F3CE04C8E4C67CF8D0197678C824A0DA6CA,135338402430,135538584776,200182346,
rsnano,nano-serial,nano_3e3j5tkog48pnny9dmfzj1r16pg8t1e76dz5tmac6iq689wyjfpiij4txtdo,259,nano_3e3j5tkog48pnny9dmfzj1r16pg8t1e76dz5tmac6iq689wyjfpiij4txtdo,282742D70947C9649FED29DCAF00811457803A06C2E5916334B94CD69D1AB4F2,135538594550,135739126610,200532060,
rsnano,nano-serial,nano_3e3j5tkog48pnny9dmfzj1r16pg8t1e76dz5tmac6iq689wyjfpiij4txtdo,260,nano_3e3j5tkog48pnny9dmfzj1r16pg8t1e76dz5tmac6iq689wyjfpiij4txtdo,E901DF13061A49DA06724A7F5027689EA5013735AC21903D4E2BE0FBA860E93E,135739136680,135939311755,200175075,
rsnano,nano-serial,nano_3e3j5tkog48pnny9dmfzj1r16pg8t1e76dz5tmac6iq689wyjfpiij4txtdo,261,nano_3e3j5tkog48pnny9dmfzj1r16pg8t1e76dz5tmac6iq689wyjfpiij4txtdo,691A5B6F5071DC2D28580024F3DF52B285C1035B97F103E2AA093F0F27F1A70B,135939321138,136139487377,200166239,
rsnano,nano-serial,nano_3e3j5tkog48pnny9dmfzj1r16pg8t1e76dz5tmac6iq689wyjfpiij4txtdo,262,nano_3e3j5tkog48pnny9dmfzj1r16pg8t1e76dz5tmac6iq689wyjfpiij4txtdo,1A3FAA114000C347679940F9C5B86A88D2A907E9803F64F979578041E943BD72,136139497004,136339753813,200256809,
rsnano,nano-serial,nano_3e3j5tkog48pnny9dmfzj1r16pg8t1e76dz5tmac6iq689wyjfpiij4txtdo,263,nano_3e3j5tkog48pnny9dmfzj1r16pg8t1e76dz5tmac6iq689wyjfpiij4txtdo,FC86D3EC2824B88B8112F8D7CD8CCB2E978C78EE7EECB10B77B3E7413FA1DACE,136339763147,136540181164,200418017,
rsnano,nano-serial,nano_3e3j5tkog48pnny9dmfzj1r16pg8t1e76dz5tmac6iq689wyjfpiij4txtdo,264,nano_3e3j5tkog48pnny9dmfzj1r16pg8t1e76dz5tmac6iq689wyjfpiij4txtdo,507DF4EB810ABDB6558650097779D1E4A9EF17492CE7EE2979CA8F9E49202198,136540190813,136740817773,200626960,
rsnano,nano-serial,nano_3e3j5tkog48pnny9dmfzj1r16pg8t1e76dz5tmac6iq689wyjfpiij4txtdo,265,nano_3e3j5tkog48pnny9dmfzj1r16pg8t1e76dz5tmac6iq689wyjfpiij4txtdo,3FF5B3EA8442DF0943A6B95944E1AAA2643942C1E36C8BA36EB88BC192862CC3,136740827345,136940902373,200075028,
rsnano,nano-serial,nano_3e3j5tkog48pnny9dmfzj1r16pg8t1e76dz5tmac6iq689wyjfpiij4txtdo,266,nano_3e3j5tkog48pnny9dmfzj1r16pg8t1e76dz5tmac6iq689wyjfpiij4txtdo,17150D431EC8616AF3F08BDCEFC110F49D40C5E82A67F8AC3DB45DE05DF482D3,136940912957,137141084147,200171190,
rsnano,nano-serial,nano_3e3j5tkog48pnny9dmfzj1r16pg8t1e76dz5tmac6iq689wyjfpiij4txtdo,267,nano_3e3j5tkog48pnny9dmfzj1r16pg8t1e76dz5tmac6iq689wyjfpiij4txtdo,0D78F5CFF34DB4593D806DE211C97CA314F402451686AD64FAEEEED0B504E731,137141093912,137341404769,200310857,
rsnano,nano-serial,nano_3e3j5tkog48pnny9dmfzj1r16pg8t1e76dz5tmac6iq689wyjfpiij4txtdo,268,nano_3e3j5tkog48pnny9dmfzj1r16pg8t1e76dz5tmac6iq689wyjfpiij4txtdo,9DC175002042BC381FD72B4E300A217A59591EBD447E6988BF8101B4219FB778,137341414720,137541608810,200194090,
rsnano,nano-serial,nano_3e3j5tkog48pnny9dmfzj1r16pg8t1e76dz5tmac6iq689wyjfpiij4txtdo,269,nano_3e3j5tkog48pnny9dmfzj1r16pg8t1e76dz5tmac6iq689wyjfpiij4txtdo,C9D4F456452CAB976B0FC165E4EC4D7FD84829B784383B7FA4D8AD684F3DBEED,137541618359,137746710323,205091964,
rsnano,nano-serial,nano_3e3j5tkog48pnny9dmfzj1r16pg8t1e76dz5tmac6iq689wyjfpiij4txtdo,270,nano_3e3j5tkog48pnny9dmfzj1r16pg8t1e76dz5tmac6iq689wyjfpiij4txtdo,57BC0AADA86192FA7FF602E76A1DCF156483BA3A0D9EED763132A143AEA77EDF,137746720751,137942270560,195549809,
rsnano,nano-serial,nano_3e3j5tkog48pnny9dmfzj1r16pg8t1e76dz5tmac6iq689wyjfpiij4txtdo,271,nano_3e3j5tkog48pnny9dmfzj1r16pg8t1e76dz5tmac6iq689wyjfpiij4txtdo,A91C963E6093D3601F76D919C19D9674844FA476B6EF6F44F1F569C75A852937,137942280448,138142562961,200282513,
rsnano,nano-serial,nano_3e3j5tkog48pnny9dmfzj1r16pg8t1e76dz5tmac6iq689wyjfpiij4txtdo,272,nano_3e3j5tkog48pnny9dmfzj1r16pg8t1e76dz5tmac6iq689wyjfpiij4txtdo,324C7BC119F287495480B1CB23173DE33CE40052FE6E219D92D32B3460768D32,138142572538,138343045797,200473259,
rsnano,nano-serial,nano_3e3j5tkog48pnny9dmfzj1r16pg8t1e76dz5tmac6iq689wyjfpiij4txtdo,273,nano_3e3j5tkog48pnny9dmfzj1r16pg8t1e76dz5tmac6iq689wyjfpiij4txtdo,963796A0F1ADFD15A0C0B7151F1A64F103D84958CF770877E7B0E572F1A82123,138343055033,138543243460,200188427,
rsnano,nano-serial,nano_3e3j5tkog48pnny9dmfzj1r16pg8t1e76dz5tmac6iq689wyjfpiij4txtdo,274,nano_3e3j5tkog48pnny9dmfzj1r16pg8t1e76dz5tmac6iq689wyjfpiij4txtdo,664324DFFC0B9C3CE2C6D29692D47319A2120574250CAE9F4D53E5967328B220,138543251978,138743475622,200223644,
rsnano,nano-serial,nano_3e3j5tkog48pnny9dmfzj1r16pg8t1e76dz5tmac6iq689wyjfpiij4txtdo,275,nano_3e3j5tkog48pnny9dmfzj1r16pg8t1e76dz5tmac6iq689wyjfpiij4txtdo,6588F283019B7A4073B0A02441C5EAFEE1E5938F7CDAB18D35D38DEAC0199156,138743485091,138943825843,200340752,
rsnano,nano-serial,nano_3e3j5tkog48pnny9dmfzj1r16pg8t1e76dz5tmac6iq689wyjfpiij4txtdo,276,nano_3e3j5tkog48pnny9dmfzj1r16pg8t1e76dz5tmac6iq689wyjfpiij4txtdo,FA19DC3AF60BA841F2B5AD8115B0ACE12C1B42C985E0805561A05574C6274DF0,138943835919,139143997095,200161176,
rsnano,nano-serial,nano_3e3j5tkog48pnny9dmfzj1r16pg8t1e76dz5tmac6iq689wyjfpiij4txtdo,277,nano_3e3j5tkog48pnny9dmfzj1r16pg8t1e76dz5tmac6iq689wyjfpiij4txtdo,EE6A5C7126DC9BC1A4B35378E595978775E73208B509C88778B1C1777CFE4D26,139144027212,139344682427,200655215,
rsnano,nano-serial,nano_3e3j5tkog48pnny9dmfzj1r16pg8t1e76dz5tmac6iq689wyjfpiij4txtdo,278,nano_3e3j5tkog48pnny9dmfzj1r16pg8t1e76dz5tmac6iq689wyjfpiij4txtdo,26AB27996DA418CE62C7A9915993D0EAED29C0FCDAD1271DF58D2856D03F5E7C,139344691553,139545376227,200684674,
rsnano,nano-serial,nano_3e3j5tkog48pnny9dmfzj1r16pg8t1e76dz5tmac6iq689wyjfpiij4txtdo,279,nano_3e3j5tkog48pnny9dmfzj1r16pg8t1e76dz5tmac6iq689wyjfpiij4txtdo,0D1AF61ADB4AB81A231054582A54C7AC0F82B4AE9A76F5BFF9EECD4DB66A1026,139545385920,139745519789,200133869,
rsnano,nano-serial,nano_3e3j5tkog48pnny9dmfzj1r16pg8t1e76dz5tmac6iq689wyjfpiij4txtdo,280,nano_3e3j5tkog48pnny9dmfzj1r16pg8t1e76dz5tmac6iq689wyjfpiij4txtdo,21E6E7F88E78F12D1021E533B7E1F2E7D54B1E1198D008726C9CDB417D20591A,139745529889,139945392103,199862214,
rsnano,nano-serial,nano_3e3j5tkog48pnny9dmfzj1r16pg8t1e76dz5tmac6iq689wyjfpiij4txtdo,281,nano_3e3j5tkog48pnny9dmfzj1r16pg8t1e76dz5tmac6iq689wyjfpiij4txtdo,F0ADD1A3A961395EF8B2F2AB70048AA38F11D00E2DD293A86649D8393D596893,139945401124,140145873315,200472191,
rsnano,nano-serial,nano_3e3j5tkog48pnny9dmfzj1r16pg8t1e76dz5tmac6iq689wyjfpiij4txtdo,282,nano_3e3j5tkog48pnny9dmfzj1r16pg8t1e76dz5tmac6iq689wyjfpiij4txtdo,A50C04707ED6F45E4B11979699E39932CA8D2D2A1138C673CA42DD43C76EB691,140145882857,140346394277,200511420,
rsnano,nano-serial,nano_3e3j5tkog48pnny9dmfzj1r16pg8t1e76dz5tmac6iq689wyjfpiij4txtdo,283,nano_3e3j5tkog48pnny9dmfzj1r16pg8t1e76dz5tmac6iq689wyjfpiij4txtdo,985878B9303A1541577B40485F8CAD37A719FAEBE3EE02977557284361989925,140346403845,140546265343,199861498,
rsnano,nano-serial,nano_3e3j5tkog48pnny9dmfzj1r16pg8t1e76dz5tmac6iq689wyjfpiij4txtdo,284,nano_3e3j5tkog48pnny9dmfzj1r16pg8t1e76dz5tmac6iq689wyjfpiij4txtdo,415C631BD91FAB4F5B327D9AD8B2427900AF2991579AF06218E513D07B03391E,140546275731,140746625695,200349964,
rsnano,nano-serial,nano_3e3j5tkog48pnny9dmfzj1r16pg8t1e76dz5tmac6iq689wyjfpiij4txtdo,285,nano_3e3j5tkog48pnny9dmfzj1r16pg8t1e76dz5tmac6iq689wyjfpiij4txtdo,E7937E4F45B3DD0AB6475AF23CF4EA2DDC62FF99F44CE112085E3CB6DF136ADD,140746637624,140947094254,200456630,
rsnano,nano-serial,nano_3e3j5tkog48pnny9dmfzj1r16pg8t1e76dz5tmac6iq689wyjfpiij4txtdo,286,nano_3e3j5tkog48pnny9dmfzj1r16pg8t1e76dz5tmac6iq689wyjfpiij4txtdo,53BDCDEED81AD946EFE70CE89710486D087A97A0212086A87F68F5728530BAFC,140947103713,141147290410,200186697,
rsnano,nano-serial,nano_3e3j5tkog48pnny9dmfzj1r16pg8t1e76dz5tmac6iq689wyjfpiij4txtdo,287,nano_3e3j5tkog48pnny9dmfzj1r16pg8t1e76dz5tmac6iq689wyjfpiij4txtdo,E8D814ADD6BA4DB28F091C289364E1E6783F47C629D71624C9C58AEF346D4FB1,141147298697,141351875766,204577069,
rsnano,nano-serial,nano_3e3j5tkog48pnny9dmfzj1r16pg8t1e76dz5tmac6iq689wyjfpiij4txtdo,288,nano_3e3j5tkog48pnny9dmfzj1r16pg8t1e76dz5tmac6iq689wyjfpiij4txtdo,B800ABF83F7E009B39A836D1FB86C3F737B0B668FF19013C15F27D226C487D1F,141351886796,141547974462,196087666,
rsnano,nano-serial,nano_3e3j5tkog48pnny9dmfzj1r16pg8t1e76dz5tmac6iq689wyjfpiij4txtdo,289,nano_3e3j5tkog48pnny9dmfzj1r16pg8t1e76dz5tmac6iq689wyjfpiij4txtdo,E8CC1E0CB7516ABEAA1E984FE780B574018FA9125DCB3DA62B8BBF867990AA8B,141547987307,141748134755,200147448,
rsnano,nano-serial,nano_3e3j5tkog48pnny9dmfzj1r16pg8t1e76dz5tmac6iq689wyjfpiij4txtdo,290,nano_3e3j5tkog48pnny9dmfzj1r16pg8t1e76dz5tmac6iq689wyjfpiij4txtdo,F11F4B56FB4B9D482F11A3AF75EFA1B073D0F82EC03F00B144467F1C97889EC9,141748144238,141948414183,200269945,
rsnano,nano-serial,nano_3e3j5tkog48pnny9dmfzj1r16pg8t1e76dz5tmac6iq689wyjfpiij4txtdo,291,nano_3e3j5tkog48pnny9dmfzj1r16pg8t1e76dz5tmac6iq689wyjfpiij4txtdo,482B6A80C0AF5163A39F3B4D3F4C98F2A9596A7D9F4A3C11903A7FC7DE2E9D21,141948425217,142162837377,214412160,
rsnano,nano-serial,nano_3e3j5tkog48pnny9dmfzj1r16pg8t1e76dz5tmac6iq689wyjfpiij4txtdo,292,nano_3e3j5tkog48pnny9dmfzj1r16pg8t1e76dz5tmac6iq689wyjfpiij4txtdo,1912C849F386D053F906EF1C75632EC86542D5C632954DD4FF4323A7433873B7,142162846459,142349230625,186384166,
rsnano,nano-serial,nano_3e3j5tkog48pnny9dmfzj1r16pg8t1e76dz5tmac6iq689wyjfpiij4txtdo,293,nano_3e3j5tkog48pnny9dmfzj1r16pg8t1e76dz5tmac6iq689wyjfpiij4txtdo,CFDEF018E764D3F22D71C82EFF481DB0663BAD9E45AAA89C9C57276950D4EF21,142349240417,142549333474,200093057,
rsnano,nano-serial,nano_3e3j5tkog48pnny9dmfzj1r16pg8t1e76dz5tmac6iq689wyjfpiij4txtdo,294,nano_3e3j5tkog48pnny9dmfzj1r16pg8t1e76dz5tmac6iq689wyjfpiij4txtdo,8E8F740C1841813E8B25C392A6D25A910D61FCDB7487DA5F63A7D5F84B7EA1E1,142549343389,142750779081,201435692,
rsnano,nano-serial,nano_3e3j5tkog48pnny9dmfzj1r16pg8t1e76dz5tmac6iq689wyjfpiij4txtdo,295,nano_3e3j5tkog48pnny9dmfzj1r16pg8t1e76dz5tmac6iq689wyjfpiij4txtdo,6EC00324768555355FE221B5DB344E357F250CEB0CE848D7E8757EAA9CA193B7,142750790805,142950268873,199478068,
rsnano,nano-serial,nano_3e3j5tkog48pnny9dmfzj1r16pg8t1e76dz5tmac6iq689wyjfpiij4txtdo,296,nano_3e3j5tkog48pnny9dmfzj1r16pg8t1e76dz5tmac6iq689wyjfpiij4txtdo,FCC9C4115D09A0CF5892AC7E4968834F58CC4AC18B3141998B20D8D8A331E24A,142950279780,143150412571,200132791,
rsnano,nano-serial,nano_3e3j5tkog48pnny9dmfzj1r16pg8t1e76dz5tmac6iq689wyjfpiij4txtdo,297,nano_3e3j5tkog48pnny9dmfzj1r16pg8t1e76dz5tmac6iq689wyjfpiij4txtdo,437497223AB41A69D8FE9749AFCC143D20169C9307C4F94BCDF6F22F8D6FE8AF,143150421613,143352556350,202134737,
rsnano,nano-serial,nano_3e3j5tkog48pnny9dmfzj1r16pg8t1e76dz5tmac6iq689wyjfpiij4txtdo,298,nano_3e3j5tkog48pnny9dmfzj1r16pg8t1e76dz5tmac6iq689wyjfpiij4txtdo,30E0555861117AE006D06B79FFC46834926940DD1F2C8CFB7C9DA2DC731DA786,143352566484,143562695442,210128958,
rsnano,nano-serial,nano_3e3j5tkog48pnny9dmfzj1r16pg8t1e76dz5tmac6iq689wyjfpiij4txtdo,299,nano_3e3j5tkog48pnny9dmfzj1r16pg8t1e76dz5tmac6iq689wyjfpiij4txtdo,F2DD5013CFD9F5AB8465796834F6BEFCCE66F84D7F7F504F8FF92080E230B0F1,143562705074,143751472681,188767607,
rsnano,nano-serial,nano_3e3j5tkog48pnny9dmfzj1r16pg8t1e76dz5tmac6iq689wyjfpiij4txtdo,300,nano_3e3j5tkog48pnny9dmfzj1r16pg8t1e76dz5tmac6iq689wyjfpiij4txtdo,374C194B4458BD4D00B8E53ADDD7E249B4667BD7B44C182C229B8790E0906A06,143751482662,143951752370,200269708,
rsnano,nano-serial,nano_3e3j5tkog48pnny9dmfzj1r16pg8t1e76dz5tmac6iq689wyjfpiij4txtdo,301,nano_3e3j5tkog48pnny9dmfzj1r16pg8t1e76dz5tmac6iq689wyjfpiij4txtdo,307BF8C9CFFF8DBFA4DA42E7D11F4FF9E9563343A3A377EED5CB6482CF90C227,143951762821,144152148173,200385352,
rsnano,nano-serial,nano_3e3j5tkog48pnny9dmfzj1r16pg8t1e76dz5tmac6iq689wyjfpiij4txtdo,302,nano_3e3j5tkog48pnny9dmfzj1r16pg8t1e76dz5tmac6iq689wyjfpiij4txtdo,DB249876B1F0CDBE454E1246C6FDE992D1B644A16C5C631BF5ACFEF4CB25AC9C,144152158432,144352360614,200202182,
rsnano,nano-serial,nano_3e3j5tkog48pnny9dmfzj1r16pg8t1e76dz5tmac6iq689wyjfpiij4txtdo,303,nano_3e3j5tkog48pnny9dmfzj1r16pg8t1e76dz5tmac6iq689wyjfpiij4txtdo,74EB70A7311595919AB70B981258D17425670D09B7BC861D4DA8D999FEF50D21,144352369706,144552591588,200221882,
rsnano,nano-serial,nano_3e3j5tkog48pnny9dmfzj1r16pg8t1e76dz5tmac6iq689wyjfpiij4txtdo,304,nano_3e3j5tkog48pnny9dmfzj1r16pg8t1e76dz5tmac6iq689wyjfpiij4txtdo,5E60C6FF608F82F8A2CBAEBAB16E758DDDAC674EA3E3D9EBCBBBDCE83C1763EC,144552602018,144752968375,200366357,
rsnano,nano-serial,nano_3e3j5tkog48pnny9dmfzj1r16pg8t1e76dz5tmac6iq689wyjfpiij4txtdo,305,nano_3e3j5tkog48pnny9dmfzj1r16pg8t1e76dz5tmac6iq689wyjfpiij4txtdo,803FAB037D1821492ECB28B5BF1057E97DA4842E222C1CFC9A4F79E708F8F294,144752978180,144954408559,201430379,
rsnano,nano-serial,nano_3e3j5tkog48pnny9dmfzj1r16pg8t1e76dz5tmac6iq689wyjfpiij4txtdo,306,nano_3e3j5tkog48pnny9dmfzj1r16pg8t1e76dz5tmac6iq689wyjfpiij4txtdo,83BA29CFA60735AA0E19F1C627406C1844980AD0AB76433DC00D989CB7239C84,144954418754,145153417652,198998898,
rsnano,nano-serial,nano_3e3j5tkog48pnny9dmfzj1r16pg8t1e76dz5tmac6iq689wyjfpiij4txtdo,307,nano_3e3j5tkog48pnny9dmfzj1r16pg8t1e76dz5tmac6iq689wyjfpiij4txtdo,DCB24A0E65B63433224CB5D421155F38B8F8FFA91E7674F848D11910B0F7CFC8,145153427900,145353720217,200292317,
rsnano,nano-serial,nano_3e3j5tkog48pnny9dmfzj1r16pg8t1e76dz5tmac6iq689wyjfpiij4txtdo,308,nano_3e3j5tkog48pnny9dmfzj1r16pg8t1e76dz5tmac6iq689wyjfpiij4txtdo,5883E99D9C313E28639013C4B60D5499428D971050BF991F5F52BC069C9D44A7,145353729687,145554031335,200301648,
rsnano,nano-serial,nano_3e3j5tkog48pnny9dmfzj1r16pg8t1e76dz5tmac6iq689wyjfpiij4txtdo,309,nano_3e3j5tkog48pnny9dmfzj1r16pg8t1e76dz5tmac6iq689wyjfpiij4txtdo,B2642CE309C9B94DEB4BD60ACBEB989B7B82D438ADA8841DC99FC84942DC523D,145554041710,145754354965,200313255,
rsnano,nano-serial,nano_3e3j5tkog48pnny9dmfzj1r16pg8t1e76dz5tmac6iq689wyjfpiij4txtdo,310,nano_3e3j5tkog48pnny9dmfzj1r16pg8t1e76dz5tmac6iq689wyjfpiij4txtdo,2D5A931F0673BBC677F5D6756540D4BFE3AD1885C49CFB97673DF9015D1FC3C2,145754364205,145954641174,200276969,
rsnano,nano-serial,nano_3e3j5tkog48pnny9dmfzj1r16pg8t1e76dz5tmac6iq689wyjfpiij4txtdo,311,nano_3e3j5tkog48pnny9dmfzj1r16pg8t1e76dz5tmac6iq689wyjfpiij4txtdo,1F48370CF8354B75700222ED49B6FA9F52818037D268C2FCFB38CF968916F85F,145954650202,146154884002,200233800,
rsnano,nano-serial,nano_3e3j5tkog48pnny9dmfzj1r16pg8t1e76dz5tmac6iq689wyjfpiij4txtdo,312,nano_3e3j5tkog48pnny9dmfzj1r16pg8t1e76dz5tmac6iq689wyjfpiij4txtdo,018EC6903CFFBD811ED364E84E3AF16A4DCC24AD9FFBAC92AF4AC48D269FC71C,146154893279,146355243620,200350341,
rsnano,nano-serial,nano_3e3j5tkog48pnny9dmfzj1r16pg8t1e76dz5tmac6iq689wyjfpiij4txtdo,313,nano_3e3j5tkog48pnny9dmfzj1r16pg8t1e76dz5tmac6iq689wyjfpiij4txtdo,0DE6E968114F1E527CDCA35424972925E5A24215F56044ABBEDD60DC5AB36354,146355253318,146555539805,200286487,
rsnano,nano-serial,nano_3e3j5tkog48pnny9dmfzj1r16pg8t1e76dz5tmac6iq689wyjfpiij4txtdo,314,nano_3e3j5tkog48pnny9dmfzj1r16pg8t1e76dz5tmac6iq689wyjfpiij4txtdo,34388D5F4EEAB87A521C8122BCE7BCB5E68FB56ECE95B2E8ACFBDDA1572228B5,146555548520,146755851828,200303308,
rsnano,nano-serial,nano_3e3j5tkog48pnny9dmfzj1r16pg8t1e76dz5tmac6iq689wyjfpiij4txtdo,315,nano_3e3j5tkog48pnny9dmfzj1r16pg8t1e76dz5tmac6iq689wyjfpiij4txtdo,C9EF0DB0BAE2321C1958C67BA40D2A80B4F8A9B5C667F42A0F64B868029EF79F,146755861653,146956364116,200502463,
rsnano,nano-serial,nano_3e3j5tkog48pnny9dmfzj1r16pg8t1e76dz5tmac6iq689wyjfpiij4txtdo,316,nano_3e3j5tkog48pnny9dmfzj1r16pg8t1e76dz5tmac6iq689wyjfpiij4txtdo,BF903052BA4BB0E4B0B5E236E946DC3D6EEA17D0B4575FA7EDBDCAAA83194AC4,146956373383,147156946769,200573386,
rsnano,nano-serial,nano_3e3j5tkog48pnny9dmfzj1r16pg8t1e76dz5tmac6iq689wyjfpiij4txtdo,317,nano_3e3j5tkog48pnny9dmfzj1r16pg8t1e76dz5tmac6iq689wyjfpiij4txtdo,936FBD0CE1BE04BB54C304B207BA6F74DA4573E99946758D258E4E16673A46A7,147156957161,147356868011,199910850,
rsnano,nano-serial,nano_3e3j5tkog48pnny9dmfzj1r16pg8t1e76dz5tmac6iq689wyjfpiij4txtdo,318,nano_3e3j5tkog48pnny9dmfzj1r16pg8t1e76dz5tmac6iq689wyjfpiij4txtdo,D13FFDFD917334440BB92424C5545B800DC288A1D7FFFC435A5EBF462CBB0CCB,147356877396,147557372031,200494635,
rsnano,nano-serial,nano_3e3j5tkog48pnny9dmfzj1r16pg8t1e76dz5tmac6iq689wyjfpiij4txtdo,319,nano_3e3j5tkog48pnny9dmfzj1r16pg8t1e76dz5tmac6iq689wyjfpiij4txtdo,A36A7EABAEBCFD5F380936C8C60C55CF7AE56B4A92E3BFC82A32595D7C0D5FA6,147557381167,147757344747,199963580,
rsnano,nano-serial,nano_3e3j5tkog48pnny9dmfzj1r16pg8t1e76dz5tmac6iq689wyjfpiij4txtdo,320,nano_3e3j5tkog48pnny9dmfzj1r16pg8t1e76dz5tmac6iq689wyjfpiij4txtdo,4F8E37E6B8CF150B69AAC24EE3B5AF9F4F7D44D569F30909709681CAC4D2F35D,147757374071,147957900315,200526244,
rsnano,nano-serial,nano_3e3j5tkog48pnny9dmfzj1r16pg8t1e76dz5tmac6iq689wyjfpiij4txtdo,321,nano_3e3j5tkog48pnny9dmfzj1r16pg8t1e76dz5tmac6iq689wyjfpiij4txtdo,E935BC8B758276DBC5FB55FCC43B5A59BF07FDCA1B570A917E935BBBAD6484D6,147957917908,148158320070,200402162,
rsnano,nano-serial,nano_3e3j5tkog48pnny9dmfzj1r16pg8t1e76dz5tmac6iq689wyjfpiij4txtdo,322,nano_3e3j5tkog48pnny9dmfzj1r16pg8t1e76dz5tmac6iq689wyjfpiij4txtdo,B36CD89C67014EAC561460080F81DD81A3C2D48BCDCF4C8D7169222564F8B89A,148158339015,148358480911,200141896,
rsnano,nano-serial,nano_3e3j5tkog48pnny9dmfzj1r16pg8t1e76dz5tmac6iq689wyjfpiij4txtdo,323,nano_3e3j5tkog48pnny9dmfzj1r16pg8t1e76dz5tmac6iq689wyjfpiij4txtdo,2E6771125D4FC0C61CBC3AED55C5351991C630FFA8394901AB48C8F790389C39,148358489142,148559114195,200625053,
rsnano,nano-serial,nano_3e3j5tkog48pnny9dmfzj1r16pg8t1e76dz5tmac6iq689wyjfpiij4txtdo,324,nano_3e3j5tkog48pnny9dmfzj1r16pg8t1e76dz5tmac6iq689wyjfpiij4txtdo,64CE166ECED886E10804B4C05A671A4A5751C214EE7CE29C2A595E8DD2995985,148559123061,148759244743,200121682,
rsnano,nano-serial,nano_3e3j5tkog48pnny9dmfzj1r16pg8t1e76dz5tmac6iq689wyjfpiij4txtdo,325,nano_3e3j5tkog48pnny9dmfzj1r16pg8t1e76dz5tmac6iq689wyjfpiij4txtdo,0ED75F4FA381B88469B08D3B20A022E883AD1C2E1E7AA71EF2C8D49C580AA820,148759252819,148959328101,200075282,
rsnano,nano-serial,nano_3e3j5tkog48pnny9dmfzj1r16pg8t1e76dz5tmac6iq689wyjfpiij4txtdo,326,nano_3e3j5tkog48pnny9dmfzj1r16pg8t1e76dz5tmac6iq689wyjfpiij4txtdo,19C92EBEB1CB07E4A7D9A9F5692176D28A1C3940D3DA6C6CE16027BB17A1A63D,148959337320,149159540223,200202903,
rsnano,nano-serial,nano_3e3j5tkog48pnny9dmfzj1r16pg8t1e76dz5tmac6iq689wyjfpiij4txtdo,327,nano_3e3j5tkog48pnny9dmfzj1r16pg8t1e76dz5tmac6iq689wyjfpiij4txtdo,5BD3D56DE117E98FA7AD1F7225617D49D7E46B711B12AB1667566F31ABCA300F,149159548528,149371094877,211546349,
rsnano,nano-serial,nano_3e3j5tkog48pnny9dmfzj1r16pg8t1e76dz5tmac6iq689wyjfpiij4txtdo,328,nano_3e3j5tkog48pnny9dmfzj1r16pg8t1e76dz5tmac6iq689wyjfpiij4txtdo,08F79DD727D0BCB98A5CCF38455D4CDFE86344CA8DE4E789D28DF469373E95DC,149371103098,149560352277,189249179,
rsnano,nano-serial,nano_3e3j5tkog48pnny9dmfzj1r16pg8t1e76dz5tmac6iq689wyjfpiij4txtdo,329,nano_3e3j5tkog48pnny9dmfzj1r16pg8t1e76dz5tmac6iq689wyjfpiij4txtdo,1C63178C0273D388210E0F3E560B355D42E7564559998F59933685EC27DED476,149560360404,149760563227,200202823,
rsnano,nano-serial,nano_3e3j5tkog48pnny9dmfzj1r16pg8t1e76dz5tmac6iq689wyjfpiij4txtdo,330,nano_3e3j5tkog48pnny9dmfzj1r16pg8t1e76dz5tmac6iq689wyjfpiij4txtdo,289922CEABD3674E3DCCD867D2CCD10F33100A5000DAA3CD09C70079E9D6C54B,149760571529,149960933730,200362201,
rsnano,nano-serial,nano_3e3j5tkog48pnny9dmfzj1r16pg8t1e76dz5tmac6iq689wyjfpiij4txtdo,331,nano_3e3j5tkog48pnny9dmfzj1r16pg8t1e76dz5tmac6iq689wyjfpiij4txtdo,8993230032B3A2E4CD635A9BF4C262C384426AAB64CA388D82C5E3F1B3424387,149960942377,150161175668,200233291,
rsnano,nano-serial,nano_3e3j5tkog48pnny9dmfzj1r16pg8t1e76dz5tmac6iq689wyjfpiij4txtdo,332,nano_3e3j5tkog48pnny9dmfzj1r16pg8t1e76dz5tmac6iq689wyjfpiij4txtdo,D6E34B0FDC934AB65A91920C06F2E71C564B64F3E933EA5D1F0B2690D44F5935,150161184436,150361511576,200327140,
rsnano,nano-serial,nano_3e3j5tkog48pnny9dmfzj1r16pg8t1e76dz5tmac6iq689wyjfpiij4txtdo,333,nano_3e3j5tkog48pnny9dmfzj1r16pg8t1e76dz5tmac6iq689wyjfpiij4txtdo,1B440145ED84191837FDD003115C057DA64D314702FE77A5A1D7E80D3CF90589,150361520705,150561935868,200415163,
rsnano,nano-serial,nano_3e3j5tkog48pnny9dmfzj1r16pg8t1e76dz5tmac6iq689wyjfpiij4txtdo,334,nano_3e3j5tkog48pnny9dmfzj1r16pg8t1e76dz5tmac6iq689wyjfpiij4txtdo,94FD56CCE7745C9A13897036F04F5E5B21156ABA630F82678496269AFF3D2A76,150561945164,150763414547,201469383,
rsnano,nano-serial,nano_3e3j5tkog48pnny9dmfzj1r16pg8t1e76dz5tmac6iq689wyjfpiij4txtdo,335,nano_3e3j5tkog48pnny9dmfzj1r16pg8t1e76dz5tmac6iq689wyjfpiij4txtdo,E9221E116AD0454C119516AB06A2339DE97447DECDE28EDBD8E2D4DA7E420ACD,150763423270,150963030183,199606913,
rsnano,nano-serial,nano_3e3j5tkog48pnny9dmfzj1r16pg8t1e76dz5tmac6iq689wyjfpiij4txtdo,336,nano_3e3j5tkog48pnny9dmfzj1r16pg8t1e76dz5tmac6iq689wyjfpiij4txtdo,27F9ECF407DFD1838A72F4D3F9CD1665CE3E6C7875AF911EA67805582781ABB3,150963039220,151162874108,199834888,
rsnano,nano-serial,nano_3e3j5tkog48pnny9dmfzj1r16pg8t1e76dz5tmac6iq689wyjfpiij4txtdo,337,nano_3e3j5tkog48pnny9dmfzj1r16pg8t1e76dz5tmac6iq689wyjfpiij4txtdo,A3C25289007978932DC72FB16F5BE7FAA70268ED853D06DC8EED0A1EBA36056E,151162883343,151363405908,200522565,
rsnano,nano-serial,nano_3e3j5tkog48pnny9dmfzj1r16pg8t1e76dz5tmac6iq689wyjfpiij4txtdo,338,nano_3e3j5tkog48pnny9dmfzj1r16pg8t1e76dz5tmac6iq689wyjfpiij4txtdo,CE94AFC13D2DCFBC66B612680695FC0AC2D24AE36AC2CBF9A5D684C83F7B4658,151363414762,151563391082,199976320,
rsnano,nano-serial,nano_3e3j5tkog48pnny9dmfzj1r16pg8t1e76dz5tmac6iq689wyjfpiij4txtdo,339,nano_3e3j5tkog48pnny9dmfzj1r16pg8t1e76dz5tmac6iq689wyjfpiij4txtdo,E5534FB2BE2BDDD947EAB8425291A1A9E02B96B61671EAE18C71292657E9D550,151563399266,151763805500,200406234,
rsnano,nano-serial,nano_3e3j5tkog48pnny9dmfzj1r16pg8t1e76dz5tmac6iq689wyjfpiij4txtdo,340,nano_3e3j5tkog48pnny9dmfzj1r16pg8t1e76dz5tmac6iq689wyjfpiij4txtdo,2F9F8376CEB7AF858EE0E2EB1F9E815E157A18108F32D89721EE64037AA0F587,151763813946,151964234824,200420878,
rsnano,nano-serial,nano_3e3j5tkog48pnny9dmfzj1r16pg8t1e76dz5tmac6iq689wyjfpiij4txtdo,341,nano_3e3j5tkog48pnny9dmfzj1r16pg8t1e76dz5tmac6iq689wyjfpiij4txtdo,3F9F8D86759292388555EF40549FE00D86C0DC7DF7BE82B4307368E71C90DD93,151964245495,152164408644,200163149,
rsnano,nano-serial,nano_3e3j5tkog48pnny9dmfzj1r16pg8t1e76dz5tmac6iq689wyjfpiij4txtdo,342,nano_3e3j5tkog48pnny9dmfzj1r16pg8t1e76dz5tmac6iq689wyjfpiij4txtdo,E84E1F618358D0BAABFA33C597FD2867AE2B323E388E33B5348E672592864AC7,152164417773,152364813355,200395582,
rsnano,nano-serial,nano_3e3j5tkog48pnny9dmfzj1r16pg8t1e76dz5tmac6iq689wyjfpiij4txtdo,343,nano_3e3j5tkog48pnny9dmfzj1r16pg8t1e76dz5tmac6iq689wyjfpiij4txtdo,EEB66DAA487E0A46077985A7E63C8E113B3051F99E97A1BB4386E9D5ED64DC0A,152364821513,152565482795,200661282,
rsnano,nano-serial,nano_3e3j5tkog48pnny9dmfzj1r16pg8t1e76dz5tmac6iq689wyjfpiij4txtdo,344,nano_3e3j5tkog48pnny9dmfzj1r16pg8t1e76dz5tmac6iq689wyjfpiij4txtdo,7BB8069E932D0F07EFFB11EB76C6C87104FB8E632FF40A34846683B6A860456F,152565493783,152765366730,199872947,
rsnano,nano-serial,nano_3e3j5tkog48pnny9dmfzj1r16pg8t1e76dz5tmac6iq689wyjfpiij4txtdo,345,nano_3e3j5tkog48pnny9dmfzj1r16pg8t1e76dz5tmac6iq689wyjfpiij4txtdo,17F95055F5B0558C687846C808CE870FBB5C0CDE9BEFF1CF90CFCB323EA41430,152765374767,152965718605,200343838,
rsnano,nano-serial,nano_3e3j5tkog48pnny9dmfzj1r16pg8t1e76dz5tmac6iq689wyjfpiij4txtdo,346,nano_3e3j5tkog48pnny9dmfzj1r16pg8t1e76dz5tmac6iq689wyjfpiij4txtdo,871000BAF69909911C26358580C9BA01D6768BFAE23619CE903984A5FF7C5EA7,152965727971,153166034845,200306874,
rsnano,nano-serial,nano_3e3j5tkog48pnny9dmfzj1r16pg8t1e76dz5tmac6iq689wyjfpiij4txtdo,347,nano_3e3j5tkog48pnny9dmfzj1r16pg8t1e76dz5tmac6iq689wyjfpiij4txtdo,3A2084F32128F2C76584091649382B347C7C657E23EA22D965B57A60CE281B4F,153166044333,153366216913,200172580,
rsnano,nano-serial,nano_3e3j5tkog48pnny9dmfzj1r16pg8t1e76dz5tmac6iq689wyjfpiij4txtdo,348,nano_3e3j5tkog48pnny9dmfzj1r16pg8t1e76dz5tmac6iq689wyjfpiij4txtdo,5A0B5A8CE039DACE7D8315037CC74A156FBB1962CF51C30880FF530A46EA7ADE,153366225838,153566619184,200393346,
rsnano,nano-serial,nano_3e3j5tkog48pnny9dmfzj1r16pg8t1e76dz5tmac6iq689wyjfpiij4txtdo,349,nano_3e3j5tkog48pnny9dmfzj1r16pg8t1e76dz5tmac6iq689wyjfpiij4txtdo,3FC54849BA8EA9EC54B0663708B41CAB7CC732F0A97DF1670F31560EF9B6A2DC,153566629119,153767017306,200388187,
rsnano,nano-serial,nano_3e3j5tkog48pnny9dmfzj1r16pg8t1e76dz5tmac6iq689wyjfpiij4txtdo,350,nano_3e3j5tkog48pnny9dmfzj1r16pg8t1e76dz5tmac6iq689wyjfpiij4txtdo,7126BB95FAC80C7946D5B40E20665B2CC99C257C9BEB035C318F5AF07AB140D1,153767037752,153967226759,200189007,
rsnano,nano-serial,nano_3e3j5tkog48pnny9dmfzj1r16pg8t1e76dz5tmac6iq689wyjfpiij4txtdo,351,nano_3e3j5tkog48pnny9dmfzj1r16pg8t1e76dz5tmac6iq689wyjfpiij4txtdo,904482405DFC510791B492938F5D578CEB253A17DC390F1E9F68BE9E72B51430,153967235794,154167574704,200338910,
rsnano,nano-serial,nano_3e3j5tkog48pnny9dmfzj1r16pg8t1e76dz5tmac6iq689wyjfpiij4txtdo,352,nano_3e3j5tkog48pnny9dmfzj1r16pg8t1e76dz5tmac6iq689wyjfpiij4txtdo,F70F3AB3A6F10FD753F7D8E02BD249906241CF124FE7774D57192997BD21C339,154167584181,154367921240,200337059,
rsnano,nano-serial,nano_3e3j5tkog48pnny9dmfzj1r16pg8t1e76dz5tmac6iq689wyjfpiij4txtdo,353,nano_3e3j5tkog48pnny9dmfzj1r16pg8t1e76dz5tmac6iq689wyjfpiij4txtdo,C2A9011C6EDC3C56E865C895C36DC050E70251B3060E3A0078547DBA16B6C920,154367930160,154568403538,200473378,
rsnano,nano-serial,nano_3e3j5tkog48pnny9dmfzj1r16pg8t1e76dz5tmac6iq689wyjfpiij4txtdo,354,nano_3e3j5tkog48pnny9dmfzj1r16pg8t1e76dz5tmac6iq689wyjfpiij4txtdo,59EB83785848269DF7C4200470C200A0ED01F311B40F832754098C26C86F65C6,154568412424,154768505185,200092761,
rsnano,nano-serial,nano_3e3j5tkog48pnny9dmfzj1r16pg8t1e76dz5tmac6iq689wyjfpiij4txtdo,355,nano_3e3j5tkog48pnny9dmfzj1r16pg8t1e76dz5tmac6iq689wyjfpiij4txtdo,647CFE51BF5AFC787AD45E06768D097FD9AD438127AFD41B6A6ABD6CD773111F,154768514190,154968760194,200246004,
rsnano,nano-serial,nano_3e3j5tkog48pnny9dmfzj1r16pg8t1e76dz5tmac6iq689wyjfpiij4txtdo,356,nano_3e3j5tkog48pnny9dmfzj1r16pg8t1e76dz5tmac6iq689wyjfpiij4txtdo,959813D15896E42351F56B39966DE53CC4EA768D7C9E48F0099A55E947A865E1,154968769110,155169565806,200796696,
rsnano,nano-serial,nano_3e3j5tkog48pnny9dmfzj1r16pg8t1e76dz5tmac6iq689wyjfpiij4txtdo,357,nano_3e3j5tkog48pnny9dmfzj1r16pg8t1e76dz5tmac6iq689wyjfpiij4txtdo,A23A12471C4235A61DB6D280AF74893548D7F6C0EC7C709D276248D6AE4B4657,155169574729,155369348605,199773876,
rsnano,nano-serial,nano_3e3j5tkog48pnny9dmfzj1r16pg8t1e76dz5tmac6iq689wyjfpiij4txtdo,358,nano_3e3j5tkog48pnny9dmfzj1r16pg8t1e76dz5tmac6iq689wyjfpiij4txtdo,A3B6CF6DB7EA66848DB51F8CFE8712F99343BB920A8E48C2709583AC06ECF99D,155369357773,155569613596,200255823,
rsnano,nano-serial,nano_3e3j5tkog48pnny9dmfzj1r16pg8t1e76dz5tmac6iq689wyjfpiij4txtdo,359,nano_3e3j5tkog48pnny9dmfzj1r16pg8t1e76dz5tmac6iq689wyjfpiij4txtdo,C2E1452B13BA2CB9E666C51720C2D01E06CB0C5911091AB1BDAFDAC52D31A593,155569622071,155769955993,200333922,
rsnano,nano-serial,nano_3e3j5tkog48pnny9dmfzj1r16pg8t1e76dz5tmac6iq689wyjfpiij4txtdo,360,nano_3e3j5tkog48pnny9dmfzj1r16pg8t1e76dz5tmac6iq689wyjfpiij4txtdo,6CA13C393C5BCE16E88CB087EC6A537EA894A68A91E6CEFD97DF686124D66ADD,155769965255,155970216958,200251703,
rsnano,nano-serial,nano_3e3j5tkog48pnny9dmfzj1r16pg8t1e76dz5tmac6iq689wyjfpiij4txtdo,361,nano_3e3j5tkog48pnny9dmfzj1r16pg8t1e76dz5tmac6iq689wyjfpiij4txtdo,2A0F72D1628D0764D833D6FE0C8A2B791E9CF1C4EE1A3FE3397031EBFB5E14E7,155970225296,156170594899,200369603,
rsnano,nano-serial,nano_3e3j5tkog48pnny9dmfzj1r16pg8t1e76dz5tmac6iq689wyjfpiij4txtdo,362,nano_3e3j5tkog48pnny9dmfzj1r16pg8t1e76dz5tmac6iq689wyjfpiij4txtdo,90912C146DCBE3387B44489A30F2F20D9578E81F1E513CF64553839D1F8DCA36,156170603368,156370838388,200235020,
rsnano,nano-serial,nano_3e3j5tkog48pnny9dmfzj1r16pg8t1e76dz5tmac6iq689wyjfpiij4txtdo,363,nano_3e3j5tkog48pnny9dmfzj1r16pg8t1e76dz5tmac6iq689wyjfpiij4txtdo,C10FF9718BD623E8EB77666C9D7CB459AF0C444F325C78CF3745014933947CA4,156370847372,156571181889,200334517,
rsnano,nano-serial,nano_3e3j5tkog48pnny9dmfzj1r16pg8t1e76dz5tmac6iq689wyjfpiij4txtdo,364,nano_3e3j5tkog48pnny9dmfzj1r16pg8t1e76dz5tmac6iq689wyjfpiij4txtdo,E923ACCFC30BCEF67BF7F1397B21415987CD0BECC97EA9F4BA9041EF7498ADBD,156571191310,156771638558,200447248,
rsnano,nano-serial,nano_3e3j5tkog48pnny9dmfzj1r16pg8t1e76dz5tmac6iq689wyjfpiij4txtdo,365,nano_3e3j5tkog48pnny9dmfzj1r16pg8t1e76dz5tmac6iq689wyjfpiij4txtdo,3B5AA9BCFCF0A01ED05C5519D8A1263DBE8F736D30BAF22427C2DE3E9807784A,156771647857,156972167466,200519609,
rsnano,nano-serial,nano_3e3j5tkog48pnny9dmfzj1r16pg8t1e76dz5tmac6iq689wyjfpiij4txtdo,366,nano_3e3j5tkog48pnny9dmfzj1r16pg8t1e76dz5tmac6iq689wyjfpiij4txtdo,A3BC94A1BCC1F4E4238DD5E55015AC602BC79A1AF830F9A1FDA0AA266ACFA04C,156972175764,157172153839,199978075,
rsnano,nano-serial,nano_3e3j5tkog48pnny9dmfzj1r16pg8t1e76dz5tmac6iq689wyjfpiij4txtdo,367,nano_3e3j5tkog48pnny9dmfzj1r16pg8t1e76dz5tmac6iq689wyjfpiij4txtdo,3C24748A045213DF60A21282E6C641C81F6F166293D1C1D28BFBFAE871BDC801,157172163942,157372474629,200310687,
rsnano,nano-serial,nano_3e3j5tkog48pnny9dmfzj1r16pg8t1e76dz5tmac6iq689wyjfpiij4txtdo,368,nano_3e3j5tkog48pnny9dmfzj1r16pg8t1e76dz5tmac6iq689wyjfpiij4txtdo,F393FD653CA780A5FE85276E2A8C93A052F34BD881F5E7AB0BF521881D00A26A,157372493708,157572789491,200295783,
rsnano,nano-serial,nano_3e3j5tkog48pnny9dmfzj1r16pg8t1e76dz5tmac6iq689wyjfpiij4txtdo,369,nano_3e3j5tkog48pnny9dmfzj1r16pg8t1e76dz5tmac6iq689wyjfpiij4txtdo,B6CE297436006677BFC3F1F52D7C67A06590B9F09F5CBF463358DDE127B88EFB,157572798692,157773166940,200368248,
rsnano,nano-serial,nano_3e3j5tkog48pnny9dmfzj1r16pg8t1e76dz5tmac6iq689wyjfpiij4txtdo,370,nano_3e3j5tkog48pnny9dmfzj1r16pg8t1e76dz5tmac6iq689wyjfpiij4txtdo,F8E0172B14481BA57799C0B72EA16476903224BD8DCB1D7C594F1F27CCA6424A,157773176202,157973482140,200305938,
rsnano,nano-serial,nano_3e3j5tkog48pnny9dmfzj1r16pg8t1e76dz5tmac6iq689wyjfpiij4txtdo,371,nano_3e3j5tkog48pnny9dmfzj1r16pg8t1e76dz5tmac6iq689wyjfpiij4txtdo,6D3A7E685E6BE6D9517B826EAAAFE2974EB2A0D72ACF2048B9A6FF191CA604C1,157973490832,158173859919,200369087,
rsnano,nano-serial,nano_3e3j5tkog48pnny9dmfzj1r16pg8t1e76dz5tmac6iq689wyjfpiij4txtdo,372,nano_3e3j5tkog48pnny9dmfzj1r16pg8t1e76dz5tmac6iq689wyjfpiij4txtdo,5FC5E02840F3A0CCF85664736EF0BCFB2826B8023E26AB51DA7C62B89E0D6575,158173868191,158374489334,200621143,
rsnano,nano-serial,nano_3e3j5tkog48pnny9dmfzj1r16pg8t1e76dz5tmac6iq689wyjfpiij4txtdo,373,nano_3e3j5tkog48pnny9dmfzj1r16pg8t1e76dz5tmac6iq689wyjfpiij4txtdo,EC93846CC5308631EAE105DC66BEB326AB94819DDF4BBEF1E17E13273F456EFE,158374498032,158574504954,200006922,
rsnano,nano-serial,nano_3e3j5tkog48pnny9dmfzj1r16pg8t1e76dz5tmac6iq689wyjfpiij4txtdo,374,nano_3e3j5tkog48pnny9dmfzj1r16pg8t1e76dz5tmac6iq689wyjfpiij4txtdo,86B4E52A614BA74AEFF5C38E86B595A940F850586DD2F6087349F4B298659900,158574513593,158775077093,200563500,
rsnano,nano-serial,nano_3e3j5tkog48pnny9dmfzj1r16pg8t1e76dz5tmac6iq689wyjfpiij4txtdo,375,nano_3e3j5tkog48pnny9dmfzj1r16pg8t1e76dz5tmac6iq689wyjfpiij4txtdo,E2214C07125F2207BFCC267450565F3000563A0490C6207BD9E33DDEEB1E4071,158775086315,158975094303,200007988,
rsnano,nano-serial,nano_3e3j5tkog48pnny9dmfzj1r16pg8t1e76dz5tmac6iq689wyjfpiij4txtdo,376,nano_3e3j5tkog48pnny9dmfzj1r16pg8t1e76dz5tmac6iq689wyjfpiij4txtdo,8C99E1CC513024A8A15FFFA1034A50E1E10C732EB748E079A75C60D62D386981,158975103112,159175487824,200384712,
rsnano,nano-serial,nano_3e3j5tkog48pnny9dmfzj1r16pg8t1e76dz5tmac6iq689wyjfpiij4txtdo,377,nano_3e3j5tkog48pnny9dmfzj1r16pg8t1e76dz5tmac6iq689wyjfpiij4txtdo,E01A349907282260BB4D6006B111157E55C3A8F60B3076CA1B9B0B3DCA33828F,159175496135,159376289526,200793391,
rsnano,nano-serial,nano_3e3j5tkog48pnny9dmfzj1r16pg8t1e76dz5tmac6iq689wyjfpiij4txtdo,378,nano_3e3j5tkog48pnny9dmfzj1r16pg8t1e76dz5tmac6iq689wyjfpiij4txtdo,761C4651BEE591805884462723EB77AC5655D4FFE8AB300DA81FE995C8E4DD1F,159376299456,159576247562,199948106,
rsnano,nano-serial,nano_3e3j5tkog48pnny9dmfzj1r16pg8t1e76dz5tmac6iq689wyjfpiij4txtdo,379,nano_3e3j5tkog48pnny9dmfzj1r16pg8t1e76dz5tmac6iq689wyjfpiij4txtdo,21AAE6F811CAF5D02EA637BEB26FA4C805BDA6A9AF43ECB9934817D70EC8198E,159576255833,159776277393,200021560,
rsnano,nano-serial,nano_3e3j5tkog48pnny9dmfzj1r16pg8t1e76dz5tmac6iq689wyjfpiij4txtdo,380,nano_3e3j5tkog48pnny9dmfzj1r16pg8t1e76dz5tmac6iq689wyjfpiij4txtdo,570A33419167D7822DA9D0EC72D1EE42DDCF302817A75B13CA71F11FB859288D,159776286939,159976648800,200361861,
rsnano,nano-serial,nano_3e3j5tkog48pnny9dmfzj1r16pg8t1e76dz5tmac6iq689wyjfpiij4txtdo,381,nano_3e3j5tkog48pnny9dmfzj1r16pg8t1e76dz5tmac6iq689wyjfpiij4txtdo,7878FCB4B62CD104FDAD78566A97AAB7FDC12A973F5F3B56A8A5A228EEEE4962,159976657620,160177127326,200469706,
rsnano,nano-serial,nano_3e3j5tkog48pnny9dmfzj1r16pg8t1e76dz5tmac6iq689wyjfpiij4txtdo,382,nano_3e3j5tkog48pnny9dmfzj1r16pg8t1e76dz5tmac6iq689wyjfpiij4txtdo,6A85EB3DFCC554A452A5CD9CB9FB4E137E5E785FDFD9519D8AEC2996772D2760,160177136946,160377530151,200393205,
rsnano,nano-serial,nano_3e3j5tkog48pnny9dmfzj1r16pg8t1e76dz5tmac6iq689wyjfpiij4txtdo,383,nano_3e3j5tkog48pnny9dmfzj1r16pg8t1e76dz5tmac6iq689wyjfpiij4txtdo,A0746B41B6555079FCB08DF6B4013EACD5C01F6207081A42440363287A918ACC,160377545563,160577860154,200314591,
rsnano,nano-serial,nano_3e3j5tkog48pnny9dmfzj1r16pg8t1e76dz5tmac6iq689wyjfpiij4txtdo,384,nano_3e3j5tkog48pnny9dmfzj1r16pg8t1e76dz5tmac6iq689wyjfpiij4txtdo,9B8621D6B4E5F7575474524C926CE4CF2ED2B3ACC3AF6811E7C5CB4EC75D36D0,160577880407,160777999302,200118895,
rsnano,nano-serial,nano_3e3j5tkog48pnny9dmfzj1r16pg8t1e76dz5tmac6iq689wyjfpiij4txtdo,385,nano_3e3j5tkog48pnny9dmfzj1r16pg8t1e76dz5tmac6iq689wyjfpiij4txtdo,E934FAAB74C2A191E271057B36520E42D51F5C6D7DF5748B07B0319BD7EC5046,160778041052,160978398169,200357117,
rsnano,nano-serial,nano_3e3j5tkog48pnny9dmfzj1r16pg8t1e76dz5tmac6iq689wyjfpiij4txtdo,386,nano_3e3j5tkog48pnny9dmfzj1r16pg8t1e76dz5tmac6iq689wyjfpiij4txtdo,CCD74FE50205AB2A238F11A67BB00AA1F7322ADB50C2C89997F135E6B14820E8,160978407438,161178661987,200254549,
rsnano,nano-serial,nano_3e3j5tkog48pnny9dmfzj1r16pg8t1e76dz5tmac6iq689wyjfpiij4txtdo,387,nano_3e3j5tkog48pnny9dmfzj1r16pg8t1e76dz5tmac6iq689wyjfpiij4txtdo,47D3F66952CA4AD16EFE14AFEEDB34D0F566A774253528972B4B8F3884518B66,161178670259,161379041457,200371198,
rsnano,nano-serial,nano_3e3j5tkog48pnny9dmfzj1r16pg8t1e76dz5tmac6iq689wyjfpiij4txtdo,388,nano_3e3j5tkog48pnny9dmfzj1r16pg8t1e76dz5tmac6iq689wyjfpiij4txtdo,AB2ABC9E264CA7DBE17FA897B957B1C44C97437E0F67406ED1B8351FEEEFF672,161379051341,161579416978,200365637,
rsnano,nano-serial,nano_3e3j5tkog48pnny9dmfzj1r16pg8t1e76dz5tmac6iq689wyjfpiij4txtdo,389,nano_3e3j5tkog48pnny9dmfzj1r16pg8t1e76dz5tmac6iq689wyjfpiij4txtdo,3A4E808CB53F3EB7925A1DB1A507A140699B952D702F71BD5D8048163EEF9CF8,161579426834,161779922614,200495780,
rsnano,nano-serial,nano_3e3j5tkog48pnny9dmfzj1r16pg8t1e76dz5tmac6iq689wyjfpiij4txtdo,390,nano_3e3j5tkog48pnny9dmfzj1r16pg8t1e76dz5tmac6iq689wyjfpiij4txtdo,D2C7A7C7F19EF07BA226B0A1ED07CD30703FE54EC4BED6D653B6237A2880E57A,161779932804,161979931353,199998549,
rsnano,nano-serial,nano_3e3j5tkog48pnny9dmfzj1r16pg8t1e76dz5tmac6iq689wyjfpiij4txtdo,391,nano_3e3j5tkog48pnny9dmfzj1r16pg8t1e76dz5tmac6iq689wyjfpiij4txtdo,D6042087FC5215D844D2774F6D22990887C36C7C27FA59EA21E9B5791179EA0E,161979940688,162180337417,200396729,
rsnano,nano-serial,nano_3e3j5tkog48pnny9dmfzj1r16pg8t1e76dz5tmac6iq689wyjfpiij4txtdo,392,nano_3e3j5tkog48pnny9dmfzj1r16pg8t1e76dz5tmac6iq689wyjfpiij4txtdo,6314165654AC8701C6697CAD4E9F486EACB5C586A00727E999DFBB51FDFF754A,162180346552,162380659845,200313293,
rsnano,nano-serial,nano_3e3j5tkog48pnny9dmfzj1r16pg8t1e76dz5tmac6iq689wyjfpiij4txtdo,393,nano_3e3j5tkog48pnny9dmfzj1r16pg8t1e76dz5tmac6iq689wyjfpiij4txtdo,F5BB859C8C1C9E090125CB38E0BF5D26D00E6F9E27452BE00AFAA6865ABCE3F8,162380669202,162580927810,200258608,
rsnano,nano-serial,nano_3e3j5tkog48pnny9dmfzj1r16pg8t1e76dz5tmac6iq689wyjfpiij4txtdo,394,nano_3e3j5tkog48pnny9dmfzj1r16pg8t1e76dz5tmac6iq689wyjfpiij4txtdo,6135DBCD22F25B062CE74C083CA777F4F0EF438D550888473F69609D7E8DB348,162580937598,162781348957,200411359,
rsnano,nano-serial,nano_3e3j5tkog48pnny9dmfzj1r16pg8t1e76dz5tmac6iq689wyjfpiij4txtdo,395,nano_3e3j5tkog48pnny9dmfzj1r16pg8t1e76dz5tmac6iq689wyjfpiij4txtdo,988229958F70C78FD502F8A140F421112064E0EEA112E087BBA2328C8F13CC13,162781358942,162981697750,200338808,
rsnano,nano-serial,nano_3e3j5tkog48pnny9dmfzj1r16pg8t1e76dz5tmac6iq689wyjfpiij4txtdo,396,nano_3e3j5tkog48pnny9dmfzj1r16pg8t1e76dz5tmac6iq689wyjfpiij4txtdo,D11EB87A230D659A3F9C0C9BFF3C831C9E003E4FF6A4F330A9D7DB130A524445,162981707059,163182158995,200451936,
rsnano,nano-serial,nano_3e3j5tkog48pnny9dmfzj1r16pg8t1e76dz5tmac6iq689wyjfpiij4txtdo,397,nano_3e3j5tkog48pnny9dmfzj1r16pg8t1e76dz5tmac6iq689wyjfpiij4txtdo,522B7AA5C4162BAAB0EC24B185C46D57A2CC0AF1119D8BB981844BEEBC1B246F,163182168386,163382474417,200306031,
rsnano,nano-serial,nano_3e3j5tkog48pnny9dmfzj1r16pg8t1e76dz5tmac6iq689wyjfpiij4txtdo,398,nano_3e3j5tkog48pnny9dmfzj1r16pg8t1e76dz5tmac6iq689wyjfpiij4txtdo,DB215AC3E7652E2413AF78207061E1E05F10A65E000B9A9EC3F4C87FABCDB476,163382483766,163582580033,200096267,
rsnano,nano-serial,nano_3e3j5tkog48pnny9dmfzj1r16pg8t1e76dz5tmac6iq689wyjfpiij4txtdo,399,nano_3e3j5tkog48pnny9dmfzj1r16pg8t1e76dz5tmac6iq689wyjfpiij4txtdo,C734025057D603D1234C16CE32DE23AA5787C428AE41390615A5D49635B6C811,163582588779,163782966038,200377259,
rsnano,nano-serial,nano_3e3j5tkog48pnny9dmfzj1r16pg8t1e76dz5tmac6iq689wyjfpiij4txtdo,400,nano_3e3j5tkog48pnny9dmfzj1r16pg8t1e76dz5tmac6iq689wyjfpiij4txtdo,ADE0819B6493B2DAB2B775A1F3495D91AA7FEDE2CCA86DE5A89A389C640DE763,163782976111,163983539423,200563312,
rsnano,nano-serial,nano_3e3j5tkog48pnny9dmfzj1r16pg8t1e76dz5tmac6iq689wyjfpiij4txtdo,401,nano_3e3j5tkog48pnny9dmfzj1r16pg8t1e76dz5tmac6iq689wyjfpiij4txtdo,FA4A0D792FF5C76EC00D6D4A4B14F419615BE76AF7E92FDF6E41875D44931F76,163983549062,164183693886,200144824,
rsnano,nano-serial,nano_3e3j5tkog48pnny9dmfzj1r16pg8t1e76dz5tmac6iq689wyjfpiij4txtdo,402,nano_3e3j5tkog48pnny9dmfzj1r16pg8t1e76dz5tmac6iq689wyjfpiij4txtdo,7A393D305EE14B16632E6FA46C85C9FD62D329A0344F8885CC6F7490D0C1FC44,164183703064,164384229595,200526531,
rsnano,nano-serial,nano_3e3j5tkog48pnny9dmfzj1r16pg8t1e76dz5tmac6iq689wyjfpiij4txtdo,403,nano_3e3j5tkog48pnny9dmfzj1r16pg8t1e76dz5tmac6iq689wyjfpiij4txtdo,F5C040CE1FD822C02AA4971DF2B0391F2190C9778ADA30B63AA06C5A03B1456F,164384239975,164584291665,200051690,
rsnano,nano-serial,nano_3e3j5tkog48pnny9dmfzj1r16pg8t1e76dz5tmac6iq689wyjfpiij4txtdo,404,nano_3e3j5tkog48pnny9dmfzj1r16pg8t1e76dz5tmac6iq689wyjfpiij4txtdo,D30E2B18BAD5F40C882BDFCFC83E9F24261D7069FBA5D8E0D346ACBD5387F1D8,164584301073,164784496624,200195551,
rsnano,nano-serial,nano_3e3j5tkog48pnny9dmfzj1r16pg8t1e76dz5tmac6iq689wyjfpiij4txtdo,405,nano_3e3j5tkog48pnny9dmfzj1r16pg8t1e76dz5tmac6iq689wyjfpiij4txtdo,D0D245BDB1F0A967D1ACC48135B0801786B0898CE9622A5AC3E96CF5DB8AA452,164784506138,164985062616,200556478,
rsnano,nano-serial,nano_3e3j5tkog48pnny9dmfzj1r16pg8t1e76dz5tmac6iq689wyjfpiij4txtdo,406,nano_3e3j5tkog48pnny9dmfzj1r16pg8t1e76dz5tmac6iq689wyjfpiij4txtdo,A5BD8704582A693275E7FC8F1EE5FF3DDE31F6DC838F1AB3AEF21700BDFDDBFE,164985071746,165185085034,200013288,
rsnano,nano-serial,nano_3e3j5tkog48pnny9dmfzj1r16pg8t1e76dz5tmac6iq689wyjfpiij4txtdo,407,nano_3e3j5tkog48pnny9dmfzj1r16pg8t1e76dz5tmac6iq689wyjfpiij4txtdo,1EEFB4DAB12D9C5DCBE9D7D2453278769B070790C66212650CDACDE838FB72CE,165185096100,165386391655,201295555,
rsnano,nano-serial,nano_3e3j5tkog48pnny9dmfzj1r16pg8t1e76dz5tmac6iq689wyjfpiij4txtdo,408,nano_3e3j5tkog48pnny9dmfzj1r16pg8t1e76dz5tmac6iq689wyjfpiij4txtdo,8655762D272369A655F95AAF2ECF094953B7C12399C8770D230BB7020B3A422F,165386401249,165585671513,199270264,
rsnano,nano-serial,nano_3e3j5tkog48pnny9dmfzj1r16pg8t1e76dz5tmac6iq689wyjfpiij4txtdo,409,nano_3e3j5tkog48pnny9dmfzj1r16pg8t1e76dz5tmac6iq689wyjfpiij4txtdo,615510E4C2AF91630008D4C0E2F2F7B5DDC3812B7B6B4BFE30468A0512448099,165585680624,165786023584,200342960,
rsnano,nano-serial,nano_3e3j5tkog48pnny9dmfzj1r16pg8t1e76dz5tmac6iq689wyjfpiij4txtdo,410,nano_3e3j5tkog48pnny9dmfzj1r16pg8t1e76dz5tmac6iq689wyjfpiij4txtdo,C59279262370FBFB5BDA68E6A795845E67F41E83835517114771EC444D8B5E7F,165786033243,165986751279,200718036,
rsnano,nano-serial,nano_3e3j5tkog48pnny9dmfzj1r16pg8t1e76dz5tmac6iq689wyjfpiij4txtdo,411,nano_3e3j5tkog48pnny9dmfzj1r16pg8t1e76dz5tmac6iq689wyjfpiij4txtdo,BC744B85EBEB1B8C41C22C3C84DC56E9C166D41D83DD9534062B0DEF45D7D68D,165986761642,166186728472,199966830,
rsnano,nano-serial,nano_3e3j5tkog48pnny9dmfzj1r16pg8t1e76dz5tmac6iq689wyjfpiij4txtdo,412,nano_3e3j5tkog48pnny9dmfzj1r16pg8t1e76dz5tmac6iq689wyjfpiij4txtdo,FAA0BB305F5562135E6EC04ADAD9304409A2C59F3C1A46DA3EF40331B8F1A4CE,166186737308,166386803192,200065884,
rsnano,nano-serial,nano_3e3j5tkog48pnny9dmfzj1r16pg8t1e76dz5tmac6iq689wyjfpiij4txtdo,413,nano_3e3j5tkog48pnny9dmfzj1r16pg8t1e76dz5tmac6iq689wyjfpiij4txtdo,DDC5B3387DFC855E4D1B5F76FE7E6F6C93F2A5E8EC7F2010EAA84B3976971689,166386812794,166587180385,200367591,
rsnano,nano-serial,nano_3e3j5tkog48pnny9dmfzj1r16pg8t1e76dz5tmac6iq689wyjfpiij4txtdo,414,nano_3e3j5tkog48pnny9dmfzj1r16pg8t1e76dz5tmac6iq689wyjfpiij4txtdo,0E8B55192B1E706AB6492F4328836F2BF20545D69868A312989F9A2EDD376D7A,166587189511,166787539468,200349957,
rsnano,nano-serial,nano_3e3j5tkog48pnny9dmfzj1r16pg8t1e76dz5tmac6iq689wyjfpiij4txtdo,415,nano_3e3j5tkog48pnny9dmfzj1r16pg8t1e76dz5tmac6iq689wyjfpiij4txtdo,E50667B26D2E50A992813F90E31FD887559FD7B17ED81C2965AC25FDA1D96565,166787548366,166987848109,200299743,
rsnano,nano-serial,nano_3e3j5tkog48pnny9dmfzj1r16pg8t1e76dz5tmac6iq689wyjfpiij4txtdo,416,nano_3e3j5tkog48pnny9dmfzj1r16pg8t1e76dz5tmac6iq689wyjfpiij4txtdo,83A3B9AE981C30FA1DF78BB06137B0B1A9914A3CE4AA52AD533CFE9BC8E691DE,166987871628,167188330202,200458574,
rsnano,nano-serial,nano_3e3j5tkog48pnny9dmfzj1r16pg8t1e76dz5tmac6iq689wyjfpiij4txtdo,417,nano_3e3j5tkog48pnny9dmfzj1r16pg8t1e76dz5tmac6iq689wyjfpiij4txtdo,8F320CE3E99F1C326620138E8FE5068813D54B142082A0E23C2F82D6A026638C,167188340805,167388429051,200088246,
rsnano,nano-serial,nano_3e3j5tkog48pnny9dmfzj1r16pg8t1e76dz5tmac6iq689wyjfpiij4txtdo,418,nano_3e3j5tkog48pnny9dmfzj1r16pg8t1e76dz5tmac6iq689wyjfpiij4txtdo,0471DD7E3447A1074B8088B7AF44A74255F811C63D7632FF82D3B68D1F34373A,167388439124,167588768529,200329405,
rsnano,nano-serial,nano_3e3j5tkog48pnny9dmfzj1r16pg8t1e76dz5tmac6iq689wyjfpiij4txtdo,419,nano_3e3j5tkog48pnny9dmfzj1r16pg8t1e76dz5tmac6iq689wyjfpiij4txtdo,F9427C7E917CD857ABD6E55A2C637E0A4BBA6D7B5C01EDBF437EBD82378561BF,167588777957,167788975458,200197501,
rsnano,nano-serial,nano_3e3j5tkog48pnny9dmfzj1r16pg8t1e76dz5tmac6iq689wyjfpiij4txtdo,420,nano_3e3j5tkog48pnny9dmfzj1r16pg8t1e76dz5tmac6iq689wyjfpiij4txtdo,7190234A738979E90E857147E2A0C33558D8F9AF3E0C47A81AC7EAE0438ED467,167788985056,167989396579,200411523,
rsnano,nano-serial,nano_3e3j5tkog48pnny9dmfzj1r16pg8t1e76dz5tmac6iq689wyjfpiij4txtdo,421,nano_3e3j5tkog48pnny9dmfzj1r16pg8t1e76dz5tmac6iq689wyjfpiij4txtdo,D57F3BCEFD59F0000CCD37F38D93697C454BD44A6B68002022924094BBE0EBAB,167989406754,168189648502,200241748,
rsnano,nano-serial,nano_3e3j5tkog48pnny9dmfzj1r16pg8t1e76dz5tmac6iq689wyjfpiij4txtdo,422,nano_3e3j5tkog48pnny9dmfzj1r16pg8t1e76dz5tmac6iq689wyjfpiij4txtdo,94F933A1E91AEEE323AF4E204C99CF69EFFDF32F2A29454415BB27C868AFF9FD,168189657927,168393836516,204178589,
rsnano,nano-serial,nano_3e3j5tkog48pnny9dmfzj1r16pg8t1e76dz5tmac6iq689wyjfpiij4txtdo,423,nano_3e3j5tkog48pnny9dmfzj1r16pg8t1e76dz5tmac6iq689wyjfpiij4txtdo,7E8182374AA1339065672777EBB206939BC68A130D949293546ED283C9F9D5AE,168393845586,168590287533,196441947,
rsnano,nano-serial,nano_3e3j5tkog48pnny9dmfzj1r16pg8t1e76dz5tmac6iq689wyjfpiij4txtdo,424,nano_3e3j5tkog48pnny9dmfzj1r16pg8t1e76dz5tmac6iq689wyjfpiij4txtdo,DCB28FD244EE7172B30DA28A6ED3DE3618625F1818B5B7159C8ED8C7C1E1B878,168590296532,168790986365,200689833,
rsnano,nano-serial,nano_3e3j5tkog48pnny9dmfzj1r16pg8t1e76dz5tmac6iq689wyjfpiij4txtdo,425,nano_3e3j5tkog48pnny9dmfzj1r16pg8t1e76dz5tmac6iq689wyjfpiij4txtdo,A46F2CBFDC1D1B840304098885E08DC78A6E470DA21496E8E4DAC8A78E9812EE,168790996181,168991117962,200121781,
rsnano,nano-serial,nano_3e3j5tkog48pnny9dmfzj1r16pg8t1e76dz5tmac6iq689wyjfpiij4txtdo,426,nano_3e3j5tkog48pnny9dmfzj1r16pg8t1e76dz5tmac6iq689wyjfpiij4txtdo,4251C681D205B4384038942DC58C48034F413903ADEDABD70A0B3241A15E9636,168991128109,169191528886,200400777,
rsnano,nano-serial,nano_3e3j5tkog48pnny9dmfzj1r16pg8t1e76dz5tmac6iq689wyjfpiij4txtdo,427,nano_3e3j5tkog48pnny9dmfzj1r16pg8t1e76dz5tmac6iq689wyjfpiij4txtdo,359E00C8675595D3EA6F57972DAD4899CB6BE053C949364C27A05009086C2D69,169191537716,169391699748,200162032,
rsnano,nano-serial,nano_3e3j5tkog48pnny9dmfzj1r16pg8t1e76dz5tmac6iq689wyjfpiij4txtdo,428,nano_3e3j5tkog48pnny9dmfzj1r16pg8t1e76dz5tmac6iq689wyjfpiij4txtdo,173B62374C4840CB79489CB5FCFED87B8C070529EB8E7B2ACDB5EB19A40DDFD3,169391708784,169591978384,200269600,
rsnano,nano-serial,nano_3e3j5tkog48pnny9dmfzj1r16pg8t1e76dz5tmac6iq689wyjfpiij4txtdo,429,nano_3e3j5tkog48pnny9dmfzj1r16pg8t1e76dz5tmac6iq689wyjfpiij4txtdo,610BE3E1BB59D4E639F25868FCF8AA7C1B926236BB6FAEED43E25353F1DD8C50,169591987793,169792201446,200213653,
rsnano,nano-serial,nano_3e3j5tkog48pnny9dmfzj1r16pg8t1e76dz5tmac6iq689wyjfpiij4txtdo,430,nano_3e3j5tkog48pnny9dmfzj1r16pg8t1e76dz5tmac6iq689wyjfpiij4txtdo,68DAA7628E58EEC8275E5760BCF43EAE4CD7FD20B260BFEFDB996D3FE360425F,169792211105,169992476395,200265290,
rsnano,nano-serial,nano_3e3j5tkog48pnny9dmfzj1r16pg8t1e76dz5tmac6iq689wyjfpiij4txtdo,431,nano_3e3j5tkog48pnny9dmfzj1r16pg8t1e76dz5tmac6iq689wyjfpiij4txtdo,F8D572D940CF42CF4A3899A54994E3811BC3BB4179A73B01D4E60F79D652752F,169992485909,170192878158,200392249,
rsnano,nano-serial,nano_3e3j5tkog48pnny9dmfzj1r16pg8t1e76dz5tmac6iq689wyjfpiij4txtdo,432,nano_3e3j5tkog48pnny9dmfzj1r16pg8t1e76dz5tmac6iq689wyjfpiij4txtdo,C1BE8F084DB3407907135DF1208220F90F82C08850371ED3DA1ECF7540BCE3F7,170192888219,170393110560,200222341,
rsnano,nano-serial,nano_3e3j5tkog48pnny9dmfzj1r16pg8t1e76dz5tmac6iq689wyjfpiij4txtdo,433,nano_3e3j5tkog48pnny9dmfzj1r16pg8t1e76dz5tmac6iq689wyjfpiij4txtdo,59115DB37FE0E55DCFE3BF628D3773C2B0779D638E73DEE2A1822AC126F9B7E7,170393120170,170593591585,200471415,
rsnano,nano-serial,nano_3e3j5tkog48pnny9dmfzj1r16pg8t1e76dz5tmac6iq689wyjfpiij4txtdo,434,nano_3e3j5tkog48pnny9dmfzj1r16pg8t1e76dz5tmac6iq689wyjfpiij4txtdo,3E1994D2ABB99CDAF6D2AD41B29C9D439D6BB50FD61793D2075F2FF394E3ABE9,170593600162,170793746358,200146196,
rsnano,nano-serial,nano_3e3j5tkog48pnny9dmfzj1r16pg8t1e76dz5tmac6iq689wyjfpiij4txtdo,435,nano_3e3j5tkog48pnny9dmfzj1r16pg8t1e76dz5tmac6iq689wyjfpiij4txtdo,0584F63D389453FF2CC83ABBB258EF6EA2CE7F3808D5C2A281E56DF7C3C2EA3B,170793756730,170994279303,200522573,
rsnano,nano-serial,nano_3e3j5tkog48pnny9dmfzj1r16pg8t1e76dz5tmac6iq689wyjfpiij4txtdo,436,nano_3e3j5tkog48pnny9dmfzj1r16pg8t1e76dz5tmac6iq689wyjfpiij4txtdo,9DAB875FBE329B2A76803A33A086191683011AA8D50CD168B22A4804A39ABCEE,170994288974,171195431469,201142495,
rsnano,nano-serial,nano_3e3j5tkog48pnny9dmfzj1r16pg8t1e76dz5tmac6iq689wyjfpiij4txtdo,437,nano_3e3j5tkog48pnny9dmfzj1r16pg8t1e76dz5tmac6iq689wyjfpiij4txtdo,3877D957A4C4D96E0AABBB206926E5789751F6F89344FBAFF32F7DB747360769,171195441698,171394550355,199108657,
rsnano,nano-serial,nano_3e3j5tkog48pnny9dmfzj1r16pg8t1e76dz5tmac6iq689wyjfpiij4txtdo,438,nano_3e3j5tkog48pnny9dmfzj1r16pg8t1e76dz5tmac6iq689wyjfpiij4txtdo,F2743933D5DA406CEC74EE05F9FC64D4BCAEDA13691BB4DD3DFBAE01FA34D5E8,171394559414,171594900924,200341510,
rsnano,nano-serial,nano_3e3j5tkog48pnny9dmfzj1r16pg8t1e76dz5tmac6iq689wyjfpiij4txtdo,439,nano_3e3j5tkog48pnny9dmfzj1r16pg8t1e76dz5tmac6iq689wyjfpiij4txtdo,D617C0AB04D5BCE39CCFF9CE1808A2F5CFA3D3286E529A6F5143A86FE49C0386,171594911002,171795252604,200341602,
rsnano,nano-serial,nano_3e3j5tkog48pnny9dmfzj1r16pg8t1e76dz5tmac6iq689wyjfpiij4txtdo,440,nano_3e3j5tkog48pnny9dmfzj1r16pg8t1e76dz5tmac6iq689wyjfpiij4txtdo,6FC031B3C8F1001F71E6D1922B4FC0286E3CBBFC044E08A1605DA4B5DEBFE3A2,171795262072,171995663309,200401237,
rsnano,nano-serial,nano_3e3j5tkog48pnny9dmfzj1r16pg8t1e76dz5tmac6iq689wyjfpiij4txtdo,441,nano_3e3j5tkog48pnny9dmfzj1r16pg8t1e76dz5tmac6iq689wyjfpiij4txtdo,D3C371F668714CB448A17493355884A5C285F80144B1150CAFFCF592046FB2E4,171995672372,172195936493,200264121,
rsnano,nano-serial,nano_3e3j5tkog48pnny9dmfzj1r16pg8t1e76dz5tmac6iq689wyjfpiij4txtdo,442,nano_3e3j5tkog48pnny9dmfzj1r16pg8t1e76dz5tmac6iq689wyjfpiij4txtdo,6E456863C76B57B899B18B9241589336AC36AEFBEC886A1F4D30F8A65CD35331,172195944979,172396225187,200280208,
rsnano,nano-serial,nano_3e3j5tkog48pnny9dmfzj1r16pg8t1e76dz5tmac6iq689wyjfpiij4txtdo,443,nano_3e3j5tkog48pnny9dmfzj1r16pg8t1e76dz5tmac6iq689wyjfpiij4txtdo,F88EE5ECA3FBBD4B609489138AF2EECFE46B2C08215F485F95B5287EE4D2E253,172396235866,172596438455,200202589,
rsnano,nano-serial,nano_3e3j5tkog48pnny9dmfzj1r16pg8t1e76dz5tmac6iq689wyjfpiij4txtdo,444,nano_3e3j5tkog48pnny9dmfzj1r16pg8t1e76dz5tmac6iq689wyjfpiij4txtdo,1799D31E26FD0FC9EFFDAB0460F89E209AA2FEC38D30AA8CD20267C1DAC95AEB,172596448347,172796708132,200259785,
rsnano,nano-serial,nano_3e3j5tkog48pnny9dmfzj1r16pg8t1e76dz5tmac6iq689wyjfpiij4txtdo,445,nano_3e3j5tkog48pnny9dmfzj1r16pg8t1e76dz5tmac6iq689wyjfpiij4txtdo,59F154804A3C0F47613D8BF16214706DB2E5357E0A6EBBC3B9F2223B303EA272,172796720358,172997070435,200350077,
rsnano,nano-serial,nano_3e3j5tkog48pnny9dmfzj1r16pg8t1e76dz5tmac6iq689wyjfpiij4txtdo,446,nano_3e3j5tkog48pnny9dmfzj1r16pg8t1e76dz5tmac6iq689wyjfpiij4txtdo,29797313DAB9434644BB6D0E51953C2580BE8380A6BCA63C5F635D5F5C5C770A,172997079845,173197372196,200292351,
rsnano,nano-serial,nano_3e3j5tkog48pnny9dmfzj1r16pg8t1e76dz5tmac6iq689wyjfpiij4txtdo,447,nano_3e3j5tkog48pnny9dmfzj1r16pg8t1e76dz5tmac6iq689wyjfpiij4txtdo,D708ADADEA67F4A994D1707BFB0A23A6DFFCB81569A5827461EE90F245EA2C2A,173197380874,173397750035,200369161,
rsnano,nano-serial,nano_3e3j5tkog48pnny9dmfzj1r16pg8t1e76dz5tmac6iq689wyjfpiij4txtdo,448,nano_3e3j5tkog48pnny9dmfzj1r16pg8t1e76dz5tmac6iq689wyjfpiij4txtdo,5D0AD8375795CE2A116C1B63CBC41E443B6DCA40F7F8B9FF2B68A4377C4FDBEE,173397758595,173598798199,201039604,
rsnano,nano-serial,nano_3e3j5tkog48pnny9dmfzj1r16pg8t1e76dz5tmac6iq689wyjfpiij4txtdo,449,nano_3e3j5tkog48pnny9dmfzj1r16pg8t1e76dz5tmac6iq689wyjfpiij4txtdo,E91437127E02F23914BC9FCDC4B9B9FDF4D2AAECF77E097D1ECF5F2BDF19648B,173598807171,173798288932,199481761,
rsnano,nano-serial,nano_3e3j5tkog48pnny9dmfzj1r16pg8t1e76dz5tmac6iq689wyjfpiij4txtdo,450,nano_3e3j5tkog48pnny9dmfzj1r16pg8t1e76dz5tmac6iq689wyjfpiij4txtdo,448815CDB9969DD7918577A5B1EF33BCD1634E037BED2AC06FC5280671760D9F,173798298809,173998647881,200349072,
rsnano,nano-serial,nano_3e3j5tkog48pnny9dmfzj1r16pg8t1e76dz5tmac6iq689wyjfpiij4txtdo,451,nano_3e3j5tkog48pnny9dmfzj1r16pg8t1e76dz5tmac6iq689wyjfpiij4txtdo,2B941F5B724EE706D593C7C411655211BA41DA141FBBD14117ED91681BEA5104,173998678232,174198876321,200198089,
rsnano,nano-serial,nano_3e3j5tkog48pnny9dmfzj1r16pg8t1e76dz5tmac6iq689wyjfpiij4txtdo,452,nano_3e3j5tkog48pnny9dmfzj1r16pg8t1e76dz5tmac6iq689wyjfpiij4txtdo,7EBB0819E78506E5FFC0FC66788DDDBD8B9665C129F22BA37A48269B659AA8EE,174198885134,174399190803,200305669,
rsnano,nano-serial,nano_3e3j5tkog48pnny9dmfzj1r16pg8t1e76dz5tmac6iq689wyjfpiij4txtdo,453,nano_3e3j5tkog48pnny9dmfzj1r16pg8t1e76dz5tmac6iq689wyjfpiij4txtdo,9A1CA7F87EB4AB6B8CFF647BCCD64AFB0F9F3C6AFFE517EA8ADF4E4E302B7BEF,174399202549,174599699318,200496769,
rsnano,nano-serial,nano_3e3j5tkog48pnny9dmfzj1r16pg8t1e76dz5tmac6iq689wyjfpiij4txtdo,454,nano_3e3j5tkog48pnny9dmfzj1r16pg8t1e76dz5tmac6iq689wyjfpiij4txtdo,8A553248A62CDE6BC5E2633B0BEF3840D23DCACFDF6E64721A81286FA399675C,174599708826,174799649250,199940424,
rsnano,nano-serial,nano_3e3j5tkog48pnny9dmfzj1r16pg8t1e76dz5tmac6iq689wyjfpiij4txtdo,455,nano_3e3j5tkog48pnny9dmfzj1r16pg8t1e76dz5tmac6iq689wyjfpiij4txtdo,9DFED4C1C1B2D0779286EDF4341B6BCF01209ABEE7CF265FD2FAD9EB9F1B2C23,174799658684,175000121570,200462886,
rsnano,nano-serial,nano_3e3j5tkog48pnny9dmfzj1r16pg8t1e76dz5tmac6iq689wyjfpiij4txtdo,456,nano_3e3j5tkog48pnny9dmfzj1r16pg8t1e76dz5tmac6iq689wyjfpiij4txtdo,70338D9C3B1EE904B91AFA75B88DA032EF6FE7662C4667BA716358EA2E6951DD,175000130822,175200481547,200350725,
rsnano,nano-serial,nano_3e3j5tkog48pnny9dmfzj1r16pg8t1e76dz5tmac6iq689wyjfpiij4txtdo,457,nano_3e3j5tkog48pnny9dmfzj1r16pg8t1e76dz5tmac6iq689wyjfpiij4txtdo,FB8D1D063491A59378B16690AE83FCE77D2FB8448C7D7B18A679F85673F9F6DD,175200490408,175400684860,200194452,
rsnano,nano-serial,nano_3e3j5tkog48pnny9dmfzj1r16pg8t1e76dz5tmac6iq689wyjfpiij4txtdo,458,nano_3e3j5tkog48pnny9dmfzj1r16pg8t1e76dz5tmac6iq689wyjfpiij4txtdo,43367C1798DBE475259DF7750A1AD28A4710BA1D157B66703E45DB96D7E01AFB,175400694445,175600960702,200266257,
rsnano,nano-serial,nano_3e3j5tkog48pnny9dmfzj1r16pg8t1e76dz5tmac6iq689wyjfpiij4txtdo,459,nano_3e3j5tkog48pnny9dmfzj1r16pg8t1e76dz5tmac6iq689wyjfpiij4txtdo,D0851EB1F381853537157030E9FB789D950793E3FAAE688D20FAB64A205B2799,175600970921,175801162455,200191534,
rsnano,nano-serial,nano_3e3j5tkog48pnny9dmfzj1r16pg8t1e76dz5tmac6iq689wyjfpiij4txtdo,460,nano_3e3j5tkog48pnny9dmfzj1r16pg8t1e76dz5tmac6iq689wyjfpiij4txtdo,DAE1012CFB03348CF6123BB115DAE466015E894B93ABAC0963A7BB81879CF98F,175801171892,176001433208,200261316,
rsnano,nano-serial,nano_3e3j5tkog48pnny9dmfzj1r16pg8t1e76dz5tmac6iq689wyjfpiij4txtdo,461,nano_3e3j5tkog48pnny9dmfzj1r16pg8t1e76dz5tmac6iq689wyjfpiij4txtdo,1B7963B6FC0867348C1621891096E722EFFE9A505261C5210D873825E84D6B3F,176001442819,176201797782,200354963,
rsnano,nano-serial,nano_3e3j5tkog48pnny9dmfzj1r16pg8t1e76dz5tmac6iq689wyjfpiij4txtdo,462,nano_3e3j5tkog48pnny9dmfzj1r16pg8t1e76dz5tmac6iq689wyjfpiij4txtdo,B029F301C5F3AD3633FD8C3525E2D07962A7CFF4B4634919DE3171A896B6F963,176201808415,176403935375,202126960,
rsnano,nano-serial,nano_3e3j5tkog48pnny9dmfzj1r16pg8t1e76dz5tmac6iq689wyjfpiij4txtdo,463,nano_3e3j5tkog48pnny9dmfzj1r16pg8t1e76dz5tmac6iq689wyjfpiij4txtdo,B9CBCD00F2578882BC9C40CED44CE26348545E90E6F75CCCC8562F7C3F7FF2D2,176403943963,176602455457,198511494,
rsnano,nano-serial,nano_3e3j5tkog48pnny9dmfzj1r16pg8t1e76dz5tmac6iq689wyjfpiij4txtdo,464,nano_3e3j5tkog48pnny9dmfzj1r16pg8t1e76dz5tmac6iq689wyjfpiij4txtdo,85C3DF88FE6DE0097CCB10FB58B3164E3CACED627028C4B1D51063C5907B9DFD,176602465077,176802668929,200203852,
rsnano,nano-serial,nano_3e3j5tkog48pnny9dmfzj1r16pg8t1e76dz5tmac6iq689wyjfpiij4txtdo,465,nano_3e3j5tkog48pnny9dmfzj1r16pg8t1e76dz5tmac6iq689wyjfpiij4txtdo,80DC11ACD32DFE52E3F73EB9795F8845F871433C5D8BC3E910E960482C2A4DED,176802678385,177003058472,200380087,
rsnano,nano-serial,nano_3e3j5tkog48pnny9dmfzj1r16pg8t1e76dz5tmac6iq689wyjfpiij4txtdo,466,nano_3e3j5tkog48pnny9dmfzj1r16pg8t1e76dz5tmac6iq689wyjfpiij4txtdo,A5E33FB7B2CCBB549CF543CC9F868CFE0E985764024865438A8F39BD6E42BCD0,177003067811,177203342587,200274776,
rsnano,nano-serial,nano_3e3j5tkog48pnny9dmfzj1r16pg8t1e76dz5tmac6iq689wyjfpiij4txtdo,467,nano_3e3j5tkog48pnny9dmfzj1r16pg8t1e76dz5tmac6iq689wyjfpiij4txtdo,F3142C894BEEB6DC4F37F6EEFF1A4375849F2726EC859F5AC9F8E08E75E20354,177203353267,177403490029,200136762,
rsnano,nano-serial,nano_3e3j5tkog48pnny9dmfzj1r16pg8t1e76dz5tmac6iq689wyjfpiij4txtdo,468,nano_3e3j5tkog48pnny9dmfzj1r16pg8t1e76dz5tmac6iq689wyjfpiij4txtdo,207365E895F1835B48F65957A574EE8B1EEC23DC375B5D382639F1BA40CD46A3,177403501500,177603841339,200339839,
rsnano,nano-serial,nano_3e3j5tkog48pnny9dmfzj1r16pg8t1e76dz5tmac6iq689wyjfpiij4txtdo,469,nano_3e3j5tkog48pnny9dmfzj1r16pg8t1e76dz5tmac6iq689wyjfpiij4txtdo,6D7C6367F2BE2034DBD8EBEBFB43BC1A88AD4F673F292109B97E56E325BA5AE4,177603850819,177804317839,200467020,
rsnano,nano-serial,nano_3e3j5tkog48pnny9dmfzj1r16pg8t1e76dz5tmac6iq689wyjfpiij4txtdo,470,nano_3e3j5tkog48pnny9dmfzj1r16pg8t1e76dz5tmac6iq689wyjfpiij4txtdo,364BFC1730CF1EA52511049E2B24D1E7E1DE040101CC1BD2C7F871E8FE79C4B1,177804326998,178004487660,200160662,
rsnano,nano-serial,nano_3e3j5tkog48pnny9dmfzj1r16pg8t1e76dz5tmac6iq689wyjfpiij4txtdo,471,nano_3e3j5tkog48pnny9dmfzj1r16pg8t1e76dz5tmac6iq689wyjfpiij4txtdo,D0D07BD46B09965CDE6B3B0D51A12F9BE9F8C6E67C1AFC7501C87AA60BC9A784,178004497703,178204992629,200494926,
rsnano,nano-serial,nano_3e3j5tkog48pnny9dmfzj1r16pg8t1e76dz5tmac6iq689wyjfpiij4txtdo,472,nano_3e3j5tkog48pnny9dmfzj1r16pg8t1e76dz5tmac6iq689wyjfpiij4txtdo,C84418063FED7B06B70D3D89ACE7DCD5829120A6A192EE3C2E523607F4C8F1F7,178205038692,178405106804,200068112,
rsnano,nano-serial,nano_3e3j5tkog48pnny9dmfzj1r16pg8t1e76dz5tmac6iq689wyjfpiij4txtdo,473,nano_3e3j5tkog48pnny9dmfzj1r16pg8t1e76dz5tmac6iq689wyjfpiij4txtdo,E11F1503ED5916CC9608E618254AD7751A128622E64DAECDAFA7FBD6232B990B,178405115883,178605263543,200147660,
rsnano,nano-serial,nano_3e3j5tkog48pnny9dmfzj1r16pg8t1e76dz5tmac6iq689wyjfpiij4txtdo,474,nano_3e3j5tkog48pnny9dmfzj1r16pg8t1e76dz5tmac6iq689wyjfpiij4txtdo,59E4AAEC72DDEC63D88B09212383A87346CA315EF460EFB408B974FC2D03AEA8,178605273641,178805736228,200462587,
rsnano,nano-serial,nano_3e3j5tkog48pnny9dmfzj1r16pg8t1e76dz5tmac6iq689wyjfpiij4txtdo,475,nano_3e3j5tkog48pnny9dmfzj1r16pg8t1e76dz5tmac6iq689wyjfpiij4txtdo,5C409C0F13F57925A9370C80E4ACF34E4134F8DB5C73F9B3956F6E5282608362,178805744907,179005975789,200230882,
rsnano,nano-serial,nano_3e3j5tkog48pnny9dmfzj1r16pg8t1e76dz5tmac6iq689wyjfpiij4txtdo,476,nano_3e3j5tkog48pnny9dmfzj1r16pg8t1e76dz5tmac6iq689wyjfpiij4txtdo,A40A7CFBE016F2EC32AA5F3C8D86B7192EDB17C04C3018E194FBD147A1CF25A5,179005985603,179206329932,200344329,
rsnano,nano-serial,nano_3e3j5tkog48pnny9dmfzj1r16pg8t1e76dz5tmac6iq689wyjfpiij4txtdo,477,nano_3e3j5tkog48pnny9dmfzj1r16pg8t1e76dz5tmac6iq689wyjfpiij4txtdo,93E92CB8B64308866121595DB3F4ECB64512C9866AA9BC6EA9C595E2DCF910E4,179206339385,179408243617,201904232,
rsnano,nano-serial,nano_3e3j5tkog48pnny9dmfzj1r16pg8t1e76dz5tmac6iq689wyjfpiij4txtdo,478,nano_3e3j5tkog48pnny9dmfzj1r16pg8t1e76dz5tmac6iq689wyjfpiij4txtdo,192109915B1CBF11CC45EF91EE17F74247B75BFCEE2D775545F45E544FF8576B,179408253427,179606851910,198598483,
rsnano,nano-serial,nano_3e3j5tkog48pnny9dmfzj1r16pg8t1e76dz5tmac6iq689wyjfpiij4txtdo,479,nano_3e3j5tkog48pnny9dmfzj1r16pg8t1e76dz5tmac6iq689wyjfpiij4txtdo,BBE03F23F65471AD8ACCC7B9096ABECF01D4E497A7EA03B385102D15162E2524,179606861274,179806993411,200132137,
rsnano,nano-serial,nano_3e3j5tkog48pnny9dmfzj1r16pg8t1e76dz5tmac6iq689wyjfpiij4txtdo,480,nano_3e3j5tkog48pnny9dmfzj1r16pg8t1e76dz5tmac6iq689wyjfpiij4txtdo,19CAE7B94BB2D1D888D60DEF0628067E566366DFE7248BBB96977087A86FF31E,179807018128,180007543450,200525322,
rsnano,nano-serial,nano_3e3j5tkog48pnny9dmfzj1r16pg8t1e76dz5tmac6iq689wyjfpiij4txtdo,481,nano_3e3j5tkog48pnny9dmfzj1r16pg8t1e76dz5tmac6iq689wyjfpiij4txtdo,D2C86DE79424E9086E5EA11AC6255DE7E168647314BAF19927AB5C8CE4008F08,180007552459,180207891177,200338718,
rsnano,nano-serial,nano_3e3j5tkog48pnny9dmfzj1r16pg8t1e76dz5tmac6iq689wyjfpiij4txtdo,482,nano_3e3j5tkog48pnny9dmfzj1r16pg8t1e76dz5tmac6iq689wyjfpiij4txtdo,A98577232B067CF048350F4CC81ABD0CE541B162D4CD5AF6D09AB991B98218D6,180207902479,180407942607,200040128,
rsnano,nano-serial,nano_3e3j5tkog48pnny9dmfzj1r16pg8t1e76dz5tmac6iq689wyjfpiij4txtdo,483,nano_3e3j5tkog48pnny9dmfzj1r16pg8t1e76dz5tmac6iq689wyjfpiij4txtdo,4D2C64D2417FC74CDEE5F8A717229BDDD95C9575F6D0FFD8EB29A6049C133899,180407961466,180608395995,200434529,
rsnano,nano-serial,nano_3e3j5tkog48pnny9dmfzj1r16pg8t1e76dz5tmac6iq689wyjfpiij4txtdo,484,nano_3e3j5tkog48pnny9dmfzj1r16pg8t1e76dz5tmac6iq689wyjfpiij4txtdo,A1E087BF1970BC95DB1B5123D0B03C4D1B3F6AAF59DB6FFD34A0070B768E7D8B,180608404727,180808820997,200416270,
rsnano,nano-serial,nano_3e3j5tkog48pnny9dmfzj1r16pg8t1e76dz5tmac6iq689wyjfpiij4txtdo,485,nano_3e3j5tkog48pnny9dmfzj1r16pg8t1e76dz5tmac6iq689wyjfpiij4txtdo,61FA7F1FF56937E84C7C516B1E83608D82FD7FC03432501F20F36C4184E7906E,180808830839,181009245765,200414926,
rsnano,nano-serial,nano_3e3j5tkog48pnny9dmfzj1r16pg8t1e76dz5tmac6iq689wyjfpiij4txtdo,486,nano_3e3j5tkog48pnny9dmfzj1r16pg8t1e76dz5tmac6iq689wyjfpiij4txtdo,95E8407390A40C99C96EA0E83186DEF3D78AC979888F19A8D814242C9943A2AB,181009254860,181209297712,200042852,
rsnano,nano-serial,nano_3e3j5tkog48pnny9dmfzj1r16pg8t1e76dz5tmac6iq689wyjfpiij4txtdo,487,nano_3e3j5tkog48pnny9dmfzj1r16pg8t1e76dz5tmac6iq689wyjfpiij4txtdo,31B24435B7DD97251FD546788C19AD4A03A10F6DB4DDC6719FF565B77454C131,181209307441,181409781557,200474116,
rsnano,nano-serial,nano_3e3j5tkog48pnny9dmfzj1r16pg8t1e76dz5tmac6iq689wyjfpiij4txtdo,488,nano_3e3j5tkog48pnny9dmfzj1r16pg8t1e76dz5tmac6iq689wyjfpiij4txtdo,4AA4FD02285FD74FFE08048C9C824CFEF66530FC09100E8A3697D62D91C84E7A,181409791573,181609987614,200196041,
rsnano,nano-serial,nano_3e3j5tkog48pnny9dmfzj1r16pg8t1e76dz5tmac6iq689wyjfpiij4txtdo,489,nano_3e3j5tkog48pnny9dmfzj1r16pg8t1e76dz5tmac6iq689wyjfpiij4txtdo,4FC549D532C5D2282E425C13056CC1D215539C8F0E65590F5EBE924FACE95C0D,181609997186,181810156721,200159535,
rsnano,nano-serial,nano_3e3j5tkog48pnny9dmfzj1r16pg8t1e76dz5tmac6iq689wyjfpiij4txtdo,490,nano_3e3j5tkog48pnny9dmfzj1r16pg8t1e76dz5tmac6iq689wyjfpiij4txtdo,83BFCAE77FFB9C8982906B4199933A33847E9BB66510539E11E6D87F1E80B8BC,181810166877,182010419702,200252825,
rsnano,nano-serial,nano_3e3j5tkog48pnny9dmfzj1r16pg8t1e76dz5tmac6iq689wyjfpiij4txtdo,491,nano_3e3j5tkog48pnny9dmfzj1r16pg8t1e76dz5tmac6iq689wyjfpiij4txtdo,43790CD9790D0D2FA3EA514560147549A858F29EA35C141DC62149312D258FAF,182010428926,182210670870,200241944,
rsnano,nano-serial,nano_3e3j5tkog48pnny9dmfzj1r16pg8t1e76dz5tmac6iq689wyjfpiij4txtdo,492,nano_3e3j5tkog48pnny9dmfzj1r16pg8t1e76dz5tmac6iq689wyjfpiij4txtdo,B1EEAF17E562802689AAF82B2BF053D97F30B2996D115BD264E08C03BC40CC72,182210680833,182411083258,200402425,
rsnano,nano-serial,nano_3e3j5tkog48pnny9dmfzj1r16pg8t1e76dz5tmac6iq689wyjfpiij4txtdo,493,nano_3e3j5tkog48pnny9dmfzj1r16pg8t1e76dz5tmac6iq689wyjfpiij4txtdo,103B75E2739058BE6B4105D3B2CE8764A8832FCC5E2E3AC53E67C2E468B4E09D,182411093642,182611448732,200355090,
rsnano,nano-serial,nano_3e3j5tkog48pnny9dmfzj1r16pg8t1e76dz5tmac6iq689wyjfpiij4txtdo,494,nano_3e3j5tkog48pnny9dmfzj1r16pg8t1e76dz5tmac6iq689wyjfpiij4txtdo,56E4C3FD78EF19B6CC8BF1EE50C3F2D7C27F7BFA3BF37BB812727E2034CD5E9A,182611459150,182811682905,200223755,
rsnano,nano-serial,nano_3e3j5tkog48pnny9dmfzj1r16pg8t1e76dz5tmac6iq689wyjfpiij4txtdo,495,nano_3e3j5tkog48pnny9dmfzj1r16pg8t1e76dz5tmac6iq689wyjfpiij4txtdo,28932FFB57D968483DCA777C8B8982C65437E6E051AA5F4E52CA1CC3B17A1346,182811692545,183012217655,200525110,
rsnano,nano-serial,nano_3e3j5tkog48pnny9dmfzj1r16pg8t1e76dz5tmac6iq689wyjfpiij4txtdo,496,nano_3e3j5tkog48pnny9dmfzj1r16pg8t1e76dz5tmac6iq689wyjfpiij4txtdo,1A700691B454EF2637BF078869966DE5225727C1A23CF6295097A3E517FAACEE,183012227758,183212477912,200250154,
rsnano,nano-serial,nano_3e3j5tkog48pnny9dmfzj1r16pg8t1e76dz5tmac6iq689wyjfpiij4txtdo,497,nano_3e3j5tkog48pnny9dmfzj1r16pg8t1e76dz5tmac6iq689wyjfpiij4txtdo,29F253F693858918AC4477F86D74DE352491EB0E0B45B3885D54C31B4DEF4771,183212487205,183412763511,200276306,
rsnano,nano-serial,nano_3e3j5tkog48pnny9dmfzj1r16pg8t1e76dz5tmac6iq689wyjfpiij4txtdo,498,nano_3e3j5tkog48pnny9dmfzj1r16pg8t1e76dz5tmac6iq689wyjfpiij4txtdo,5E0DBD362E8051E767F03530A64A59B82E426B9B0542D55C7AD90845DCAE506D,183412773948,183613138448,200364500,
rsnano,nano-serial,nano_3e3j5tkog48pnny9dmfzj1r16pg8t1e76dz5tmac6iq689wyjfpiij4txtdo,499,nano_3e3j5tkog48pnny9dmfzj1r16pg8t1e76dz5tmac6iq689wyjfpiij4txtdo,DEA8C0548D8D2992264097AE3F879D4C27BB05F91A4DF35E2DBC461CE40CB01D,183613148469,183813312223,200163754,
rsnano,nano-serial,nano_3e3j5tkog48pnny9dmfzj1r16pg8t1e76dz5tmac6iq689wyjfpiij4txtdo,500,nano_3e3j5tkog48pnny9dmfzj1r16pg8t1e76dz5tmac6iq689wyjfpiij4txtdo,237C8326AD9AC7EE12A7B7506F99C200D281CA926C3EDA8AB57669C0FFB5C440,183813321000,184013580866,200259866,
rsnano,nano-serial,nano_3e3j5tkog48pnny9dmfzj1r16pg8t1e76dz5tmac6iq689wyjfpiij4txtdo,501,nano_3e3j5tkog48pnny9dmfzj1r16pg8t1e76dz5tmac6iq689wyjfpiij4txtdo,65051EBF9DD1FB2EE376467A6D7D662C0974E8D057499A9AC800B2C4A79D9FFF,184013590476,184214043509,200453033,
rsnano,nano-serial,nano_3e3j5tkog48pnny9dmfzj1r16pg8t1e76dz5tmac6iq689wyjfpiij4txtdo,502,nano_3e3j5tkog48pnny9dmfzj1r16pg8t1e76dz5tmac6iq689wyjfpiij4txtdo,71FAB15A4A3D12401D38C879B7EF1B62965719C7D78D2B94CC390C1717BBB0B1,184214052935,184414182718,200129783,
rsnano,nano-serial,nano_3e3j5tkog48pnny9dmfzj1r16pg8t1e76dz5tmac6iq689wyjfpiij4txtdo,503,nano_3e3j5tkog48pnny9dmfzj1r16pg8t1e76dz5tmac6iq689wyjfpiij4txtdo,28921874EF27AE0F397AA40BC28F91068AA17ABDDEBA985CAAEFFEABC9289815,184414191356,184614589406,200398050,
rsnano,nano-serial,nano_3e3j5tkog48pnny9dmfzj1r16pg8t1e76dz5tmac6iq689wyjfpiij4txtdo,504,nano_3e3j5tkog48pnny9dmfzj1r16pg8t1e76dz5tmac6iq689wyjfpiij4txtdo,6CDD961E0C2FF26008E9784B905376F03DABDFEF2E77DB4D270A073B15A957A9,184614598495,184815078257,200479762,
rsnano,nano-serial,nano_3e3j5tkog48pnny9dmfzj1r16pg8t1e76dz5tmac6iq689wyjfpiij4txtdo,505,nano_3e3j5tkog48pnny9dmfzj1r16pg8t1e76dz5tmac6iq689wyjfpiij4txtdo,BEA563AF6F40E306DE67A738E7F8A98CB405F4C4D0CE22AF4295DF78F6F064B9,184815088283,185015101347,200013064,
rsnano,nano-serial,nano_3e3j5tkog48pnny9dmfzj1r16pg8t1e76dz5tmac6iq689wyjfpiij4txtdo,506,nano_3e3j5tkog48pnny9dmfzj1r16pg8t1e76dz5tmac6iq689wyjfpiij4txtdo,DAC7917205F08CC333CF19465992676F2162CA79567635E53A64636B4D314ACE,185015111930,185215677455,200565525,
rsnano,nano-serial,nano_3e3j5tkog48pnny9dmfzj1r16pg8t1e76dz5tmac6iq689wyjfpiij4txtdo,507,nano_3e3j5tkog48pnny9dmfzj1r16pg8t1e76dz5tmac6iq689wyjfpiij4txtdo,2AB54A9C91B15702D808592D52954CF65F021FAA3CE16AEB86670B5C07C8FF54,185215687263,185416303155,200615892,
rsnano,nano-serial,nano_3e3j5tkog48pnny9dmfzj1r16pg8t1e76dz5tmac6iq689wyjfpiij4txtdo,508,nano_3e3j5tkog48pnny9dmfzj1r16pg8t1e76dz5tmac6iq689wyjfpiij4txtdo,203F010D819D37DC92077D2C987936E2E8659CA4C93CF4B38D2187159A4B0637,185416312733,185616109102,199796369,
rsnano,nano-serial,nano_3e3j5tkog48pnny9dmfzj1r16pg8t1e76dz5tmac6iq689wyjfpiij4txtdo,509,nano_3e3j5tkog48pnny9dmfzj1r16pg8t1e76dz5tmac6iq689wyjfpiij4txtdo,F911613C2A8805C1AA568AEA3B912028CDC180B47F58B41E544D13778B252DCC,185616118197,185816498338,200380141,
rsnano,nano-serial,nano_3e3j5tkog48pnny9dmfzj1r16pg8t1e76dz5tmac6iq689wyjfpiij4txtdo,510,nano_3e3j5tkog48pnny9dmfzj1r16pg8t1e76dz5tmac6iq689wyjfpiij4txtdo,697E70B9FEEA885A959BCA775A183200B1D4F143252B9AAB136197384041D9A4,185816507860,186016950977,200443117,
rsnano,nano-serial,nano_3e3j5tkog48pnny9dmfzj1r16pg8t1e76dz5tmac6iq689wyjfpiij4txtdo,511,nano_3e3j5tkog48pnny9dmfzj1r16pg8t1e76dz5tmac6iq689wyjfpiij4txtdo,7A91A80798F526317B10F1B2263D29FE6052F7F3BCA90526A6F5D4E82376F61E,186016961574,186242276636,225315062,
rsnano,nano-serial,nano_3e3j5tkog48pnny9dmfzj1r16pg8t1e76dz5tmac6iq689wyjfpiij4txtdo,512,nano_3e3j5tkog48pnny9dmfzj1r16pg8t1e76dz5tmac6iq689wyjfpiij4txtdo,731C6AE2638896E4AC85FC2A20C11BA0B497AB2CF4651C1F9DA69ABD6BBCF282,186242307785,186417290714,174982929,
rsnano,nano-serial,nano_3e3j5tkog48pnny9dmfzj1r16pg8t1e76dz5tmac6iq689wyjfpiij4txtdo,513,nano_3e3j5tkog48pnny9dmfzj1r16pg8t1e76dz5tmac6iq689wyjfpiij4txtdo,1E1E6921106AF5D3130F3C89C13CA351E6F69013525A74F3BC3B1183FA74CDF9,186417324710,186617409033,200084323,
rsnano,nano-serial,nano_3e3j5tkog48pnny9dmfzj1r16pg8t1e76dz5tmac6iq689wyjfpiij4txtdo,514,nano_3e3j5tkog48pnny9dmfzj1r16pg8t1e76dz5tmac6iq689wyjfpiij4txtdo,6E4AA7A612A53179435361EE0113F459E891AA3D8003F67D68303092D6A4E897,186617423177,186818227468,200804291,
rsnano,nano-serial,nano_3e3j5tkog48pnny9dmfzj1r16pg8t1e76dz5tmac6iq689wyjfpiij4txtdo,515,nano_3e3j5tkog48pnny9dmfzj1r16pg8t1e76dz5tmac6iq689wyjfpiij4txtdo,12F6B95A156999BC771ED19EAEEF4B6ABEA0E439CFB99C8D49AB4F44558ECF98,186818242239,187017993321,199751082,
rsnano,nano-serial,nano_3e3j5tkog48pnny9dmfzj1r16pg8t1e76dz5tmac6iq689wyjfpiij4txtdo,516,nano_3e3j5tkog48pnny9dmfzj1r16pg8t1e76dz5tmac6iq689wyjfpiij4txtdo,94F24B01D9AB1190B5035A4C853ABC7995250BD9D9771983F9B9E2E1ACD81A43,187018024629,187218435212,200410583,
rsnano,nano-serial,nano_3e3j5tkog48pnny9dmfzj1r16pg8t1e76dz5tmac6iq689wyjfpiij4txtdo,517,nano_3e3j5tkog48pnny9dmfzj1r16pg8t1e76dz5tmac6iq689wyjfpiij4txtdo,1D0A3CA0500458F72A44A7D8AC6020FC8BF1735FC4396D17E710C6F0AA589374,187218451796,187418826388,200374592,
rsnano,nano-serial,nano_3e3j5tkog48pnny9dmfzj1r16pg8t1e76dz5tmac6iq689wyjfpiij4txtdo,518,nano_3e3j5tkog48pnny9dmfzj1r16pg8t1e76dz5tmac6iq689wyjfpiij4txtdo,03F5722E6E6CE101A7C1F94FA50872141EE45CD7B70117A01F0CDAEBB30E3681,187418842337,187619359040,200516703,
rsnano,nano-serial,nano_3e3j5tkog48pnny9dmfzj1r16pg8t1e76dz5tmac6iq689wyjfpiij4txtdo,519,nano_3e3j5tkog48pnny9dmfzj1r16pg8t1e76dz5tmac6iq689wyjfpiij4txtdo,082606B00789995A83E397D09E3EBC633B2C66727EE03FE13FC988796DF08A80,187619374997,187819229750,199854753,
rsnano,nano-serial,nano_3e3j5tkog48pnny9dmfzj1r16pg8t1e76dz5tmac6iq689wyjfpiij4txtdo,520,nano_3e3j5tkog48pnny9dmfzj1r16pg8t1e76dz5tmac6iq689wyjfpiij4txtdo,CD8A5A6FC50F2184D50944E52A326100153F249EE91D3A9FB13D71C6CAA1CA50,187819244889,188019563520,200318631,
rsnano,nano-serial,nano_3e3j5tkog48pnny9dmfzj1r16pg8t1e76dz5tmac6iq689wyjfpiij4txtdo,521,nano_3e3j5tkog48pnny9dmfzj1r16pg8t1e76dz5tmac6iq689wyjfpiij4txtdo,C5AA740E130643F11001A5604D147BEE98C87D01ABC9283AB416EC670FD81C27,188019579137,188220095195,200516058,
rsnano,nano-serial,nano_3e3j5tkog48pnny9dmfzj1r16pg8t1e76dz5tmac6iq689wyjfpiij4txtdo,522,nano_3e3j5tkog48pnny9dmfzj1r16pg8t1e76dz5tmac6iq689wyjfpiij4txtdo,6C416C58E545537226594705CAA0728FD115ED24B87B6D22D9F2D1DD74B1992B,188220110605,188420162178,200051573,
rsnano,nano-serial,nano_3e3j5tkog48pnny9dmfzj1r16pg8t1e76dz5tmac6iq689wyjfpiij4txtdo,523,nano_3e3j5tkog48pnny9dmfzj1r16pg8t1e76dz5tmac6iq689wyjfpiij4txtdo,7DFB5DF519CA50E75146C96A76D1D048DC7E5CC6D74BCCF46C02A856901758C2,188420177324,188620588607,200411283,
rsnano,nano-serial,nano_3e3j5tkog48pnny9dmfzj1r16pg8t1e76dz5tmac6iq689wyjfpiij4txtdo,524,nano_3e3j5tkog48pnny9dmfzj1r16pg8t1e76dz5tmac6iq689wyjfpiij4txtdo,03286532FCE5337A06C80E1BE0E3391D20ED0112A5C2DDEA1843C44790A57345,188620603569,188820820740,200217171,
rsnano,nano-serial,nano_3e3j5tkog48pnny9dmfzj1r16pg8t1e76dz5tmac6iq689wyjfpiij4txtdo,525,nano_3e3j5tkog48pnny9dmfzj1r16pg8t1e76dz5tmac6iq689wyjfpiij4txtdo,3D0ED0D20734CC69A6315C1061AA98D55F07F6152B9AEDD3BBC73F2FDD6BCA0F,188820835173,189021233669,200398496,
rsnano,nano-serial,nano_3e3j5tkog48pnny9dmfzj1r16pg8t1e76dz5tmac6iq689wyjfpiij4txtdo,526,nano_3e3j5tkog48pnny9dmfzj1r16pg8t1e76dz5tmac6iq689wyjfpiij4txtdo,3F149414FD6B7EAEBF08074DC08365D2ED615195AF5025DA99660138D4856C95,189021249448,189221509840,200260392,
rsnano,nano-serial,nano_3e3j5tkog48pnny9dmfzj1r16pg8t1e76dz5tmac6iq689wyjfpiij4txtdo,527,nano_3e3j5tkog48pnny9dmfzj1r16pg8t1e76dz5tmac6iq689wyjfpiij4txtdo,4380F7D1F5066C8FE29F9A3B33EFF9E014EFB71378C624C22793970FB357A332,189221525218,189421780266,200255048,
rsnano,nano-serial,nano_3e3j5tkog48pnny9dmfzj1r16pg8t1e76dz5tmac6iq689wyjfpiij4txtdo,528,nano_3e3j5tkog48pnny9dmfzj1r16pg8t1e76dz5tmac6iq689wyjfpiij4txtdo,095DE9843F32762BC4F48E1C3CB38BBAE9FB73DA8A7CB1E3D5ECE06B31A0F251,189421795379,189622075194,200279815,
rsnano,nano-serial,nano_3e3j5tkog48pnny9dmfzj1r16pg8t1e76dz5tmac6iq689wyjfpiij4txtdo,529,nano_3e3j5tkog48pnny9dmfzj1r16pg8t1e76dz5tmac6iq689wyjfpiij4txtdo,3FBE98FD231E5DE03F580A6FEEAF9A459A75C081609A3D8C05C63F090059A079,189622090434,189822406727,200316293,
rsnano,nano-serial,nano_3e3j5tkog48pnny9dmfzj1r16pg8t1e76dz5tmac6iq689wyjfpiij4txtdo,530,nano_3e3j5tkog48pnny9dmfzj1r16pg8t1e76dz5tmac6iq689wyjfpiij4txtdo,7140F9237C2E21BD3F8B2284BC73BFCAAD250C38B54CE58F309535D0066D7569,189822421048,190022658440,200237392,
rsnano,nano-serial,nano_3e3j5tkog48pnny9dmfzj1r16pg8t1e76dz5tmac6iq689wyjfpiij4txtdo,531,nano_3e3j5tkog48pnny9dmfzj1r16pg8t1e76dz5tmac6iq689wyjfpiij4txtdo,5747C7F3A49794B8106D188B8D41700FA45B08040E137532D5738A05D0387390,190022673320,190223028771,200355451,
rsnano,nano-serial,nano_3e3j5tkog48pnny9dmfzj1r16pg8t1e76dz5tmac6iq689wyjfpiij4txtdo,532,nano_3e3j5tkog48pnny9dmfzj1r16pg8t1e76dz5tmac6iq689wyjfpiij4txtdo,3EB35132D1C7CFB299D71F2D62EC6964C02C3ED3BF916DB585BE07107FA34D14,190223043613,190454798891,231755278,
rsnano,nano-serial,nano_3e3j5tkog48pnny9dmfzj1r16pg8t1e76dz5tmac6iq689wyjfpiij4txtdo,533,nano_3e3j5tkog48pnny9dmfzj1r16pg8t1e76dz5tmac6iq689wyjfpiij4txtdo,D0034A4220AF1AD3EEF6E7BCFF14A92CBA114AD92EFE0EB5978E4972DDEDD594,190454813751,190624162300,169348549,
rsnano,nano-serial,nano_3e3j5tkog48pnny9dmfzj1r16pg8t1e76dz5tmac6iq689wyjfpiij4txtdo,534,nano_3e3j5tkog48pnny9dmfzj1r16pg8t1e76dz5tmac6iq689wyjfpiij4txtdo,7903EEAC069E525AE81DE5F369B8176D1663BD6898B36786F7169D36EBC71E54,190624176721,190824068760,199892039,
rsnano,nano-serial,nano_3e3j5tkog48pnny9dmfzj1r16pg8t1e76dz5tmac6iq689wyjfpiij4txtdo,535,nano_3e3j5tkog48pnny9dmfzj1r16pg8t1e76dz5tmac6iq689wyjfpiij4txtdo,2F1793DB738A84A9160D4C9BD4AD3D291121AE43BEFB6609B4DCBC5B550EEBA6,190824082922,191024181395,200098473,
rsnano,nano-serial,nano_3e3j5tkog48pnny9dmfzj1r16pg8t1e76dz5tmac6iq689wyjfpiij4txtdo,536,nano_3e3j5tkog48pnny9dmfzj1r16pg8t1e76dz5tmac6iq689wyjfpiij4txtdo,727FFD4F4E4191D22F586A6061E1192C4B95E85D2CAB3C0A20F56A333D7FD39A,191024195113,191224740031,200544918,
rsnano,nano-serial,nano_3e3j5tkog48pnny9dmfzj1r16pg8t1e76dz5tmac6iq689wyjfpiij4txtdo,537,nano_3e3j5tkog48pnny9dmfzj1r16pg8t1e76dz5tmac6iq689wyjfpiij4txtdo,2F407A04928DB5F2FB6CB04B1DAF61762620CD5F14F18820B565614CAB2C2A71,191224755834,191424938771,200182937,
rsnano,nano-serial,nano_3e3j5tkog48pnny9dmfzj1r16pg8t1e76dz5tmac6iq689wyjfpiij4txtdo,538,nano_3e3j5tkog48pnny9dmfzj1r16pg8t1e76dz5tmac6iq689wyjfpiij4txtdo,B30469BC726E1633D8F22B8DC4798940E3D300005BBA3026CFF65D7B9052C0AB,191424953733,191625237369,200283636,
rsnano,nano-serial,nano_3e3j5tkog48pnny9dmfzj1r16pg8t1e76dz5tmac6iq689wyjfpiij4txtdo,539,nano_3e3j5tkog48pnny9dmfzj1r16pg8t1e76dz5tmac6iq689wyjfpiij4txtdo,B090C2C8A7A96234AD0FD7EB83EF5C21F363ADF342383957F58E32119797E3AF,191625252081,191825530571,200278490,
rsnano,nano-serial,nano_3e3j5tkog48pnny9dmfzj1r16pg8t1e76dz5tmac6iq689wyjfpiij4txtdo,540,nano_3e3j5tkog48pnny9dmfzj1r16pg8t1e76dz5tmac6iq689wyjfpiij4txtdo,B68FCC16F28A09CE8081A547C1A2FEFCAB965E0125B2A399A5D0AFE649165209,191825544625,192026069192,200524567,
rsnano,nano-serial,nano_3e3j5tkog48pnny9dmfzj1r16pg8t1e76dz5tmac6iq689wyjfpiij4txtdo,541,nano_3e3j5tkog48pnny9dmfzj1r16pg8t1e76dz5tmac6iq689wyjfpiij4txtdo,9B989D99E2DD1908A236F017E0CB4013F7DA5FC2C1610BDF0F2C633DD21A2B6A,192026084087,192226446891,200362804,
rsnano,nano-serial,nano_3e3j5tkog48pnny9dmfzj1r16pg8t1e76dz5tmac6iq689wyjfpiij4txtdo,542,nano_3e3j5tkog48pnny9dmfzj1r16pg8t1e76dz5tmac6iq689wyjfpiij4txtdo,8EBFA25F6C2A5923119391AE87D550054B36A6DC9375B7FC877BEE79E6E15761,192226461021,192426472571,200011550,
rsnano,nano-serial,nano_3e3j5tkog48pnny9dmfzj1r16pg8t1e76dz5tmac6iq689wyjfpiij4txtdo,543,nano_3e3j5tkog48pnny9dmfzj1r16pg8t1e76dz5tmac6iq689wyjfpiij4txtdo,BA5B0EF1E5087BEE4170B00F0DE019ECC9498F3F01A1E9B593E080AE09580EE0,192426485954,192626769494,200283540,
rsnano,nano-serial,nano_3e3j5tkog48pnny9dmfzj1r16pg8t1e76dz5tmac6iq689wyjfpiij4txtdo,544,nano_3e3j5tkog48pnny9dmfzj1r16pg8t1e76dz5tmac6iq689wyjfpiij4txtdo,055B3235E00B7E57ED7E22CFD537A81DBA84A1CCF802AF09078EB229BF5BBE8D,192626782811,192827115845,200333034,
rsnano,nano-serial,nano_3e3j5tkog48pnny9dmfzj1r16pg8t1e76dz5tmac6iq689wyjfpiij4txtdo,545,nano_3e3j5tkog48pnny9dmfzj1r16pg8t1e76dz5tmac6iq689wyjfpiij4txtdo,55E3E9817104931F5A70826BEC0C2E5177A13B1F7BFDD95FC921D1A6CC0B3574,192827130845,193027243929,200113084,
rsnano,nano-serial,nano_3e3j5tkog48pnny9dmfzj1r16pg8t1e76dz5tmac6iq689wyjfpiij4txtdo,546,nano_3e3j5tkog48pnny9dmfzj1r16pg8t1e76dz5tmac6iq689wyjfpiij4txtdo,AB9189F72380546ACFB440054C4EE53D3135E771BC78BAC2CD268491B722BB58,193027257284,193227689184,200431900,
rsnano,nano-serial,nano_3e3j5tkog48pnny9dmfzj1r16pg8t1e76dz5tmac6iq689wyjfpiij4txtdo,547,nano_3e3j5tkog48pnny9dmfzj1r16pg8t1e76dz5tmac6iq689wyjfpiij4txtdo,F966E1372B071A43492D444E09CA633D81163926E0B2D71D545BA08A8FC18566,193227704488,193428075868,200371380,
rsnano,nano-serial,nano_3e3j5tkog48pnny9dmfzj1r16pg8t1e76dz5tmac6iq689wyjfpiij4txtdo,548,nano_3e3j5tkog48pnny9dmfzj1r16pg8t1e76dz5tmac6iq689wyjfpiij4txtdo,8BD15BE59C90F3693FD11B628DAF317B222AC5CC156C59FD3E9132D1D6D348F8,193428090542,193628547264,200456722,
rsnano,nano-serial,nano_3e3j5tkog48pnny9dmfzj1r16pg8t1e76dz5tmac6iq689wyjfpiij4txtdo,549,nano_3e3j5tkog48pnny9dmfzj1r16pg8t1e76dz5tmac6iq689wyjfpiij4txtdo,6B517170FFE0B028C0642C54678C35D91FCEF467CE6048F0CF0905FB8FE56D68,193628562162,193828610892,200048730,
rsnano,nano-serial,nano_3e3j5tkog48pnny9dmfzj1r16pg8t1e76dz5tmac6iq689wyjfpiij4txtdo,550,nano_3e3j5tkog48pnny9dmfzj1r16pg8t1e76dz5tmac6iq689wyjfpiij4txtdo,43FFB3D81C773A3B17F3D81767FB120DF13BFC1865B382CC23AB5D60155FE632,193828627490,194028973844,200346354,
rsnano,nano-serial,nano_3e3j5tkog48pnny9dmfzj1r16pg8t1e76dz5tmac6iq689wyjfpiij4txtdo,551,nano_3e3j5tkog48pnny9dmfzj1r16pg8t1e76dz5tmac6iq689wyjfpiij4txtdo,975962D591E3FFE41C72BAA79E942B2CDB06DA52FDAB06634F025116DFD040BA,194028989355,194229282855,200293500,
rsnano,nano-serial,nano_3e3j5tkog48pnny9dmfzj1r16pg8t1e76dz5tmac6iq689wyjfpiij4txtdo,552,nano_3e3j5tkog48pnny9dmfzj1r16pg8t1e76dz5tmac6iq689wyjfpiij4txtdo,F7B99EA6CC486C35BCB7AA6A8ECFD41BA5EDEECCF4766C0AFCA5D68B144731EB,194229297390,194429680278,200382888,
rsnano,nano-serial,nano_3e3j5tkog48pnny9dmfzj1r16pg8t1e76dz5tmac6iq689wyjfpiij4txtdo,553,nano_3e3j5tkog48pnny9dmfzj1r16pg8t1e76dz5tmac6iq689wyjfpiij4txtdo,A29F56C07BFC743ECA9D13649AF07D73200002328C79C2F2FF638BA958402A03,194429696221,194629864552,200168331,
rsnano,nano-serial,nano_3e3j5tkog48pnny9dmfzj1r16pg8t1e76dz5tmac6iq689wyjfpiij4txtdo,554,nano_3e3j5tkog48pnny9dmfzj1r16pg8t1e76dz5tmac6iq689wyjfpiij4txtdo,61C3CF5657441F0A6A1F5DF6683E9DA229457B4393D8139740450648E41006C2,194629878653,194830270142,200391489,
rsnano,nano-serial,nano_3e3j5tkog48pnny9dmfzj1r16pg8t1e76dz5tmac6iq689wyjfpiij4txtdo,555,nano_3e3j5tkog48pnny9dmfzj1r16pg8t1e76dz5tmac6iq689wyjfpiij4txtdo,5D4EC5F12923DC7FC41AAAE9D5BC7CBB756E2A6D493F2F64DC247A2D5E9D7A7D,194830284881,195030500052,200215171,
rsnano,nano-serial,nano_3e3j5tkog48pnny9dmfzj1r16pg8t1e76dz5tmac6iq689wyjfpiij4txtdo,556,nano_3e3j5tkog48pnny9dmfzj1r16pg8t1e76dz5tmac6iq689wyjfpiij4txtdo,B039594EC313CD5A70F6F02DBD169985C0D55EE0355864A4E1F3CA4060119AD0,195030513840,195230720659,200206819,
rsnano,nano-serial,nano_3e3j5tkog48pnny9dmfzj1r16pg8t1e76dz5tmac6iq689wyjfpiij4txtdo,557,nano_3e3j5tkog48pnny9dmfzj1r16pg8t1e76dz5tmac6iq689wyjfpiij4txtdo,78A1F325D23925DCED48936DB2B5CC7CA5D4D9187FABF6ED2CAA7E229C2D0DAE,195230735232,195431075173,200339941,
rsnano,nano-serial,nano_3e3j5tkog48pnny9dmfzj1r16pg8t1e76dz5tmac6iq689wyjfpiij4txtdo,558,nano_3e3j5tkog48pnny9dmfzj1r16pg8t1e76dz5tmac6iq689wyjfpiij4txtdo,CC4F31D9680D017596168C602F66396DE26CC25A2418D94DC9662975792CD103,195431090320,195631374183,200283863,
rsnano,nano-serial,nano_3e3j5tkog48pnny9dmfzj1r16pg8t1e76dz5tmac6iq689wyjfpiij4txtdo,559,nano_3e3j5tkog48pnny9dmfzj1r16pg8t1e76dz5tmac6iq689wyjfpiij4txtdo,87A9005501547047A60A1F5D5CBB342A96E32827B6F8B0BDC78CDC68F96E80D6,195631389853,195831746507,200356654,
rsnano,nano-serial,nano_3e3j5tkog48pnny9dmfzj1r16pg8t1e76dz5tmac6iq689wyjfpiij4txtdo,560,nano_3e3j5tkog48pnny9dmfzj1r16pg8t1e76dz5tmac6iq689wyjfpiij4txtdo,A0D2DD6A4C1C8B7DA3E245A87F4DF025FFAD62298077A1D741A2504E217149B2,195831763144,196031889624,200126480,
rsnano,nano-serial,nano_3e3j5tkog48pnny9dmfzj1r16pg8t1e76dz5tmac6iq689wyjfpiij4txtdo,561,nano_3e3j5tkog48pnny9dmfzj1r16pg8t1e76dz5tmac6iq689wyjfpiij4txtdo,08E4E72917730BA86F75B1D52E64D5EC4246502BD141EF4DDF36F3F1FFDAF578,196031906741,196232497119,200590378,
rsnano,nano-serial,nano_3e3j5tkog48pnny9dmfzj1r16pg8t1e76dz5tmac6iq689wyjfpiij4txtdo,562,nano_3e3j5tkog48pnny9dmfzj1r16pg8t1e76dz5tmac6iq689wyjfpiij4txtdo,45BD4CF79F8E2F2C7ED308EFFEABB5E00A74669F3209813BF121830F6BC35838,196232512363,196432582481,200070118,
rsnano,nano-serial,nano_3e3j5tkog48pnny9dmfzj1r16pg8t1e76dz5tmac6iq689wyjfpiij4txtdo,563,nano_3e3j5tkog48pnny9dmfzj1r16pg8t1e76dz5tmac6iq689wyjfpiij4txtdo,4538EDE98EABE4BCFC7F67B8A132202DE51F449BB980488793B9A6DD4168AC1F,196432598354,196633054486,200456132,
rsnano,nano-serial,nano_3e3j5tkog48pnny9dmfzj1r16pg8t1e76dz5tmac6iq689wyjfpiij4txtdo,564,nano_3e3j5tkog48pnny9dmfzj1r16pg8t1e76dz5tmac6iq689wyjfpiij4txtdo,EA9D0070CEE28712A2297724975DE6620E0C34C839286CEF44AAAE76B949B11F,196633070259,196833215278,200145019,
rsnano,nano-serial,nano_3e3j5tkog48pnny9dmfzj1r16pg8t1e76dz5tmac6iq689wyjfpiij4txtdo,565,nano_3e3j5tkog48pnny9dmfzj1r16pg8t1e76dz5tmac6iq689wyjfpiij4txtdo,FE1E6AA4471FBFFF3C76F7B717663227656710134F7FE6FF094EE960BFF86537,196833230717,197033540565,200309848,
rsnano,nano-serial,nano_3e3j5tkog48pnny9dmfzj1r16pg8t1e76dz5tmac6iq689wyjfpiij4txtdo,566,nano_3e3j5tkog48pnny9dmfzj1r16pg8t1e76dz5tmac6iq689wyjfpiij4txtdo,7603F9DC5C1540A8815384F42519EFFC894B66A14F541F9D882998AD0ED7D390,197033555259,197233866416,200311157,
rsnano,nano-serial,nano_3e3j5tkog48pnny9dmfzj1r16pg8t1e76dz5tmac6iq689wyjfpiij4txtdo,567,nano_3e3j5tkog48pnny9dmfzj1r16pg8t1e76dz5tmac6iq689wyjfpiij4txtdo,9AAC863715640209C0086AFADEB59E7F6AC05BACC7E61A233EFA272117CE94D2,197233881332,197434236762,200355430,
rsnano,nano-serial,nano_3e3j5tkog48pnny9dmfzj1r16pg8t1e76dz5tmac6iq689wyjfpiij4txtdo,568,nano_3e3j5tkog48pnny9dmfzj1r16pg8t1e76dz5tmac6iq689wyjfpiij4txtdo,0544112CCA79F3D80CBCC3E7C403D4F01417489CA7BF24666D60CB6EC46404AB,197434253431,197634652774,200399343,
rsnano,nano-serial,nano_3e3j5tkog48pnny9dmfzj1r16pg8t1e76dz5tmac6iq689wyjfpiij4txtdo,569,nano_3e3j5tkog48pnny9dmfzj1r16pg8t1e76dz5tmac6iq689wyjfpiij4txtdo,C55121927720F43AE29FF4496A63060EA715779049CD0C761B82EF01C41E08B0,197634668475,197834905303,200236828,
rsnano,nano-serial,nano_3e3j5tkog48pnny9dmfzj1r16pg8t1e76dz5tmac6iq689wyjfpiij4txtdo,570,nano_3e3j5tkog48pnny9dmfzj1r16pg8t1e76dz5tmac6iq689wyjfpiij4txtdo,6D9971E1CF63954867CB31373E8C5C301F80C09C021EDD75F2EEF08772950CCD,197834920182,198035056608,200136426,
rsnano,nano-serial,nano_3e3j5tkog48pnny9dmfzj1r16pg8t1e76dz5tmac6iq689wyjfpiij4txtdo,571,nano_3e3j5tkog48pnny9dmfzj1r16pg8t1e76dz5tmac6iq689wyjfpiij4txtdo,F196694E532D67C291275DBE2D15FFA451665BC7F11D2201342AB3B88CFE9C69,198035072160,198235496296,200424136,
rsnano,nano-serial,nano_3e3j5tkog48pnny9dmfzj1r16pg8t1e76dz5tmac6iq689wyjfpiij4txtdo,572,nano_3e3j5tkog48pnny9dmfzj1r16pg8t1e76dz5tmac6iq689wyjfpiij4txtdo,B4105A2F0FE3FBA456A33720BDA2BE25D49472D521A7D8AF6D716AFD61787032,198235513231,198435697063,200183832,
rsnano,nano-serial,nano_3e3j5tkog48pnny9dmfzj1r16pg8t1e76dz5tmac6iq689wyjfpiij4txtdo,573,nano_3e3j5tkog48pnny9dmfzj1r16pg8t1e76dz5tmac6iq689wyjfpiij4txtdo,675C5CFF20C31E9202D1B917D1CD493D78312C6175428D7F02CD1E2775055486,198435712965,198636256260,200543295,
rsnano,nano-serial,nano_3e3j5tkog48pnny9dmfzj1r16pg8t1e76dz5tmac6iq689wyjfpiij4txtdo,574,nano_3e3j5tkog48pnny9dmfzj1r16pg8t1e76dz5tmac6iq689wyjfpiij4txtdo,6EF0CC457CD14EF89831AAF0005E415320139F492AE43F02B15B979665C4B9E4,198636272102,198836588402,200316300,
rsnano,nano-serial,nano_3e3j5tkog48pnny9dmfzj1r16pg8t1e76dz5tmac6iq689wyjfpiij4txtdo,575,nano_3e3j5tkog48pnny9dmfzj1r16pg8t1e76dz5tmac6iq689wyjfpiij4txtdo,DB908C29E7C72B46468AD37024B12FE9CA31B28491D16C2B3398AF9DEE395D3B,198836601876,199036668583,200066707,
rsnano,nano-serial,nano_3e3j5tkog48pnny9dmfzj1r16pg8t1e76dz5tmac6iq689wyjfpiij4txtdo,576,nano_3e3j5tkog48pnny9dmfzj1r16pg8t1e76dz5tmac6iq689wyjfpiij4txtdo,AE5945DD88BC1F779A684F33975F1939154FFF5DE819CF04C2DE4CCF7AB9396F,199036682274,199236976296,200294022,
rsnano,nano-serial,nano_3e3j5tkog48pnny9dmfzj1r16pg8t1e76dz5tmac6iq689wyjfpiij4txtdo,577,nano_3e3j5tkog48pnny9dmfzj1r16pg8t1e76dz5tmac6iq689wyjfpiij4txtdo,7116D4D7CB539BA8A2BD10CC20DB2AD3A3B135AC123FFBC7A1FBCA2D4D2FEF16,199236990685,199437582301,200591616,
rsnano,nano-serial,nano_3e3j5tkog48pnny9dmfzj1r16pg8t1e76dz5tmac6iq689wyjfpiij4txtdo,578,nano_3e3j5tkog48pnny9dmfzj1r16pg8t1e76dz5tmac6iq689wyjfpiij4txtdo,1537BEC2849E1833538A951942660EAFCCC4AD8EEA718EE96C7A2E1B60D25AB8,199437598005,199637590256,199992251,
rsnano,nano-serial,nano_3e3j5tkog48pnny9dmfzj1r16pg8t1e76dz5tmac6iq689wyjfpiij4txtdo,579,nano_3e3j5tkog48pnny9dmfzj1r16pg8t1e76dz5tmac6iq689wyjfpiij4txtdo,322B2EB671733FC0A79E1B77B73FA57EF09C9A3147E0A33D35F482771824CAF7,199637605833,199838057266,200451433,
rsnano,nano-serial,nano_3e3j5tkog48pnny9dmfzj1r16pg8t1e76dz5tmac6iq689wyjfpiij4txtdo,580,nano_3e3j5tkog48pnny9dmfzj1r16pg8t1e76dz5tmac6iq689wyjfpiij4txtdo,78A36D4CD2DEE947A431AD62238281C7A6DF3A513AD80AF1282BB06526AF5218,199838072542,200043940674,205868132,
rsnano,nano-serial,nano_3e3j5tkog48pnny9dmfzj1r16pg8t1e76dz5tmac6iq689wyjfpiij4txtdo,581,nano_3e3j5tkog48pnny9dmfzj1r16pg8t1e76dz5tmac6iq689wyjfpiij4txtdo,70640E39A6ADCDCB6F73C4E058F56BA51AD096433CFB8DFDA0748744432FFBF3,200043955990,200238862039,194906049,
rsnano,nano-serial,nano_3e3j5tkog48pnny9dmfzj1r16pg8t1e76dz5tmac6iq689wyjfpiij4txtdo,582,nano_3e3j5tkog48pnny9dmfzj1r16pg8t1e76dz5tmac6iq689wyjfpiij4txtdo,DA212CC4CBF067DA0840936AC386519B48F5E8C6585ABF8BA593B51CC5F6051C,200238877152,200439020006,200142854,
rsnano,nano-serial,nano_3e3j5tkog48pnny9dmfzj1r16pg8t1e76dz5tmac6iq689wyjfpiij4txtdo,583,nano_3e3j5tkog48pnny9dmfzj1r16pg8t1e76dz5tmac6iq689wyjfpiij4txtdo,FA7677E3B8ED8EB547D3A561021FFA74AB3A774A466CDCFB1F9E8D9C03D7A91E,200439036634,200639314498,200277864,
rsnano,nano-serial,nano_3e3j5tkog48pnny9dmfzj1r16pg8t1e76dz5tmac6iq689wyjfpiij4txtdo,584,nano_3e3j5tkog48pnny9dmfzj1r16pg8t1e76dz5tmac6iq689wyjfpiij4txtdo,A2445772A2854BD29FCEA752F0E36E359918DA4126F4ED5003E1AB6445F4A31B,200639328460,200839571859,200243399,
rsnano,nano-serial,nano_3e3j5tkog48pnny9dmfzj1r16pg8t1e76dz5tmac6iq689wyjfpiij4txtdo,585,nano_3e3j5tkog48pnny9dmfzj1r16pg8t1e76dz5tmac6iq689wyjfpiij4txtdo,E6B432BC1158D2CA59DDADB67CD0859D386D5D3FC95AC1D3A60D68A6F45E2DC1,200839587600,201039897693,200310093,
rsnano,nano-serial,nano_3e3j5tkog48pnny9dmfzj1r16pg8t1e76dz5tmac6iq689wyjfpiij4txtdo,586,nano_3e3j5tkog48pnny9dmfzj1r16pg8t1e76dz5tmac6iq689wyjfpiij4txtdo,F3DEAB3AF2F3C0BCB08895E2C5D0A06A779B3AED3FC9E68C8E6B5A47CA8D90E7,201039912654,201240102679,200190025,
rsnano,nano-serial,nano_3e3j5tkog48pnny9dmfzj1r16pg8t1e76dz5tmac6iq689wyjfpiij4txtdo,587,nano_3e3j5tkog48pnny9dmfzj1r16pg8t1e76dz5tmac6iq689wyjfpiij4txtdo,ABC8822F6D82BD6CE41958CA156F1EB36C17D43E7BCF962AA1060CBA437651D1,201240117800,201440513042,200395242,
rsnano,nano-serial,nano_3e3j5tkog48pnny9dmfzj1r16pg8t1e76dz5tmac6iq689wyjfpiij4txtdo,588,nano_3e3j5tkog48pnny9dmfzj1r16pg8t1e76dz5tmac6iq689wyjfpiij4txtdo,0CA0CDE21EE1190DB90C0EE15E021DB4D267B40462DB9E803C7ED352B15D6DD3,201440527334,201640849626,200322292,
rsnano,nano-serial,nano_3e3j5tkog48pnny9dmfzj1r16pg8t1e76dz5tmac6iq689wyjfpiij4txtdo,589,nano_3e3j5tkog48pnny9dmfzj1r16pg8t1e76dz5tmac6iq689wyjfpiij4txtdo,602A9C41E3F1B9A9197FC74E2D6F700BD42EA56E33F7A05F4A07E070E7C71E64,201640866799,201841125722,200258923,
rsnano,nano-serial,nano_3e3j5tkog48pnny9dmfzj1r16pg8t1e76dz5tmac6iq689wyjfpiij4txtdo,590,nano_3e3j5tkog48pnny9dmfzj1r16pg8t1e76dz5tmac6iq689wyjfpiij4txtdo,B10F641B0C59C22B510A63C33B384871738592EFA6E7904C33F1997679B442C4,201841141917,202041594105,200452188,
rsnano,nano-serial,nano_3e3j5tkog48pnny9dmfzj1r16pg8t1e76dz5tmac6iq689wyjfpiij4txtdo,591,nano_3e3j5tkog48pnny9dmfzj1r16pg8t1e76dz5tmac6iq689wyjfpiij4txtdo,4FFD0D667B0F2CB2E81DAB62ED1A2AB5ED4526EF7D1CA2C58E79F3A982FC2FD5,202041609255,202241760657,200151402,
rsnano,nano-serial,nano_3e3j5tkog48pnny9dmfzj1r16pg8t1e76dz5tmac6iq689wyjfpiij4txtdo,592,nano_3e3j5tkog48pnny9dmfzj1r16pg8t1e76dz5tmac6iq689wyjfpiij4txtdo,B1887B32FFBC1CAF01B40B98021AF783C4E49A0563476CFE0CF8D716437312AB,202241775406,202441887337,200111931,
rsnano,nano-serial,nano_3e3j5tkog48pnny9dmfzj1r16pg8t1e76dz5tmac6iq689wyjfpiij4txtdo,593,nano_3e3j5tkog48pnny9dmfzj1r16pg8t1e76dz5tmac6iq689wyjfpiij4txtdo,43D77222CF6DC5260083BA060004F08A543C32969D4341AA12E130ED2B654722,202441902825,202642437247,200534422,
rsnano,nano-serial,nano_3e3j5tkog48pnny9dmfzj1r16pg8t1e76dz5tmac6iq689wyjfpiij4txtdo,594,nano_3e3j5tkog48pnny9dmfzj1r16pg8t1e76dz5tmac6iq689wyjfpiij4txtdo,8429D49BE10DE6973738BDD030204F4B797DAA67212F7BDB6EEDE2630835E7FF,202642452086,202842650217,200198131,
rsnano,nano-serial,nano_3e3j5tkog48pnny9dmfzj1r16pg8t1e76dz5tmac6iq689wyjfpiij4txtdo,595,nano_3e3j5tkog48pnny9dmfzj1r16pg8t1e76dz5tmac6iq689wyjfpiij4txtdo,BA38CB44C8B2AB3F8F74F497594DDA01D0AEAE932273408BB1A5D1C305D89B53,202842665994,203042849864,200183870,
rsnano,nano-serial,nano_3e3j5tkog48pnny9dmfzj1r16pg8t1e76dz5tmac6iq689wyjfpiij4txtdo,596,nano_3e3j5tkog48pnny9dmfzj1r16pg8t1e76dz5tmac6iq689wyjfpiij4txtdo,F6F055D56FD1F9E4F573F0833203706C060627AB9C434AEB1B0A358E6519E6D1,203042863744,203243145449,200281705,
rsnano,nano-serial,nano_3e3j5tkog48pnny9dmfzj1r16pg8t1e76dz5tmac6iq689wyjfpiij4txtdo,597,nano_3e3j5tkog48pnny9dmfzj1r16pg8t1e76dz5tmac6iq689wyjfpiij4txtdo,E2AD8ED03646A9FB88CA6FEFD1FB9F03A1F84866226E589E998F20E1052DA2C8,203243159403,203443457598,200298195,
rsnano,nano-serial,nano_3e3j5tkog48pnny9dmfzj1r16pg8t1e76dz5tmac6iq689wyjfpiij4txtdo,598,nano_3e3j5tkog48pnny9dmfzj1r16pg8t1e76dz5tmac6iq689wyjfpiij4txtdo,02717D700026DECBC0D41066DA0DF596772C12A2F74FE47D43E2617077E1B71D,203443471459,203644761617,201290158,
rsnano,nano-serial,nano_3e3j5tkog48pnny9dmfzj1r16pg8t1e76dz5tmac6iq689wyjfpiij4txtdo,599,nano_3e3j5tkog48pnny9dmfzj1r16pg8t1e76dz5tmac6iq689wyjfpiij4txtdo,2172A26034FB9B98C9E1C7A6797751B1310DFC02AF952CE0556A9E5999AF16F8,203644775900,203844114308,199338408,
rsnano,nano-serial,nano_3e3j5tkog48pnny9dmfzj1r16pg8t1e76dz5tmac6iq689wyjfpiij4txtdo,600,nano_3e3j5tkog48pnny9dmfzj1r16pg8t1e76dz5tmac6iq689wyjfpiij4txtdo,2FF8BD4E8DBDF2A0C101D2D9378698E82E6D1560A6282063ACD178BEB4D8FEA6,203844129408,204044500483,200371075,
rsnano,nano-serial,nano_3e3j5tkog48pnny9dmfzj1r16pg8t1e76dz5tmac6iq689wyjfpiij4txtdo,601,nano_3e3j5tkog48pnny9dmfzj1r16pg8t1e76dz5tmac6iq689wyjfpiij4txtdo,99401018721B2B916F136E0E0C5179056B0CC9C20DB519F26E029555733F0EB5,204044514972,204244777257,200262285,
rsnano,nano-serial,nano_3e3j5tkog48pnny9dmfzj1r16pg8t1e76dz5tmac6iq689wyjfpiij4txtdo,602,nano_3e3j5tkog48pnny9dmfzj1r16pg8t1e76dz5tmac6iq689wyjfpiij4txtdo,339D97AB760CE74D889AA353B520C6B70505002A05BD90CD6BCD88F613D3E0C8,204244791212,204445107957,200316745,
rsnano,nano-serial,nano_3e3j5tkog48pnny9dmfzj1r16pg8t1e76dz5tmac6iq689wyjfpiij4txtdo,603,nano_3e3j5tkog48pnny9dmfzj1r16pg8t1e76dz5tmac6iq689wyjfpiij4txtdo,ACD7AE3854CD42372F99593864A971E2347FD30EC0354CFC42CE2A75CC28A1B4,204445122546,204645554918,200432372,
rsnano,nano-serial,nano_3e3j5tkog48pnny9dmfzj1r16pg8t1e76dz5tmac6iq689wyjfpiij4txtdo,604,nano_3e3j5tkog48pnny9dmfzj1r16pg8t1e76dz5tmac6iq689wyjfpiij4txtdo,118C3763EC3D2841AD71FE53816969778CCF8F8C46EEA0A692CB74CB167EA64C,204645569376,204845996456,200427080,
rsnano,nano-serial,nano_3e3j5tkog48pnny9dmfzj1r16pg8t1e76dz5tmac6iq689wyjfpiij4txtdo,605,nano_3e3j5tkog48pnny9dmfzj1r16pg8t1e76dz5tmac6iq689wyjfpiij4txtdo,A05E7F6566F66DDF81ECB38BD97C6F7A922AEFC65E4060CDDE57AD4F276F6562,204846052003,205046735266,200683263,
rsnano,nano-serial,nano_3e3j5tkog48pnny9dmfzj1r16pg8t1e76dz5tmac6iq689wyjfpiij4txtdo,606,nano_3e3j5tkog48pnny9dmfzj1r16pg8t1e76dz5tmac6iq689wyjfpiij4txtdo,A7C97475F9EE8B81DCDD1F9DE57C930C436C7BB07774F8B0C02735E1D86D01D9,205046749127,205246683760,199934633,
rsnano,nano-serial,nano_3e3j5tkog48pnny9dmfzj1r16pg8t1e76dz5tmac6iq689wyjfpiij4txtdo,607,nano_3e3j5tkog48pnny9dmfzj1r16pg8t1e76dz5tmac6iq689wyjfpiij4txtdo,BB839A144A64BED365EFF09B4E690959D83630BF26E0F545660DC80F783E26A1,205246696519,205447169176,200472657,
rsnano,nano-serial,nano_3e3j5tkog48pnny9dmfzj1r16pg8t1e76dz5tmac6iq689wyjfpiij4txtdo,608,nano_3e3j5tkog48pnny9dmfzj1r16pg8t1e76dz5tmac6iq689wyjfpiij4txtdo,F3EBC83DD07B031B888D825FB0C60FCBA7C6DCC635A553D6BDCB124E7EF389FE,205447181630,205647387502,200205872,
rsnano,nano-serial,nano_3e3j5tkog48pnny9dmfzj1r16pg8t1e76dz5tmac6iq689wyjfpiij4txtdo,609,nano_3e3j5tkog48pnny9dmfzj1r16pg8t1e76dz5tmac6iq689wyjfpiij4txtdo,A8A2ED3A7DE98AD8C37A6E2EBEB4E3CA6531E16B0A40D7F59416ACA02AC7BCC2,205647402246,205847704866,200302620,
rsnano,nano-serial,nano_3e3j5tkog48pnny9dmfzj1r16pg8t1e76dz5tmac6iq689wyjfpiij4txtdo,610,nano_3e3j5tkog48pnny9dmfzj1r16pg8t1e76dz5tmac6iq689wyjfpiij4txtdo,B622C272E1BD75E4A98E2751F0462E6FE77527D1BE36B7E322461EE5D7526051,205847719436,206047965259,200245823,
rsnano,nano-serial,nano_3e3j5tkog48pnny9dmfzj1r16pg8t1e76dz5tmac6iq689wyjfpiij4txtdo,611,nano_3e3j5tkog48pnny9dmfzj1r16pg8t1e76dz5tmac6iq689wyjfpiij4txtdo,3223001B11D56967856AE52BA42550746EFC862338EAE7A8F4A8D995560681FB,206047979854,206248193146,200213292,
rsnano,nano-serial,nano_3e3j5tkog48pnny9dmfzj1r16pg8t1e76dz5tmac6iq689wyjfpiij4txtdo,612,nano_3e3j5tkog48pnny9dmfzj1r16pg8t1e76dz5tmac6iq689wyjfpiij4txtdo,2DDC06380832C186D22D53ECFE7910E53BA74CC3A7BAD152E3F0CC1DE9040C18,206248208316,206448780725,200572409,
rsnano,nano-serial,nano_3e3j5tkog48pnny9dmfzj1r16pg8t1e76dz5tmac6iq689wyjfpiij4txtdo,613,nano_3e3j5tkog48pnny9dmfzj1r16pg8t1e76dz5tmac6iq689wyjfpiij4txtdo,C2B4135E60AADE729817023E0221E342077EEE327D61FAAA524E4468B5960418,206448796401,206648947162,200150761,
rsnano,nano-serial,nano_3e3j5tkog48pnny9dmfzj1r16pg8t1e76dz5tmac6iq689wyjfpiij4txtdo,614,nano_3e3j5tkog48pnny9dmfzj1r16pg8t1e76dz5tmac6iq689wyjfpiij4txtdo,5BF15BC91F8E0E14D97CB10E555856710345406EE75172FDA3965D49C82E94CE,206648962067,206849320927,200358860,
rsnano,nano-serial,nano_3e3j5tkog48pnny9dmfzj1r16pg8t1e76dz5tmac6iq689wyjfpiij4txtdo,615,nano_3e3j5tkog48pnny9dmfzj1r16pg8t1e76dz5tmac6iq689wyjfpiij4txtdo,A0D9C2D5D5A7501941A03BED0E3E1FD46F9B95965EA3D9A52B4AF087971B1B8C,206849337311,207049589458,200252147,
rsnano,nano-serial,nano_3e3j5tkog48pnny9dmfzj1r16pg8t1e76dz5tmac6iq689wyjfpiij4txtdo,616,nano_3e3j5tkog48pnny9dmfzj1r16pg8t1e76dz5tmac6iq689wyjfpiij4txtdo,A104559A1FD92FC96A7448FAA05726B0695B6C07619338841646445CE64FB465,207049604430,207249874452,200270022,
rsnano,nano-serial,nano_3e3j5tkog48pnny9dmfzj1r16pg8t1e76dz5tmac6iq689wyjfpiij4txtdo,617,nano_3e3j5tkog48pnny9dmfzj1r16pg8t1e76dz5tmac6iq689wyjfpiij4txtdo,04B480FBEDFF78D2E4E6A348F51E0ECEEB97B9F316C1904E4AE25C6B4F75A856,207249888405,207450199471,200311066,
rsnano,nano-serial,nano_3e3j5tkog48pnny9dmfzj1r16pg8t1e76dz5tmac6iq689wyjfpiij4txtdo,618,nano_3e3j5tkog48pnny9dmfzj1r16pg8t1e76dz5tmac6iq689wyjfpiij4txtdo,683980735583A6DCBB71D1CD56B3E8CEECBA2F3AB2E984944AD21F003330B119,207450214711,207650500026,200285315,
rsnano,nano-serial,nano_3e3j5tkog48pnny9dmfzj1r16pg8t1e76dz5tmac6iq689wyjfpiij4txtdo,619,nano_3e3j5tkog48pnny9dmfzj1r16pg8t1e76dz5tmac6iq689wyjfpiij4txtdo,4B06AFB253F51C8A9D2D18C262D539F9EC4E8E0B993CC86E5B659ECBC31BA4B1,207650514231,207850803314,200289083,
rsnano,nano-serial,nano_3e3j5tkog48pnny9dmfzj1r16pg8t1e76dz5tmac6iq689wyjfpiij4txtdo,620,nano_3e3j5tkog48pnny9dmfzj1r16pg8t1e76dz5tmac6iq689wyjfpiij4txtdo,EB7625F551D3563F39AC1CB915926AD2D3119536232C700742A19C5FD093E813,207850817377,208051057193,200239816,
rsnano,nano-serial,nano_3e3j5tkog48pnny9dmfzj1r16pg8t1e76dz5tmac6iq689wyjfpiij4txtdo,621,nano_3e3j5tkog48pnny9dmfzj1r16pg8t1e76dz5tmac6iq689wyjfpiij4txtdo,5B126A76DDB837B7F40BD5DB01D860DE6BC3BEFB03F225332153A83526DB35A2,208051072402,208251465516,200393114,
rsnano,nano-serial,nano_3e3j5tkog48pnny9dmfzj1r16pg8t1e76dz5tmac6iq689wyjfpiij4txtdo,622,nano_3e3j5tkog48pnny9dmfzj1r16pg8t1e76dz5tmac6iq689wyjfpiij4txtdo,AA1E9DCD78838DEA4B2E1C4868CAE04CF54621582E9260EF0585196225A0CF05,208251481422,208451716789,200235367,
rsnano,nano-serial,nano_3e3j5tkog48pnny9dmfzj1r16pg8t1e76dz5tmac6iq689wyjfpiij4txtdo,623,nano_3e3j5tkog48pnny9dmfzj1r16pg8t1e76dz5tmac6iq689wyjfpiij4txtdo,4E5DF6D1B697296D4A1E3DC41198C734CD8E148F044EE27EDCA464E6467D3A22,208451730993,208652116736,200385743,
rsnano,nano-serial,nano_3e3j5tkog48pnny9dmfzj1r16pg8t1e76dz5tmac6iq689wyjfpiij4txtdo,624,nano_3e3j5tkog48pnny9dmfzj1r16pg8t1e76dz5tmac6iq689wyjfpiij4txtdo,71E64383E5EA83FD62BCD49111D211AC16BD5E49549F112A21AF5457FCD819A0,208652131269,208852411313,200280044,
rsnano,nano-serial,nano_3e3j5tkog48pnny9dmfzj1r16pg8t1e76dz5tmac6iq689wyjfpiij4txtdo,625,nano_3e3j5tkog48pnny9dmfzj1r16pg8t1e76dz5tmac6iq689wyjfpiij4txtdo,BF91D6276151627136BD49A6AEEF2964420912CCE25AFADAF34339AD5642D3C4,208852426750,209052698526,200271776,
rsnano,nano-serial,nano_3e3j5tkog48pnny9dmfzj1r16pg8t1e76dz5tmac6iq689wyjfpiij4txtdo,626,nano_3e3j5tkog48pnny9dmfzj1r16pg8t1e76dz5tmac6iq689wyjfpiij4txtdo,83F83748633F32B79630BAA22CD98A57EBA80B607C85C03EB22ED680DA38BD9F,209052713299,209252962012,200248713,
rsnano,nano-serial,nano_3e3j5tkog48pnny9dmfzj1r16pg8t1e76dz5tmac6iq689wyjfpiij4txtdo,627,nano_3e3j5tkog48pnny9dmfzj1r16pg8t1e76dz5tmac6iq689wyjfpiij4txtdo,4AF734D5D59517486CEEE8E5BE53FF974B02999433EECFE31A50022033B1B66A,209252977661,209453295323,200317662,
rsnano,nano-serial,nano_3e3j5tkog48pnny9dmfzj1r16pg8t1e76dz5tmac6iq689wyjfpiij4txtdo,628,nano_3e3j5tkog48pnny9dmfzj1r16pg8t1e76dz5tmac6iq689wyjfpiij4txtdo,9CE39614F067C305E8DFEE741B73344365CE9829A37457132A66EAA247368608,209453309815,209653634044,200324229,
rsnano,nano-serial,nano_3e3j5tkog48pnny9dmfzj1r16pg8t1e76dz5tmac6iq689wyjfpiij4txtdo,629,nano_3e3j5tkog48pnny9dmfzj1r16pg8t1e76dz5tmac6iq689wyjfpiij4txtdo,C6BE2194ACDB4288C2C89B7D460BD1B9AAA1ADAEF3B65352318C991459B4131C,209653649509,209853911175,200261666,
rsnano,nano-serial,nano_3e3j5tkog48pnny9dmfzj1r16pg8t1e76dz5tmac6iq689wyjfpiij4txtdo,630,nano_3e3j5tkog48pnny9dmfzj1r16pg8t1e76dz5tmac6iq689wyjfpiij4txtdo,44A9F87A1895ADBF7570C3B91887ABCCD8B4F2793DAA4EA25BC1DB7344E9E117,209853926868,210055455253,201528385,
rsnano,nano-serial,nano_3e3j5tkog48pnny9dmfzj1r16pg8t1e76dz5tmac6iq689wyjfpiij4txtdo,631,nano_3e3j5tkog48pnny9dmfzj1r16pg8t1e76dz5tmac6iq689wyjfpiij4txtdo,C442E86BDA1F9629EAE5D299CDD74194FB69FD0CC4E4A3249BAE0AD286376BBA,210055470151,210254586293,199116142,
rsnano,nano-serial,nano_3e3j5tkog48pnny9dmfzj1r16pg8t1e76dz5tmac6iq689wyjfpiij4txtdo,632,nano_3e3j5tkog48pnny9dmfzj1r16pg8t1e76dz5tmac6iq689wyjfpiij4txtdo,194758CECE98F0F11F0B014890CF092D57D821E5F268699A50C0AEFAEED69150,210254600557,210454973647,200373090,
rsnano,nano-serial,nano_3e3j5tkog48pnny9dmfzj1r16pg8t1e76dz5tmac6iq689wyjfpiij4txtdo,633,nano_3e3j5tkog48pnny9dmfzj1r16pg8t1e76dz5tmac6iq689wyjfpiij4txtdo,60F17B63AF4BD62B8CFE0689E16D368EBBA147E6617166E18B578C410129D70E,210454988444,210655199075,200210631,
rsnano,nano-serial,nano_3e3j5tkog48pnny9dmfzj1r16pg8t1e76dz5tmac6iq689wyjfpiij4txtdo,634,nano_3e3j5tkog48pnny9dmfzj1r16pg8t1e76dz5tmac6iq689wyjfpiij4txtdo,0D72609C908C6712D8D8BACEC5828C76DD589C43FDCFF979BCBA99EEBFA885C6,210655213905,210855632069,200418164,
rsnano,nano-serial,nano_3e3j5tkog48pnny9dmfzj1r16pg8t1e76dz5tmac6iq689wyjfpiij4txtdo,635,nano_3e3j5tkog48pnny9dmfzj1r16pg8t1e76dz5tmac6iq689wyjfpiij4txtdo,F94D5C81001E740699A259C53CE3B366EB5CEA2E4A1096CD28054D7A7055FE23,210855647522,211055836549,200189027,
rsnano,nano-serial,nano_3e3j5tkog48pnny9dmfzj1r16pg8t1e76dz5tmac6iq689wyjfpiij4txtdo,636,nano_3e3j5tkog48pnny9dmfzj1r16pg8t1e76dz5tmac6iq689wyjfpiij4txtdo,95F47982324538E75E1405AFC1901417BA93D8DB255EFB615D2CD308262B5279,211055853125,211256115113,200261988,
rsnano,nano-serial,nano_3e3j5tkog48pnny9dmfzj1r16pg8t1e76dz5tmac6iq689wyjfpiij4txtdo,637,nano_3e3j5tkog48pnny9dmfzj1r16pg8t1e76dz5tmac6iq689wyjfpiij4txtdo,A80781D6A08464F0C1F6ADC378C3409283F7E8F184835489FE5A62A73550010D,211256131310,211456427672,200296362,
rsnano,nano-serial,nano_3e3j5tkog48pnny9dmfzj1r16pg8t1e76dz5tmac6iq689wyjfpiij4txtdo,638,nano_3e3j5tkog48pnny9dmfzj1r16pg8t1e76dz5tmac6iq689wyjfpiij4txtdo,8645E253061688ECAD535970A30DBE6E415B3E0CDB862493F54D5A1265DA5802,211456443873,211656900156,200456283,
rsnano,nano-serial,nano_3e3j5tkog48pnny9dmfzj1r16pg8t1e76dz5tmac6iq689wyjfpiij4txtdo,639,nano_3e3j5tkog48pnny9dmfzj1r16pg8t1e76dz5tmac6iq689wyjfpiij4txtdo,665338EFA8649CA24333DEA272D1BBD43B8393F71C0463A26DDAB8B13B4E69ED,211656935222,211857102312,200167090,
rsnano,nano-serial,nano_3e3j5tkog48pnny9dmfzj1r16pg8t1e76dz5tmac6iq689wyjfpiij4txtdo,640,nano_3e3j5tkog48pnny9dmfzj1r16pg8t1e76dz5tmac6iq689wyjfpiij4txtdo,9F26AF11E861F47EAD080720EEE11E18D437AEF3C8C387F72F4218215A0D66B0,211857120371,212057377066,200256695,
rsnano,nano-serial,nano_3e3j5tkog48pnny9dmfzj1r16pg8t1e76dz5tmac6iq689wyjfpiij4txtdo,641,nano_3e3j5tkog48pnny9dmfzj1r16pg8t1e76dz5tmac6iq689wyjfpiij4txtdo,158D67A5A5F30C5B9C736B80FBC775C4D02F49B2DE5202B3A3BF2E9AFF10AF91,212057434665,212265545349,208110684,
rsnano,nano-serial,nano_3e3j5tkog48pnny9dmfzj1r16pg8t1e76dz5tmac6iq689wyjfpiij4txtdo,642,nano_3e3j5tkog48pnny9dmfzj1r16pg8t1e76dz5tmac6iq689wyjfpiij4txtdo,F8952305B4C53020F5A31E5320BCED3FE1E751943439B0672A74F38BC3DABB7A,212265551615,212459849983,194298368,
rsnano,nano-serial,nano_3e3j5tkog48pnny9dmfzj1r16pg8t1e76dz5tmac6iq689wyjfpiij4txtdo,643,nano_3e3j5tkog48pnny9dmfzj1r16pg8t1e76dz5tmac6iq689wyjfpiij4txtdo,3F14E0A072EAC2038807EC48B917AC424AF5B4047236FD6E45F4C9348CB87E8F,212459855435,212658296308,198440873,
rsnano,nano-serial,nano_3e3j5tkog48pnny9dmfzj1r16pg8t1e76dz5tmac6iq689wyjfpiij4txtdo,644,nano_3e3j5tkog48pnny9dmfzj1r16pg8t1e76dz5tmac6iq689wyjfpiij4txtdo,EC0F3E3555D30DD95F22F24DFC98EA9E67B5D21D929A2E167790ED9046A24069,212658319492,212859839151,201519659,
rsnano,nano-serial,nano_3e3j5tkog48pnny9dmfzj1r16pg8t1e76dz5tmac6iq689wyjfpiij4txtdo,645,nano_3e3j5tkog48pnny9dmfzj1r16pg8t1e76dz5tmac6iq689wyjfpiij4txtdo,5EBBB52CB5C0C0EECB977745E2584A3620725EDD277414185ECE06C05860C6CB,212859845154,213059091867,199246713,
rsnano,nano-serial,nano_3e3j5tkog48pnny9dmfzj1r16pg8t1e76dz5tmac6iq689wyjfpiij4txtdo,646,nano_3e3j5tkog48pnny9dmfzj1r16pg8t1e76dz5tmac6iq689wyjfpiij4txtdo,42941E727A10586FFB2FDB399FA7135E5EFD82727023DB9CD15EF3B9DBDC8018,213059097490,213259193980,200096490,
rsnano,nano-serial,nano_3e3j5tkog48pnny9dmfzj1r16pg8t1e76dz5tmac6iq689wyjfpiij4txtdo,647,nano_3e3j5tkog48pnny9dmfzj1r16pg8t1e76dz5tmac6iq689wyjfpiij4txtdo,5A85BE636132E2FE9EE30DEB593A3F8E6E9186080D88FE31EFDDDAEBE303EED2,213259199373,213459574829,200375456,
rsnano,nano-serial,nano_3e3j5tkog48pnny9dmfzj1r16pg8t1e76dz5tmac6iq689wyjfpiij4txtdo,648,nano_3e3j5tkog48pnny9dmfzj1r16pg8t1e76dz5tmac6iq689wyjfpiij4txtdo,68C587675E90FEA3E2105D0D95ACBC3D13F8DF0C4026F7AEC3D8F13BE8128184,213459580609,213659889918,200309309,
rsnano,nano-serial,nano_3e3j5tkog48pnny9dmfzj1r16pg8t1e76dz5tmac6iq689wyjfpiij4txtdo,649,nano_3e3j5tkog48pnny9dmfzj1r16pg8t1e76dz5tmac6iq689wyjfpiij4txtdo,845918241CFF2CDB3C4C10E34B7AFFE00C47A12466EE1FAFEDB1E1B54CA04140,213659895490,213860063210,200167720,
rsnano,nano-serial,nano_3e3j5tkog48pnny9dmfzj1r16pg8t1e76dz5tmac6iq689wyjfpiij4txtdo,650,nano_3e3j5tkog48pnny9dmfzj1r16pg8t1e76dz5tmac6iq689wyjfpiij4txtdo,E3D917CFF1032266EF3CA068EA6BC9F6C06FB66B3313266D49275CEF16B80F35,213860068955,214060530234,200461279,
rsnano,nano-serial,nano_3e3j5tkog48pnny9dmfzj1r16pg8t1e76dz5tmac6iq689wyjfpiij4txtdo,651,nano_3e3j5tkog48pnny9dmfzj1r16pg8t1e76dz5tmac6iq689wyjfpiij4txtdo,72F6EFCDC480FE1992BE41543AA92550E1E2472BD117A6E6BD7A39E5FFC52090,214060536048,214260989096,200453048,
rsnano,nano-serial,nano_3e3j5tkog48pnny9dmfzj1r16pg8t1e76dz5tmac6iq689wyjfpiij4txtdo,652,nano_3e3j5tkog48pnny9dmfzj1r16pg8t1e76dz5tmac6iq689wyjfpiij4txtdo,4F0D67723456E83AF512657A24EE66299D61A5691264D477B3398250639CB621,214260994931,214461280733,200285802,
rsnano,nano-serial,nano_3e3j5tkog48pnny9dmfzj1r16pg8t1e76dz5tmac6iq689wyjfpiij4txtdo,653,nano_3e3j5tkog48pnny9dmfzj1r16pg8t1e76dz5tmac6iq689wyjfpiij4txtdo,9C9FD5A988F10E3680A80A57FA1F12B6723AAB44917078F64E066C033FC3163B,214461285581,214661398246,200112665,
rsnano,nano-serial,nano_3e3j5tkog48pnny9dmfzj1r16pg8t1e76dz5tmac6iq689wyjfpiij4txtdo,654,nano_3e3j5tkog48pnny9dmfzj1r16pg8t1e76dz5tmac6iq689wyjfpiij4txtdo,442EB93C4F6B646C263A87C2DE52558707E5B5DB82E6A5354FDEF26F5F126056,214661404127,214861665451,200261324,
rsnano,nano-serial,nano_3e3j5tkog48pnny9dmfzj1r16pg8t1e76dz5tmac6iq689wyjfpiij4txtdo,655,nano_3e3j5tkog48pnny9dmfzj1r16pg8t1e76dz5tmac6iq689wyjfpiij4txtdo,8ED69567F3254AA1BC224C5FE818291FE9E82CEB43EBC64FECED8BC213AD70DD,214861670630,215061992023,200321393,
rsnano,nano-serial,nano_3e3j5tkog48pnny9dmfzj1r16pg8t1e76dz5tmac6iq689wyjfpiij4txtdo,656,nano_3e3j5tkog48pnny9dmfzj1r16pg8t1e76dz5tmac6iq689wyjfpiij4txtdo,5549943C9F1913778C8EBC82F7696081F372BF561BA462805AE93CB612387BAC,215061997853,215262327890,200330037,
rsnano,nano-serial,nano_3e3j5tkog48pnny9dmfzj1r16pg8t1e76dz5tmac6iq689wyjfpiij4txtdo,657,nano_3e3j5tkog48pnny9dmfzj1r16pg8t1e76dz5tmac6iq689wyjfpiij4txtdo,AC5F728EA995D274F6C0FCB60E1D28382740657F672806FE2C990159CF3B9CD6,215262333557,215462511039,200177482,
rsnano,nano-serial,nano_3e3j5tkog48pnny9dmfzj1r16pg8t1e76dz5tmac6iq689wyjfpiij4txtdo,658,nano_3e3j5tkog48pnny9dmfzj1r16pg8t1e76dz5tmac6iq689wyjfpiij4txtdo,E6F569A2CEDF5501E1F9539F8C99BA942CEB2614D4D8DA8FCE419C848F989401,215462516290,215662970832,200454542,
rsnano,nano-serial,nano_3e3j5tkog48pnny9dmfzj1r16pg8t1e76dz5tmac6iq689wyjfpiij4txtdo,659,nano_3e3j5tkog48pnny9dmfzj1r16pg8t1e76dz5tmac6iq689wyjfpiij4txtdo,DE425D0C73698ED044BC9030660A3A111807ED6509386889662698CFB1DD6654,215662976155,215863171618,200195463,
rsnano,nano-serial,nano_3e3j5tkog48pnny9dmfzj1r16pg8t1e76dz5tmac6iq689wyjfpiij4txtdo,660,nano_3e3j5tkog48pnny9dmfzj1r16pg8t1e76dz5tmac6iq689wyjfpiij4txtdo,63ADF0350EEB395D85096FD7B11395D541F7460AC89A38082DF25A4911C6F501,215863177789,216063832730,200654941,
rsnano,nano-serial,nano_3e3j5tkog48pnny9dmfzj1r16pg8t1e76dz5tmac6iq689wyjfpiij4txtdo,661,nano_3e3j5tkog48pnny9dmfzj1r16pg8t1e76dz5tmac6iq689wyjfpiij4txtdo,76A75961C2A9CAA53BBE77ADD3EB65EE34F085F5C2B69F14F16C41DAB7094D76,216063838389,216263923382,200084993,
rsnano,nano-serial,nano_3e3j5tkog48pnny9dmfzj1r16pg8t1e76dz5tmac6iq689wyjfpiij4txtdo,662,nano_3e3j5tkog48pnny9dmfzj1r16pg8t1e76dz5tmac6iq689wyjfpiij4txtdo,23AAF7CAC899116B57A568F76EB28FE0626FEB7714A9F7F478157F9161D0EB48,216263928687,216464086051,200157364,
rsnano,nano-serial,nano_3e3j5tkog48pnny9dmfzj1r16pg8t1e76dz5tmac6iq689wyjfpiij4txtdo,663,nano_3e3j5tkog48pnny9dmfzj1r16pg8t1e76dz5tmac6iq689wyjfpiij4txtdo,F4E9B11A932924A5A6C88DF546BD0E69967AF8E3E4DC857B0DBDAFBFE8984CB5,216464091430,216664378124,200286694,
rsnano,nano-serial,nano_3e3j5tkog48pnny9dmfzj1r16pg8t1e76dz5tmac6iq689wyjfpiij4txtdo,664,nano_3e3j5tkog48pnny9dmfzj1r16pg8t1e76dz5tmac6iq689wyjfpiij4txtdo,F75F75B296695A840C3DFF514EA080BF98E4ACA9C9076C5BCF3A97FAEC56E971,216664383560,216864982656,200599096,
rsnano,nano-serial,nano_3e3j5tkog48pnny9dmfzj1r16pg8t1e76dz5tmac6iq689wyjfpiij4txtdo,665,nano_3e3j5tkog48pnny9dmfzj1r16pg8t1e76dz5tmac6iq689wyjfpiij4txtdo,1CBD1016A76C763C2A93A068443B93683B8CFF168B7D642659F5B481524E57F4,216864988576,217064975019,199986443,
rsnano,nano-serial,nano_3e3j5tkog48pnny9dmfzj1r16pg8t1e76dz5tmac6iq689wyjfpiij4txtdo,666,nano_3e3j5tkog48pnny9dmfzj1r16pg8t1e76dz5tmac6iq689wyjfpiij4txtdo,460C38CC000E3F32992747A5478FC93C18D137C51A50F0AA4220863F421F1909,217064980446,217265486551,200506105,
rsnano,nano-serial,nano_3e3j5tkog48pnny9dmfzj1r16pg8t1e76dz5tmac6iq689wyjfpiij4txtdo,667,nano_3e3j5tkog48pnny9dmfzj1r16pg8t1e76dz5tmac6iq689wyjfpiij4txtdo,6D5EAB4052DF2C7E46685D2D1E1D33B57AB038C147D842918058C98EDD27A0EE,217265492368,217468272290,202779922,
rsnano,nano-serial,nano_3e3j5tkog48pnny9dmfzj1r16pg8t1e76dz5tmac6iq689wyjfpiij4txtdo,668,nano_3e3j5tkog48pnny9dmfzj1r16pg8t1e76dz5tmac6iq689wyjfpiij4txtdo,BC807D6CBC912AA46DE46B76EC1A202F20B87D95CCB8D9CE9B0F36BB07DFA89D,217468278039,217679462523,211184484,
rsnano,nano-serial,nano_3e3j5tkog48pnny9dmfzj1r16pg8t1e76dz5tmac6iq689wyjfpiij4txtdo,669,nano_3e3j5tkog48pnny9dmfzj1r16pg8t1e76dz5tmac6iq689wyjfpiij4txtdo,F25EC0C2617CFB24640E9D424093AACB20950936B00473C7CB8D0F3A3262C003,217679468344,217866336681,186868337,
rsnano,nano-serial,nano_3e3j5tkog48pnny9dmfzj1r16pg8t1e76dz5tmac6iq689wyjfpiij4txtdo,670,nano_3e3j5tkog48pnny9dmfzj1r16pg8t1e76dz5tmac6iq689wyjfpiij4txtdo,CA8BE9B96BF62792D8498A921D22C630B86B3FD769D9A2AF2AD42159F6128D9C,217866342133,218066374813,200032680,
rsnano,nano-serial,nano_3e3j5tkog48pnny9dmfzj1r16pg8t1e76dz5tmac6iq689wyjfpiij4txtdo,671,nano_3e3j5tkog48pnny9dmfzj1r16pg8t1e76dz5tmac6iq689wyjfpiij4txtdo,ADDCD336BE6EE9B6B382C2E7594ECB370735ABBE26576A03A6E9950E3B726921,218066380695,218266804154,200423459,
rsnano,nano-serial,nano_3e3j5tkog48pnny9dmfzj1r16pg8t1e76dz5tmac6iq689wyjfpiij4txtdo,672,nano_3e3j5tkog48pnny9dmfzj1r16pg8t1e76dz5tmac6iq689wyjfpiij4txtdo,52C3221146C3B288028FB926CD95AE6D9EAA110164CD4E01CBF23879B53C640F,218266809356,218467032874,200223518,
rsnano,nano-serial,nano_3e3j5tkog48pnny9dmfzj1r16pg8t1e76dz5tmac6iq689wyjfpiij4txtdo,673,nano_3e3j5tkog48pnny9dmfzj1r16pg8t1e76dz5tmac6iq689wyjfpiij4txtdo,58F3D06A385920BF83F39BA98AB5C36A36C2D78415E0F125666D4E1F88B96CEE,218467038357,218667255574,200217217,
rsnano,nano-serial,nano_3e3j5tkog48pnny9dmfzj1r16pg8t1e76dz5tmac6iq689wyjfpiij4txtdo,674,nano_3e3j5tkog48pnny9dmfzj1r16pg8t1e76dz5tmac6iq689wyjfpiij4txtdo,FC030E8806F1E98485082530666FAEB88DAD5CC275D9B3F4CD9F0C2EDFC3E628,218667260887,218867670283,200409396,
rsnano,nano-serial,nano_3e3j5tkog48pnny9dmfzj1r16pg8t1e76dz5tmac6iq689wyjfpiij4txtdo,675,nano_3e3j5tkog48pnny9dmfzj1r16pg8t1e76dz5tmac6iq689wyjfpiij4txtdo,9BF82783C6A02B94DB2D916C9F9555C40C8073678F9923AB6F1D5F10DE52C074,218867675652,219067866492,200190840,
rsnano,nano-serial,nano_3e3j5tkog48pnny9dmfzj1r16pg8t1e76dz5tmac6iq689wyjfpiij4txtdo,676,nano_3e3j5tkog48pnny9dmfzj1r16pg8t1e76dz5tmac6iq689wyjfpiij4txtdo,4C647F5C7373976A8D5D609AC336C7CCE1CD568EB2070BF617A85C641F42C5D7,219067871794,219268411005,200539211,
rsnano,nano-serial,nano_3e3j5tkog48pnny9dmfzj1r16pg8t1e76dz5tmac6iq689wyjfpiij4txtdo,677,nano_3e3j5tkog48pnny9dmfzj1r16pg8t1e76dz5tmac6iq689wyjfpiij4txtdo,A561609F44D91A4EB4EC85147C45B7D8285A7E4AD007513D289BB005269829E8,219268416205,219468636867,200220662,
rsnano,nano-serial,nano_3e3j5tkog48pnny9dmfzj1r16pg8t1e76dz5tmac6iq689wyjfpiij4txtdo,678,nano_3e3j5tkog48pnny9dmfzj1r16pg8t1e76dz5tmac6iq689wyjfpiij4txtdo,0E9D652027A683FC8551381FD4B76A62B29DE4F337E4ED107F1069A06D0FD0A4,219468642500,219669028792,200386292,
rsnano,nano-serial,nano_3e3j5tkog48pnny9dmfzj1r16pg8t1e76dz5tmac6iq689wyjfpiij4txtdo,679,nano_3e3j5tkog48pnny9dmfzj1r16pg8t1e76dz5tmac6iq689wyjfpiij4txtdo,D8808275A6CF3EBFB87173088F32FB02EB2CE9CFD404274FB80DFCF1335FCD62,219669036224,219869167587,200131363,
rsnano,nano-serial,nano_3e3j5tkog48pnny9dmfzj1r16pg8t1e76dz5tmac6iq689wyjfpiij4txtdo,680,nano_3e3j5tkog48pnny9dmfzj1r16pg8t1e76dz5tmac6iq689wyjfpiij4txtdo,A21A444355002337DBB8BFF8CB85B379F220A7068B496FEA810C50948C4C78B0,219869172842,220069470971,200298129,
rsnano,nano-serial,nano_3e3j5tkog48pnny9dmfzj1r16pg8t1e76dz5tmac6iq689wyjfpiij4txtdo,681,nano_3e3j5tkog48pnny9dmfzj1r16pg8t1e76dz5tmac6iq689wyjfpiij4txtdo,2D9B975DEEA137FF975B1BC68AD7D11314C722D7124FBE2F7755E225CE048A9D,220069476844,220269818989,200342145,
rsnano,nano-serial,nano_3e3j5tkog48pnny9dmfzj1r16pg8t1e76dz5tmac6iq689wyjfpiij4txtdo,682,nano_3e3j5tkog48pnny9dmfzj1r16pg8t1e76dz5tmac6iq689wyjfpiij4txtdo,A40A6652D5F37E8F3D5365AE525288F7CD5A33B368CCD08C271D22E09582C97D,220269823764,220469888975,200065211,
rsnano,nano-serial,nano_3e3j5tkog48pnny9dmfzj1r16pg8t1e76dz5tmac6iq689wyjfpiij4txtdo,683,nano_3e3j5tkog48pnny9dmfzj1r16pg8t1e76dz5tmac6iq689wyjfpiij4txtdo,08A88C16DE781E8EFBBF7488215842EAB317B2C60EFB91BC797172A2BC9BF2BA,220469894416,220670227062,200332646,
rsnano,nano-serial,nano_3e3j5tkog48pnny9dmfzj1r16pg8t1e76dz5tmac6iq689wyjfpiij4txtdo,684,nano_3e3j5tkog48pnny9dmfzj1r16pg8t1e76dz5tmac6iq689wyjfpiij4txtdo,86CFCBE51EFA96FAEFFD70D633013DB4CBE2DE54EB025CDB382A31769966C279,220670232587,220870555640,200323053,
rsnano,nano-serial,nano_3e3j5tkog48pnny9dmfzj1r16pg8t1e76dz5tmac6iq689wyjfpiij4txtdo,685,nano_3e3j5tkog48pnny9dmfzj1r16pg8t1e76dz5tmac6iq689wyjfpiij4txtdo,C956057F2E2E67BD77C5AE11B4264299E2DCAFAB4CF8D36BF34D98754418B82D,220870561131,221070806798,200245667,
rsnano,nano-serial,nano_3e3j5tkog48pnny9dmfzj1r16pg8t1e76dz5tmac6iq689wyjfpiij4txtdo,686,nano_3e3j5tkog48pnny9dmfzj1r16pg8t1e76dz5tmac6iq689wyjfpiij4txtdo,6C0A346DA71DF1A55B4448275C1209CA75074139534298DE52F1DDCAEE7A977C,221070812202,221271155717,200343515,
rsnano,nano-serial,nano_3e3j5tkog48pnny9dmfzj1r16pg8t1e76dz5tmac6iq689wyjfpiij4txtdo,687,nano_3e3j5tkog48pnny9dmfzj1r16pg8t1e76dz5tmac6iq689wyjfpiij4txtdo,095F336B2AF9123A6F59C97E2C2F145679BC415AD0678DC4DD7C7EF8E6B457E6,221271162981,221471351728,200188747,
rsnano,nano-serial,nano_3e3j5tkog48pnny9dmfzj1r16pg8t1e76dz5tmac6iq689wyjfpiij4txtdo,688,nano_3e3j5tkog48pnny9dmfzj1r16pg8t1e76dz5tmac6iq689wyjfpiij4txtdo,C446EAC0604F2D4E2EC492CF5EFF1032F9C2BEF00520733A404359857082297D,221471357644,221671858622,200500978,
rsnano,nano-serial,nano_3e3j5tkog48pnny9dmfzj1r16pg8t1e76dz5tmac6iq689wyjfpiij4txtdo,689,nano_3e3j5tkog48pnny9dmfzj1r16pg8t1e76dz5tmac6iq689wyjfpiij4txtdo,67952819DF2860817AA311E2B6A37D21C393E4A193E275E3504DE110915770DE,221671863922,221872043967,200180045,
rsnano,nano-serial,nano_3e3j5tkog48pnny9dmfzj1r16pg8t1e76dz5tmac6iq689wyjfpiij4txtdo,690,nano_3e3j5tkog48pnny9dmfzj1r16pg8t1e76dz5tmac6iq689wyjfpiij4txtdo,F3B335BC9A603A93F42B172153123324CF6C0F861FAC86F3F6DEBB8F58DF0454,221872049191,222072262483,200213292,
rsnano,nano-serial,nano_3e3j5tkog48pnny9dmfzj1r16pg8t1e76dz5tmac6iq689wyjfpiij4txtdo,691,nano_3e3j5tkog48pnny9dmfzj1r16pg8t1e76dz5tmac6iq689wyjfpiij4txtdo,A84E1B95272BC141A0C7542F0AB1126395A77B3CFF9403C69BACF6DA5469F1C0,222072268658,222273459361,201190703,
rsnano,nano-serial,nano_3e3j5tkog48pnny9dmfzj1r16pg8t1e76dz5tmac6iq689wyjfpiij4txtdo,692,nano_3e3j5tkog48pnny9dmfzj1r16pg8t1e76dz5tmac6iq689wyjfpiij4txtdo,6A5D6BC182526E3A022612B8BAD797222581BE5F53874B8E1EB5EADA0EC78652,222273464895,222474696091,201231196,
rsnano,nano-serial,nano_3e3j5tkog48pnny9dmfzj1r16pg8t1e76dz5tmac6iq689wyjfpiij4txtdo,693,nano_3e3j5tkog48pnny9dmfzj1r16pg8t1e76dz5tmac6iq689wyjfpiij4txtdo,34D0445A85FC767A24418C1F99DF7C216C427403F3EC2C21E02E8A9EA3D5F987,222474702104,222799158924,324456820,
rsnano,nano-serial,nano_3e3j5tkog48pnny9dmfzj1r16pg8t1e76dz5tmac6iq689wyjfpiij4txtdo,694,nano_3e3j5tkog48pnny9dmfzj1r16pg8t1e76dz5tmac6iq689wyjfpiij4txtdo,843CDFD2905E76724E5741B41989403FC0CFA2329E2E2EB31C7EC2EEB3227D9B,222799164909,222973563607,174398698,
rsnano,nano-serial,nano_3e3j5tkog48pnny9dmfzj1r16pg8t1e76dz5tmac6iq689wyjfpiij4txtdo,695,nano_3e3j5tkog48pnny9dmfzj1r16pg8t1e76dz5tmac6iq689wyjfpiij4txtdo,337A4C6745B4EF093414C665E0A64B46C11E2C898CF0C388BC7678CEE05518E1,222973569036,223173914006,200344970,
rsnano,nano-serial,nano_3e3j5tkog48pnny9dmfzj1r16pg8t1e76dz5tmac6iq689wyjfpiij4txtdo,696,nano_3e3j5tkog48pnny9dmfzj1r16pg8t1e76dz5tmac6iq689wyjfpiij4txtdo,163A4AB6D17255BD21CAC9427FC1B7B07C94DAE4FEE92836CC4C42CC0C183A57,223173919674,223374182114,200262440,
rsnano,nano-serial,nano_3e3j5tkog48pnny9dmfzj1r16pg8t1e76dz5tmac6iq689wyjfpiij4txtdo,697,nano_3e3j5tkog48pnny9dmfzj1r16pg8t1e76dz5tmac6iq689wyjfpiij4txtdo,9FDF537709355D40065901DF6112D5CC21ECC3E5F0EE808E84E944A48CAD3283,223374187114,223576333295,202146181,
rsnano,nano-serial,nano_3e3j5tkog48pnny9dmfzj1r16pg8t1e76dz5tmac6iq689wyjfpiij4txtdo,698,nano_3e3j5tkog48pnny9dmfzj1r16pg8t1e76dz5tmac6iq689wyjfpiij4txtdo,EFCF36516965734D10A788211E7763035019ECC1119382C8372E62F5803A4E6D,223576338710,223774831368,198492658,
rsnano,nano-serial,nano_3e3j5tkog48pnny9dmfzj1r16pg8t1e76dz5tmac6iq689wyjfpiij4txtdo,699,nano_3e3j5tkog48pnny9dmfzj1r16pg8t1e76dz5tmac6iq689wyjfpiij4txtdo,B4E40CF7B8D84307D5E6EFA8B3D49C765E16B3FDF620BA89627DEE4D28BD1685,223774837048,223975396553,200559505,
rsnano,nano-serial,nano_3e3j5tkog48pnny9dmfzj1r16pg8t1e76dz5tmac6iq689wyjfpiij4txtdo,700,nano_3e3j5tkog48pnny9dmfzj1r16pg8t1e76dz5tmac6iq689wyjfpiij4txtdo,90842089AFE1854CC50E4D56AB916A9B76C4046FA4AD2C1BC9AA316A92A7D088,223975401592,224175808165,200406573,
rsnano,nano-serial,nano_3e3j5tkog48pnny9dmfzj1r16pg8t1e76dz5tmac6iq689wyjfpiij4txtdo,701,nano_3e3j5tkog48pnny9dmfzj1r16pg8t1e76dz5tmac6iq689wyjfpiij4txtdo,EEC9FDB57013B240AF63214453E24523AD144F1A3FC7328F61DEF2CD9C20EEC7,224175814054,224376102195,200288141,
rsnano,nano-serial,nano_3e3j5tkog48pnny9dmfzj1r16pg8t1e76dz5tmac6iq689wyjfpiij4txtdo,702,nano_3e3j5tkog48pnny9dmfzj1r16pg8t1e76dz5tmac6iq689wyjfpiij4txtdo,422C4B4930397BE7A3E0DDF1E45EF4C9FD0347B672393A1F2752F1B2246EC01B,224376108265,224576401606,200293341,
rsnano,nano-serial,nano_3e3j5tkog48pnny9dmfzj1r16pg8t1e76dz5tmac6iq689wyjfpiij4txtdo,703,nano_3e3j5tkog48pnny9dmfzj1r16pg8t1e76dz5tmac6iq689wyjfpiij4txtdo,BBB738BD0DFB8ABE6AB27B069D3A1B3067DA982A47CBFA18F041ACAEF88527E1,224576410548,224776730546,200319998,
rsnano,nano-serial,nano_3e3j5tkog48pnny9dmfzj1r16pg8t1e76dz5tmac6iq689wyjfpiij4txtdo,704,nano_3e3j5tkog48pnny9dmfzj1r16pg8t1e76dz5tmac6iq689wyjfpiij4txtdo,AFD4EF48CC57E9ADA490104E4F08FA794E9888119B21CB03C3722CBDD8340CE2,224776742092,224976983457,200241365,
rsnano,nano-serial,nano_3e3j5tkog48pnny9dmfzj1r16pg8t1e76dz5tmac6iq689wyjfpiij4txtdo,705,nano_3e3j5tkog48pnny9dmfzj1r16pg8t1e76dz5tmac6iq689wyjfpiij4txtdo,C089EB41F14586B65D4C9413B473B996961C54EE673B37D5E6526762E637BB85,224976988977,225177199594,200210617,
rsnano,nano-serial,nano_3e3j5tkog48pnny9dmfzj1r16pg8t1e76dz5tmac6iq689wyjfpiij4txtdo,706,nano_3e3j5tkog48pnny9dmfzj1r16pg8t1e76dz5tmac6iq689wyjfpiij4txtdo,8BE821A2FCB8E13BE0541DA098E1B737993BE509749414CF0D57B9F14046BBD5,225177204846,225377430749,200225903,
rsnano,nano-serial,nano_3e3j5tkog48pnny9dmfzj1r16pg8t1e76dz5tmac6iq689wyjfpiij4txtdo,707,nano_3e3j5tkog48pnny9dmfzj1r16pg8t1e76dz5tmac6iq689wyjfpiij4txtdo,7664677580A4E3BA6E529026919F9DD96232F4B6BA6405239EBB118505499886,225377436166,225577889918,200453752,
rsnano,nano-serial,nano_3e3j5tkog48pnny9dmfzj1r16pg8t1e76dz5tmac6iq689wyjfpiij4txtdo,708,nano_3e3j5tkog48pnny9dmfzj1r16pg8t1e76dz5tmac6iq689wyjfpiij4txtdo,186BE3F5E08D8D3E3C80208AFE76E54DAFD27F651108F3F9780801D3E8BF5F78,225577896464,225778104412,200207948,
rsnano,nano-serial,nano_3e3j5tkog48pnny9dmfzj1r16pg8t1e76dz5tmac6iq689wyjfpiij4txtdo,709,nano_3e3j5tkog48pnny9dmfzj1r16pg8t1e76dz5tmac6iq689wyjfpiij4txtdo,3A512BC0D1B4DDC59C72157AF9ABA610AA623281820C0A62D301A643B6BA10C6,225778110218,225978304484,200194266,
rsnano,nano-serial,nano_3e3j5tkog48pnny9dmfzj1r16pg8t1e76dz5tmac6iq689wyjfpiij4txtdo,710,nano_3e3j5tkog48pnny9dmfzj1r16pg8t1e76dz5tmac6iq689wyjfpiij4txtdo,9074F69663CA1A57C54D86C64F08A01406F065451E83F5CD139A06CC845DC258,225978310541,226178646149,200335608,
rsnano,nano-serial,nano_3e3j5tkog48pnny9dmfzj1r16pg8t1e76dz5tmac6iq689wyjfpiij4txtdo,711,nano_3e3j5tkog48pnny9dmfzj1r16pg8t1e76dz5tmac6iq689wyjfpiij4txtdo,019974701523925775DCC79DE1A732AA7C6CB64A1D379C3A202CCF10CCFE264C,226178651828,226379380113,200728285,
rsnano,nano-serial,nano_3e3j5tkog48pnny9dmfzj1r16pg8t1e76dz5tmac6iq689wyjfpiij4txtdo,712,nano_3e3j5tkog48pnny9dmfzj1r16pg8t1e76dz5tmac6iq689wyjfpiij4txtdo,819C426A4F5DEF0B02FCE01DFD8CE1076197D0A145C276BF1F57FE8BDCE8918E,226379385390,226579340088,199954698,
rsnano,nano-serial,nano_3e3j5tkog48pnny9dmfzj1r16pg8t1e76dz5tmac6iq689wyjfpiij4txtdo,713,nano_3e3j5tkog48pnny9dmfzj1r16pg8t1e76dz5tmac6iq689wyjfpiij4txtdo,5CF70BA30F78227677ED1CC74105BD69EF251290892253314EB5253F22E324D5,226579345632,226779437886,200092254,
rsnano,nano-serial,nano_3e3j5tkog48pnny9dmfzj1r16pg8t1e76dz5tmac6iq689wyjfpiij4txtdo,714,nano_3e3j5tkog48pnny9dmfzj1r16pg8t1e76dz5tmac6iq689wyjfpiij4txtdo,F038658DEB3C20D022F9E7AFD24E4B7AB2665C9C9392EBFDB99D00A943CE2447,226779442976,226980044130,200601154,
rsnano,nano-serial,nano_3e3j5tkog48pnny9dmfzj1r16pg8t1e76dz5tmac6iq689wyjfpiij4txtdo,715,nano_3e3j5tkog48pnny9dmfzj1r16pg8t1e76dz5tmac6iq689wyjfpiij4txtdo,1A5A63C6953DE16E946EADB5FBA629C7F030201FF23AFF2F8672F80DA3646F13,226980049560,227179895594,199846034,
rsnano,nano-serial,nano_3e3j5tkog48pnny9dmfzj1r16pg8t1e76dz5tmac6iq689wyjfpiij4txtdo,716,nano_3e3j5tkog48pnny9dmfzj1r16pg8t1e76dz5tmac6iq689wyjfpiij4txtdo,6B46E5AB38B0B7AA353220BDFB71F54443DD57D44DD1DB21F216FE1DB1DD28E1,227179901184,227380308725,200407541,
rsnano,nano-serial,nano_3e3j5tkog48pnny9dmfzj1r16pg8t1e76dz5tmac6iq689wyjfpiij4txtdo,717,nano_3e3j5tkog48pnny9dmfzj1r16pg8t1e76dz5tmac6iq689wyjfpiij4txtdo,36A3B9AC4B885D56D878BDFB3CA5200A33B5009194DD79445BDDDE73C29EF80B,227380314278,227580641907,200327629,
rsnano,nano-serial,nano_3e3j5tkog48pnny9dmfzj1r16pg8t1e76dz5tmac6iq689wyjfpiij4txtdo,718,nano_3e3j5tkog48pnny9dmfzj1r16pg8t1e76dz5tmac6iq689wyjfpiij4txtdo,6A365146113783D230E70470368CE01D3D77D2B24BAA40A616EEF3CD011CA282,227580648535,227781994961,201346426,
rsnano,nano-serial,nano_3e3j5tkog48pnny9dmfzj1r16pg8t1e76dz5tmac6iq689wyjfpiij4txtdo,719,nano_3e3j5tkog48pnny9dmfzj1r16pg8t1e76dz5tmac6iq689wyjfpiij4txtdo,C2E748F32BA30441CA251C786DF65FDB3E9FE2CA1B6B293B0520D84C52F5FAD9,227782024774,227981435609,199410835,
rsnano,nano-serial,nano_3e3j5tkog48pnny9dmfzj1r16pg8t1e76dz5tmac6iq689wyjfpiij4txtdo,720,nano_3e3j5tkog48pnny9dmfzj1r16pg8t1e76dz5tmac6iq689wyjfpiij4txtdo,763CDCA04F9FAC2E8D9DC7B2C0C3E29817961C7644ECECE066018EB2E2499970,227981441298,228181509249,200067951,
rsnano,nano-serial,nano_3e3j5tkog48pnny9dmfzj1r16pg8t1e76dz5tmac6iq689wyjfpiij4txtdo,721,nano_3e3j5tkog48pnny9dmfzj1r16pg8t1e76dz5tmac6iq689wyjfpiij4txtdo,3A5CA518B3E2747937F52ED115B95F3888EBBF5CA18F106B8C224B8E2714E639,228181514879,228381786747,200271868,
rsnano,nano-serial,nano_3e3j5tkog48pnny9dmfzj1r16pg8t1e76dz5tmac6iq689wyjfpiij4txtdo,722,nano_3e3j5tkog48pnny9dmfzj1r16pg8t1e76dz5tmac6iq689wyjfpiij4txtdo,A8540D47ED5C294FF93F64CD7EF4750D1D0ABD8E9818389C2FBFE9754594079F,228381791915,228581829190,200037275,
rsnano,nano-serial,nano_3e3j5tkog48pnny9dmfzj1r16pg8t1e76dz5tmac6iq689wyjfpiij4txtdo,723,nano_3e3j5tkog48pnny9dmfzj1r16pg8t1e76dz5tmac6iq689wyjfpiij4txtdo,9109FFE199984A35FC5A170A2DFCD69EE6ED9E6E3CC7355C05D87B2A1280A2AC,228581834903,228782253961,200419058,
rsnano,nano-serial,nano_3e3j5tkog48pnny9dmfzj1r16pg8t1e76dz5tmac6iq689wyjfpiij4txtdo,724,nano_3e3j5tkog48pnny9dmfzj1r16pg8t1e76dz5tmac6iq689wyjfpiij4txtdo,32AFF012A62A8BFC0FAAF4ECACE84CDED35576028A95A4C4058ED768E85764F3,228782259086,228982551675,200292589,
rsnano,nano-serial,nano_3e3j5tkog48pnny9dmfzj1r16pg8t1e76dz5tmac6iq689wyjfpiij4txtdo,725,nano_3e3j5tkog48pnny9dmfzj1r16pg8t1e76dz5tmac6iq689wyjfpiij4txtdo,F0C71CA0C55A472E7C4E1670D7F49871E702C381B9BF89FEA0915F2FEBD4623F,228982558853,229182975311,200416458,
rsnano,nano-serial,nano_3e3j5tkog48pnny9dmfzj1r16pg8t1e76dz5tmac6iq689wyjfpiij4txtdo,726,nano_3e3j5tkog48pnny9dmfzj1r16pg8t1e76dz5tmac6iq689wyjfpiij4txtdo,53551B0394BB51D2B89AE9EC2506F3320C11F3D348292C94B955925C94971359,229182980774,229383093434,200112660,
rsnano,nano-serial,nano_3e3j5tkog48pnny9dmfzj1r16pg8t1e76dz5tmac6iq689wyjfpiij4txtdo,727,nano_3e3j5tkog48pnny9dmfzj1r16pg8t1e76dz5tmac6iq689wyjfpiij4txtdo,B26B6161EF2C3536EB437DB60EAB52203158D707E30F8406E37595C32FB00580,229383098522,229583318408,200219886,
rsnano,nano-serial,nano_3e3j5tkog48pnny9dmfzj1r16pg8t1e76dz5tmac6iq689wyjfpiij4txtdo,728,nano_3e3j5tkog48pnny9dmfzj1r16pg8t1e76dz5tmac6iq689wyjfpiij4txtdo,C2D61EE9DFDB240246699988AE42B4737560B17EEC82268CBAD4B9BCA9220EEE,229583324091,229783688747,200364656,
rsnano,nano-serial,nano_3e3j5tkog48pnny9dmfzj1r16pg8t1e76dz5tmac6iq689wyjfpiij4txtdo,729,nano_3e3j5tkog48pnny9dmfzj1r16pg8t1e76dz5tmac6iq689wyjfpiij4txtdo,FEDABCB9F4944DE3FC9008569CB02FA5C80EC4BF640ADB2B02528740699A6960,229783694155,229983872246,200178091,
rsnano,nano-serial,nano_3e3j5tkog48pnny9dmfzj1r16pg8t1e76dz5tmac6iq689wyjfpiij4txtdo,730,nano_3e3j5tkog48pnny9dmfzj1r16pg8t1e76dz5tmac6iq689wyjfpiij4txtdo,246CE4CE6764C92258DD8EB153724C7460AA065A53790698A7FA2553A4555CBC,229983877659,230184108987,200231328,
rsnano,nano-serial,nano_3e3j5tkog48pnny9dmfzj1r16pg8t1e76dz5tmac6iq689wyjfpiij4txtdo,731,nano_3e3j5tkog48pnny9dmfzj1r16pg8t1e76dz5tmac6iq689wyjfpiij4txtdo,2F778C5FFA07229C503CD61F7EEDB1333CE9C40F2F82C4CC0FBBBBE230220E11,230184114265,230384347829,200233564,
rsnano,nano-serial,nano_3e3j5tkog48pnny9dmfzj1r16pg8t1e76dz5tmac6iq689wyjfpiij4txtdo,732,nano_3e3j5tkog48pnny9dmfzj1r16pg8t1e76dz5tmac6iq689wyjfpiij4txtdo,66303E7951FE994231FEE308E2DE5B345ED612232EC140EEB04DA90928EF7540,230384353087,230584726679,200373592,
rsnano,nano-serial,nano_3e3j5tkog48pnny9dmfzj1r16pg8t1e76dz5tmac6iq689wyjfpiij4txtdo,733,nano_3e3j5tkog48pnny9dmfzj1r16pg8t1e76dz5tmac6iq689wyjfpiij4txtdo,A49D9CE1DD676930C0BEB29E22EC128CF07D7F5A655E7AFE0243C69A57D5A475,230584732684,230784972482,200239798,
rsnano,nano-serial,nano_3e3j5tkog48pnny9dmfzj1r16pg8t1e76dz5tmac6iq689wyjfpiij4txtdo,734,nano_3e3j5tkog48pnny9dmfzj1r16pg8t1e76dz5tmac6iq689wyjfpiij4txtdo,D141486C13B1E9B6A0F8FB8E7ED64B22901F67EC888545F657E9D2F2B258BEB6,230784978215,230985279498,200301283,
rsnano,nano-serial,nano_3e3j5tkog48pnny9dmfzj1r16pg8t1e76dz5tmac6iq689wyjfpiij4txtdo,735,nano_3e3j5tkog48pnny9dmfzj1r16pg8t1e76dz5tmac6iq689wyjfpiij4txtdo,83DD92C6DD2467D636B137253F731DF08EC75D5AD4B5AF5878E00E6EF063A084,230985284279,231185638560,200354281,
rsnano,nano-serial,nano_3e3j5tkog48pnny9dmfzj1r16pg8t1e76dz5tmac6iq689wyjfpiij4txtdo,736,nano_3e3j5tkog48pnny9dmfzj1r16pg8t1e76dz5tmac6iq689wyjfpiij4txtdo,E7AF0F6644C83E005E4113748E4445D918F00D46F97BB753F5E452E21857D28E,231185644005,231385845728,200201723,
rsnano,nano-serial,nano_3e3j5tkog48pnny9dmfzj1r16pg8t1e76dz5tmac6iq689wyjfpiij4txtdo,737,nano_3e3j5tkog48pnny9dmfzj1r16pg8t1e76dz5tmac6iq689wyjfpiij4txtdo,EFEF1B1771F2569EB5CE037F047C924E0675B1E2CB6180FAB6D0BF9979D89759,231385851433,231586202828,200351395,
rsnano,nano-serial,nano_3e3j5tkog48pnny9dmfzj1r16pg8t1e76dz5tmac6iq689wyjfpiij4txtdo,738,nano_3e3j5tkog48pnny9dmfzj1r16pg8t1e76dz5tmac6iq689wyjfpiij4txtdo,99BF5E3E3BC8F7F48C7F7E19BD9ED90618660BD2B822108C406C28D538C867A9,231586208933,231786394769,200185836,
rsnano,nano-serial,nano_3e3j5tkog48pnny9dmfzj1r16pg8t1e76dz5tmac6iq689wyjfpiij4txtdo,739,nano_3e3j5tkog48pnny9dmfzj1r16pg8t1e76dz5tmac6iq689wyjfpiij4txtdo,71262B8D8A87BFE1B1B3523A9790BE00A48C68150145B4DC3DDB7627C07CF3C1,231786400171,231986857127,200456956,
rsnano,nano-serial,nano_3e3j5tkog48pnny9dmfzj1r16pg8t1e76dz5tmac6iq689wyjfpiij4txtdo,740,nano_3e3j5tkog48pnny9dmfzj1r16pg8t1e76dz5tmac6iq689wyjfpiij4txtdo,D738FD37305143BB47A5CDAF15CAC8E44F776B8292FC998EB4C6859F8B7D359B,231986862664,232187074782,200212118,
rsnano,nano-serial,nano_3e3j5tkog48pnny9dmfzj1r16pg8t1e76dz5tmac6iq689wyjfpiij4txtdo,741,nano_3e3j5tkog48pnny9dmfzj1r16pg8t1e76dz5tmac6iq689wyjfpiij4txtdo,8463A08F1C3F5A000AD707422BF346D142BF57B33A7CBEBAB168377DBE0DE600,232187079903,232387375451,200295548,
rsnano,nano-serial,nano_3e3j5tkog48pnny9dmfzj1r16pg8t1e76dz5tmac6iq689wyjfpiij4txtdo,742,nano_3e3j5tkog48pnny9dmfzj1r16pg8t1e76dz5tmac6iq689wyjfpiij4txtdo,98FF7BB816760B615895218D691418E7F8081293F29D1F2AC44E89396A03D92D,232387381467,232588191731,200810264,
rsnano,nano-serial,nano_3e3j5tkog48pnny9dmfzj1r16pg8t1e76dz5tmac6iq689wyjfpiij4txtdo,743,nano_3e3j5tkog48pnny9dmfzj1r16pg8t1e76dz5tmac6iq689wyjfpiij4txtdo,DA6F510202466A9C7D46303581330FC6E2AB2A87EF0ED00014B3E5B3A8B6FF71,232588197884,232788094214,199896330,
rsnano,nano-serial,nano_3e3j5tkog48pnny9dmfzj1r16pg8t1e76dz5tmac6iq689wyjfpiij4txtdo,744,nano_3e3j5tkog48pnny9dmfzj1r16pg8t1e76dz5tmac6iq689wyjfpiij4txtdo,0AD6FADDE4D1B6458BDEBE99425F3F5C44B3695BA0A0F43ED2BF07E89EF7886D,232788100568,232988335502,200234934,
rsnano,nano-serial,nano_3e3j5tkog48pnny9dmfzj1r16pg8t1e76dz5tmac6iq689wyjfpiij4txtdo,745,nano_3e3j5tkog48pnny9dmfzj1r16pg8t1e76dz5tmac6iq689wyjfpiij4txtdo,6662FF9E75909C77334656E49CED9712EB96FC4BA3B00F5F98618AD003A295BF,232988341001,233188500896,200159895,
rsnano,nano-serial,nano_3e3j5tkog48pnny9dmfzj1r16pg8t1e76dz5tmac6iq689wyjfpiij4txtdo,746,nano_3e3j5tkog48pnny9dmfzj1r16pg8t1e76dz5tmac6iq689wyjfpiij4txtdo,266F7049E72C303A085653A44FBD04D8BBADEF0B76DE3003D2AC0A20A0BBE38B,233188506989,233388864832,200357843,
rsnano,nano-serial,nano_3e3j5tkog48pnny9dmfzj1r16pg8t1e76dz5tmac6iq689wyjfpiij4txtdo,747,nano_3e3j5tkog48pnny9dmfzj1r16pg8t1e76dz5tmac6iq689wyjfpiij4txtdo,D72699AA7149D2FE3CD09995C1797393A39AE3BA68E60F77A12488A10302CF52,233388869886,233589156524,200286638,
rsnano,nano-serial,nano_3e3j5tkog48pnny9dmfzj1r16pg8t1e76dz5tmac6iq689wyjfpiij4txtdo,748,nano_3e3j5tkog48pnny9dmfzj1r16pg8t1e76dz5tmac6iq689wyjfpiij4txtdo,A0B6EE0AC1548A7BEEF9B3029E93627D827320CE7877DC250DEA6A9D0BC7DA22,233589161943,233789328972,200167029,
rsnano,nano-serial,nano_3e3j5tkog48pnny9dmfzj1r16pg8t1e76dz5tmac6iq689wyjfpiij4txtdo,749,nano_3e3j5tkog48pnny9dmfzj1r16pg8t1e76dz5tmac6iq689wyjfpiij4txtdo,BF8BB50DAF7455C50437EBC8436E2DEF06A45D89EEB640C13840970B1D43736A,233789335061,233989752496,200417435,
rsnano,nano-serial,nano_3e3j5tkog48pnny9dmfzj1r16pg8t1e76dz5tmac6iq689wyjfpiij4txtdo,750,nano_3e3j5tkog48pnny9dmfzj1r16pg8t1e76dz5tmac6iq689wyjfpiij4txtdo,D0F3672664BE267BDF6A4DE28DA982708A630EA476D2D42777B3B18ACFE9AAD6,233989759266,234190083808,200324542,
rsnano,nano-serial,nano_3e3j5tkog48pnny9dmfzj1r16pg8t1e76dz5tmac6iq689wyjfpiij4txtdo,751,nano_3e3j5tkog48pnny9dmfzj1r16pg8t1e76dz5tmac6iq689wyjfpiij4txtdo,BED6A0F4B5BF813281E63BB781E204CFCB1206FFD226C14962AE2E89E29D9593,234190089436,234398583629,208494193,
rsnano,nano-serial,nano_3e3j5tkog48pnny9dmfzj1r16pg8t1e76dz5tmac6iq689wyjfpiij4txtdo,752,nano_3e3j5tkog48pnny9dmfzj1r16pg8t1e76dz5tmac6iq689wyjfpiij4txtdo,6C8722D96DE0945DBF6DA8FAC91C9B823B3D44C89932C6730D2D99607E7B966A,234398589689,234590594952,192005263,
rsnano,nano-serial,nano_3e3j5tkog48pnny9dmfzj1r16pg8t1e76dz5tmac6iq689wyjfpiij4txtdo,753,nano_3e3j5tkog48pnny9dmfzj1r16pg8t1e76dz5tmac6iq689wyjfpiij4txtdo,4C3D0E1A4273240C41E3FA5B112AC0484EBE89CB7C85E2BA9256702684189CEC,234590600076,234790926341,200326265,
rsnano,nano-serial,nano_3e3j5tkog48pnny9dmfzj1r16pg8t1e76dz5tmac6iq689wyjfpiij4txtdo,754,nano_3e3j5tkog48pnny9dmfzj1r16pg8t1e76dz5tmac6iq689wyjfpiij4txtdo,0DF1A6E64AAE477111E8EED99B4FEC969F706966C5078157C32F7E3140B68D7C,234790931929,234991114231,200182302,
rsnano,nano-serial,nano_3e3j5tkog48pnny9dmfzj1r16pg8t1e76dz5tmac6iq689wyjfpiij4txtdo,755,nano_3e3j5tkog48pnny9dmfzj1r16pg8t1e76dz5tmac6iq689wyjfpiij4txtdo,1E4BAD13B74F11AD9032327544E906D2E5D02752EA612A1F40BE609DC58D27E6,234991120576,235191464529,200343953,
rsnano,nano-serial,nano_3e3j5tkog48pnny9dmfzj1r16pg8t1e76dz5tmac6iq689wyjfpiij4txtdo,756,nano_3e3j5tkog48pnny9dmfzj1r16pg8t1e76dz5tmac6iq689wyjfpiij4txtdo,917437AD4EF9937BE2DA0EDCA745128C42875ED7EEFDD7C5656E103794A410C8,235191470252,235391874158,200403906,
rsnano,nano-serial,nano_3e3j5tkog48pnny9dmfzj1r16pg8t1e76dz5tmac6iq689wyjfpiij4txtdo,757,nano_3e3j5tkog48pnny9dmfzj1r16pg8t1e76dz5tmac6iq689wyjfpiij4txtdo,A6FDCC2F504118BA18804FC80A07868A619FACA208746774EF00AA232ADFBD31,235391880539,235592098402,200217863,
rsnano,nano-serial,nano_3e3j5tkog48pnny9dmfzj1r16pg8t1e76dz5tmac6iq689wyjfpiij4txtdo,758,nano_3e3j5tkog48pnny9dmfzj1r16pg8t1e76dz5tmac6iq689wyjfpiij4txtdo,CFCCCD1747009FA29885310A0EE46BE49B984A671C9F94DB368609A19941F2DE,235592105968,235792354888,200248920,
rsnano,nano-serial,nano_3e3j5tkog48pnny9dmfzj1r16pg8t1e76dz5tmac6iq689wyjfpiij4txtdo,759,nano_3e3j5tkog48pnny9dmfzj1r16pg8t1e76dz5tmac6iq689wyjfpiij4txtdo,488869F942E6B6B368834DE92F5F332CE5C6513A8180317847937F1CB50BA493,235792360532,235992715940,200355408,
rsnano,nano-serial,nano_3e3j5tkog48pnny9dmfzj1r16pg8t1e76dz5tmac6iq689wyjfpiij4txtdo,760,nano_3e3j5tkog48pnny9dmfzj1r16pg8t1e76dz5tmac6iq689wyjfpiij4txtdo,E058FF6F47736AC5A7D19D3AD369A7056AADCFCC687A57B136062BCB824E9A4E,235992721307,236192995264,200273957,
rsnano,nano-serial,nano_3e3j5tkog48pnny9dmfzj1r16pg8t1e76dz5tmac6iq689wyjfpiij4txtdo,761,nano_3e3j5tkog48pnny9dmfzj1r16pg8t1e76dz5tmac6iq689wyjfpiij4txtdo,A08194E033D4768FD17BC8EE6147C26A0BF74FBA8D40C9DB75E5AB59B3D72ADB,236193017185,236393296206,200279021,
rsnano,nano-serial,nano_3e3j5tkog48pnny9dmfzj1r16pg8t1e76dz5tmac6iq689wyjfpiij4txtdo,762,nano_3e3j5tkog48pnny9dmfzj1r16pg8t1e76dz5tmac6iq689wyjfpiij4txtdo,C7BF7A50F120D2D4B19D386421E803B636022B028DDE60D0006DDF6E30A5D1FC,236393301661,236593485817,200184156,
rsnano,nano-serial,nano_3e3j5tkog48pnny9dmfzj1r16pg8t1e76dz5tmac6iq689wyjfpiij4txtdo,763,nano_3e3j5tkog48pnny9dmfzj1r16pg8t1e76dz5tmac6iq689wyjfpiij4txtdo,6C7C412C7C60304B1783E63925F1327A000C977057955164E42B32EC9C2B852E,236593493026,236793656796,200163770,
rsnano,nano-serial,nano_3e3j5tkog48pnny9dmfzj1r16pg8t1e76dz5tmac6iq689wyjfpiij4txtdo,764,nano_3e3j5tkog48pnny9dmfzj1r16pg8t1e76dz5tmac6iq689wyjfpiij4txtdo,588F4174241DC53A415A3E2E920DEF0FA8CF5C7797A80706E2CD639AC1E22F1C,236793661813,236994111975,200450162,
rsnano,nano-serial,nano_3e3j5tkog48pnny9dmfzj1r16pg8t1e76dz5tmac6iq689wyjfpiij4txtdo,765,nano_3e3j5tkog48pnny9dmfzj1r16pg8t1e76dz5tmac6iq689wyjfpiij4txtdo,B7951D4BDEC3283478DA7024899F4721E9B7A24119277635CB770B150FEE5F25,236994117285,237194332963,200215678,
rsnano,nano-serial,nano_3e3j5tkog48pnny9dmfzj1r16pg8t1e76dz5tmac6iq689wyjfpiij4txtdo,766,nano_3e3j5tkog48pnny9dmfzj1r16pg8t1e76dz5tmac6iq689wyjfpiij4txtdo,8D40AECA4000A6B48A265ECC949C922C6AA5542E931BBF3B3255F8DA1AD78B94,237194338164,237394581094,200242930,
rsnano,nano-serial,nano_3e3j5tkog48pnny9dmfzj1r16pg8t1e76dz5tmac6iq689wyjfpiij4txtdo,767,nano_3e3j5tkog48pnny9dmfzj1r16pg8t1e76dz5tmac6iq689wyjfpiij4txtdo,485393B313B89A09D4A44DAF4ADF6ADDD190E2697E84BBC4CE917F975AB15ADE,237394586168,237594910747,200324579,
rsnano,nano-serial,nano_3e3j5tkog48pnny9dmfzj1r16pg8t1e76dz5tmac6iq689wyjfpiij4txtdo,768,nano_3e3j5tkog48pnny9dmfzj1r16pg8t1e76dz5tmac6iq689wyjfpiij4txtdo,2EDEDFE88DFBA43A9D86E9CE287201FF0311EEE343B6908163BB0459A1E09122,237594916396,237795254939,200338543,
rsnano,nano-serial,nano_3e3j5tkog48pnny9dmfzj1r16pg8t1e76dz5tmac6iq689wyjfpiij4txtdo,769,nano_3e3j5tkog48pnny9dmfzj1r16pg8t1e76dz5tmac6iq689wyjfpiij4txtdo,46DF1FB6EA6273F91380C599AEF0EBC7012E78EDAAEC0EAC8318F62C587CB151,237795260743,237995746431,200485688,
rsnano,nano-serial,nano_3e3j5tkog48pnny9dmfzj1r16pg8t1e76dz5tmac6iq689wyjfpiij4txtdo,770,nano_3e3j5tkog48pnny9dmfzj1r16pg8t1e76dz5tmac6iq689wyjfpiij4txtdo,F39D2D3DD51681311545679F748075C72EC85A78737CED666AFB896BED5AF83D,237995752290,238195702401,199950111,
rsnano,nano-serial,nano_3e3j5tkog48pnny9dmfzj1r16pg8t1e76dz5tmac6iq689wyjfpiij4txtdo,771,nano_3e3j5tkog48pnny9dmfzj1r16pg8t1e76dz5tmac6iq689wyjfpiij4txtdo,CF8DD726DC852A3C18B22E4D988B2180C8937718278258E808596168EC2499F6,238195708910,238396214027,200505117,
rsnano,nano-serial,nano_3e3j5tkog48pnny9dmfzj1r16pg8t1e76dz5tmac6iq689wyjfpiij4txtdo,772,nano_3e3j5tkog48pnny9dmfzj1r16pg8t1e76dz5tmac6iq689wyjfpiij4txtdo,216A38740B56851FB179C1BF68D52785848C07331A051E2B8709F88523CD6276,238396219621,238596450721,200231100,
rsnano,nano-serial,nano_3e3j5tkog48pnny9dmfzj1r16pg8t1e76dz5tmac6iq689wyjfpiij4txtdo,773,nano_3e3j5tkog48pnny9dmfzj1r16pg8t1e76dz5tmac6iq689wyjfpiij4txtdo,3A394BCAA100E836C55346E9A5BB59C72CA7D49E0965229523461E239096BDA9,238596456546,238796772227,200315681,
rsnano,nano-serial,nano_3e3j5tkog48pnny9dmfzj1r16pg8t1e76dz5tmac6iq689wyjfpiij4txtdo,774,nano_3e3j5tkog48pnny9dmfzj1r16pg8t1e76dz5tmac6iq689wyjfpiij4txtdo,341135C3B1E7B7A0F9090F58C51A1A2CC4E6F26B590940C6EFCFA7409166C662,238796777576,238997184746,200407170,
rsnano,nano-serial,nano_3e3j5tkog48pnny9dmfzj1r16pg8t1e76dz5tmac6iq689wyjfpiij4txtdo,775,nano_3e3j5tkog48pnny9dmfzj1r16pg8t1e76dz5tmac6iq689wyjfpiij4txtdo,B66683CB5EB7E8860E4729E7116CD6D1E3887EFC5508ED5CE2DEC7E4DCCA8736,238997189981,239197294677,200104696,
rsnano,nano-serial,nano_3e3j5tkog48pnny9dmfzj1r16pg8t1e76dz5tmac6iq689wyjfpiij4txtdo,776,nano_3e3j5tkog48pnny9dmfzj1r16pg8t1e76dz5tmac6iq689wyjfpiij4txtdo,3AAE86473042A8A83FBFE9979B88E863662E2BCE2F7ED40199AADFAE476B1F48,239197300520,239397541932,200241412,
rsnano,nano-serial,nano_3e3j5tkog48pnny9dmfzj1r16pg8t1e76dz5tmac6iq689wyjfpiij4txtdo,777,nano_3e3j5tkog48pnny9dmfzj1r16pg8t1e76dz5tmac6iq689wyjfpiij4txtdo,9D98620915BEE00DA8ACFEFE4344A7489D8F00676FAC54E44CBB6E00AFC7F9CB,239397547805,239598020387,200472582,
rsnano,nano-serial,nano_3e3j5tkog48pnny9dmfzj1r16pg8t1e76dz5tmac6iq689wyjfpiij4txtdo,778,nano_3e3j5tkog48pnny9dmfzj1r16pg8t1e76dz5tmac6iq689wyjfpiij4txtdo,C182D165CD655DFA9788B6926C9350D31EAA8A153C5F5649D7C946D5DD4D1A95,239598026339,239798137901,200111562,
rsnano,nano-serial,nano_3e3j5tkog48pnny9dmfzj1r16pg8t1e76dz5tmac6iq689wyjfpiij4txtdo,779,nano_3e3j5tkog48pnny9dmfzj1r16pg8t1e76dz5tmac6iq689wyjfpiij4txtdo,FFC80F4DBD3271D71E3B5032A2433AD9BD52BCF103058D1A866119AD8422914D,239798143061,239998472476,200329415,
rsnano,nano-serial,nano_3e3j5tkog48pnny9dmfzj1r16pg8t1e76dz5tmac6iq689wyjfpiij4txtdo,780,nano_3e3j5tkog48pnny9dmfzj1r16pg8t1e76dz5tmac6iq689wyjfpiij4txtdo,85B346718778CDE54F85A1B08BDBDFCF750E0F17B7C28E01462D843AF9600DB8,239998477862,240203226862,204749000,
rsnano,nano-serial,nano_3e3j5tkog48pnny9dmfzj1r16pg8t1e76dz5tmac6iq689wyjfpiij4txtdo,781,nano_3e3j5tkog48pnny9dmfzj1r16pg8t1e76dz5tmac6iq689wyjfpiij4txtdo,FE7D22E5F01C25982F9A1FDACCA961EF48B31A2BBFFD9C4C3DF6602244C3292D,240203232220,240399139623,195907403,
rsnano,nano-serial,nano_3e3j5tkog48pnny9dmfzj1r16pg8t1e76dz5tmac6iq689wyjfpiij4txtdo,782,nano_3e3j5tkog48pnny9dmfzj1r16pg8t1e76dz5tmac6iq689wyjfpiij4txtdo,2B98AE4F44B353C9C640A7806FAD5518D784C8CD05034BCDAD13574721445D79,240399145346,240599312354,200167008,
rsnano,nano-serial,nano_3e3j5tkog48pnny9dmfzj1r16pg8t1e76dz5tmac6iq689wyjfpiij4txtdo,783,nano_3e3j5tkog48pnny9dmfzj1r16pg8t1e76dz5tmac6iq689wyjfpiij4txtdo,4D06AB479AF8394B70E18292C924FDDA62438E792DD15536FC987B5AD5CC0DEA,240599317566,240799690761,200373195,
rsnano,nano-serial,nano_3e3j5tkog48pnny9dmfzj1r16pg8t1e76dz5tmac6iq689wyjfpiij4txtdo,784,nano_3e3j5tkog48pnny9dmfzj1r16pg8t1e76dz5tmac6iq689wyjfpiij4txtdo,CDC842AC771BC577357C9134E71716920625CB327028DA4CB1A98BCA50C6EDD7,240799696167,240999818234,200122067,
rsnano,nano-serial,nano_3e3j5tkog48pnny9dmfzj1r16pg8t1e76dz5tmac6iq689wyjfpiij4txtdo,785,nano_3e3j5tkog48pnny9dmfzj1r16pg8t1e76dz5tmac6iq689wyjfpiij4txtdo,6806B1FF4D25E0A9212ADCBA67D6359BF113711E992DAC405771790132C4D601,240999823805,241200179703,200355898,
rsnano,nano-serial,nano_3e3j5tkog48pnny9dmfzj1r16pg8t1e76dz5tmac6iq689wyjfpiij4txtdo,786,nano_3e3j5tkog48pnny9dmfzj1r16pg8t1e76dz5tmac6iq689wyjfpiij4txtdo,508923C4C60D0BCA41DE1459E7F1B78224D3C395D748E7A27CC9A47CD8D19767,241200184678,241400591775,200407097,
rsnano,nano-serial,nano_3e3j5tkog48pnny9dmfzj1r16pg8t1e76dz5tmac6iq689wyjfpiij4txtdo,787,nano_3e3j5tkog48pnny9dmfzj1r16pg8t1e76dz5tmac6iq689wyjfpiij4txtdo,10851E7B39A5B668C224046427CCE7BBB3E34CA3277097180FD401AF26BC00B1,241400597234,241600766140,200168906,
rsnano,nano-serial,nano_3e3j5tkog48pnny9dmfzj1r16pg8t1e76dz5tmac6iq689wyjfpiij4txtdo,788,nano_3e3j5tkog48pnny9dmfzj1r16pg8t1e76dz5tmac6iq689wyjfpiij4txtdo,72F5D4F189E0ED37E9F6014CC45E59F85C20C242E27C84BCEB6F65F4D7BBD000,241600771440,241801257307,200485867,
rsnano,nano-serial,nano_3e3j5tkog48pnny9dmfzj1r16pg8t1e76dz5tmac6iq689wyjfpiij4txtdo,789,nano_3e3j5tkog48pnny9dmfzj1r16pg8t1e76dz5tmac6iq689wyjfpiij4txtdo,06A217220912B14BE861A9BDBFA9F3597D2C93C53947D19DC03AEFE93D88215F,241801263047,242001611372,200348325,
rsnano,nano-serial,nano_3e3j5tkog48pnny9dmfzj1r16pg8t1e76dz5tmac6iq689wyjfpiij4txtdo,790,nano_3e3j5tkog48pnny9dmfzj1r16pg8t1e76dz5tmac6iq689wyjfpiij4txtdo,9A071FF9CD022D08338DA72D0CBA8FAA6B869806869B9C9A205C2AC378063A99,242001617013,242201707665,200090652,
rsnano,nano-serial,nano_3e3j5tkog48pnny9dmfzj1r16pg8t1e76dz5tmac6iq689wyjfpiij4txtdo,791,nano_3e3j5tkog48pnny9dmfzj1r16pg8t1e76dz5tmac6iq689wyjfpiij4txtdo,8C5A313F3E32C17C7043BDCAC25613BE16E447B807924A7B76171BA25C4BF349,242201713356,242402088939,200375583,
rsnano,nano-serial,nano_3e3j5tkog48pnny9dmfzj1r16pg8t1e76dz5tmac6iq689wyjfpiij4txtdo,792,nano_3e3j5tkog48pnny9dmfzj1r16pg8t1e76dz5tmac6iq689wyjfpiij4txtdo,6D75B10B28FA35054503963BE607CE05F9454F6CFE0580C6E779F6E3AB1B600E,242402094167,242602306697,200212530,
rsnano,nano-serial,nano_3e3j5tkog48pnny9dmfzj1r16pg8t1e76dz5tmac6iq689wyjfpiij4txtdo,793,nano_3e3j5tkog48pnny9dmfzj1r16pg8t1e76dz5tmac6iq689wyjfpiij4txtdo,0EBA893D158C7C5699FA791FC962B4ADC1DB6EA96A5D2479BEC4C29F7A624ED6,242602312126,242802526573,200214447,
rsnano,nano-serial,nano_3e3j5tkog48pnny9dmfzj1r16pg8t1e76dz5tmac6iq689wyjfpiij4txtdo,794,nano_3e3j5tkog48pnny9dmfzj1r16pg8t1e76dz5tmac6iq689wyjfpiij4txtdo,33CD4E86D2F8DBF235A51C6E5988F23DA554AFDBC19445E026B97ACB04A82FEF,242802532067,243002755716,200223649,
rsnano,nano-serial,nano_3e3j5tkog48pnny9dmfzj1r16pg8t1e76dz5tmac6iq689wyjfpiij4txtdo,795,nano_3e3j5tkog48pnny9dmfzj1r16pg8t1e76dz5tmac6iq689wyjfpiij4txtdo,419A041CE805E429109E763B276DEECE9C60993B8A1F26241B9CBEABA10B9D33,243002761128,243203245289,200484161,
rsnano,nano-serial,nano_3e3j5tkog48pnny9dmfzj1r16pg8t1e76dz5tmac6iq689wyjfpiij4txtdo,796,nano_3e3j5tkog48pnny9dmfzj1r16pg8t1e76dz5tmac6iq689wyjfpiij4txtdo,81BD07BC86B4216EB890F2D796A9439DA297C0A6A8A4D56F022E1AE4AF01707C,243203250139,243403498395,200248256,
rsnano,nano-serial,nano_3e3j5tkog48pnny9dmfzj1r16pg8t1e76dz5tmac6iq689wyjfpiij4txtdo,797,nano_3e3j5tkog48pnny9dmfzj1r16pg8t1e76dz5tmac6iq689wyjfpiij4txtdo,DDA6E9EA7F6617913EDE56367526EE44131B6B65CC89E095DE0C2658503F28D9,243403504879,243603696337,200191458,
rsnano,nano-serial,nano_3e3j5tkog48pnny9dmfzj1r16pg8t1e76dz5tmac6iq689wyjfpiij4txtdo,798,nano_3e3j5tkog48pnny9dmfzj1r16pg8t1e76dz5tmac6iq689wyjfpiij4txtdo,05448925FBD75427B1918D0397149AA48EBF20619E64B2F8B760D5FD1B7FE0BF,243603702136,243804068424,200366288,
rsnano,nano-serial,nano_3e3j5tkog48pnny9dmfzj1r16pg8t1e76dz5tmac6iq689wyjfpiij4txtdo,799,nano_3e3j5tkog48pnny9dmfzj1r16pg8t1e76dz5tmac6iq689wyjfpiij4txtdo,62DE126F703F491FDEEE2738CE3864020B07F5BF99F739126460149C8B013059,243804073479,244004376528,200303049,
rsnano,nano-serial,nano_3e3j5tkog48pnny9dmfzj1r16pg8t1e76dz5tmac6iq689wyjfpiij4txtdo,800,nano_3e3j5tkog48pnny9dmfzj1r16pg8t1e76dz5tmac6iq689wyjfpiij4txtdo,FB8E4F6D481E9A67257BC5C902F51A42EEED8E425A600DEC849299F977C27302,244004382141,244204576211,200194070,
rsnano,nano-serial,nano_3e3j5tkog48pnny9dmfzj1r16pg8t1e76dz5tmac6iq689wyjfpiij4txtdo,801,nano_3e3j5tkog48pnny9dmfzj1r16pg8t1e76dz5tmac6iq689wyjfpiij4txtdo,AD6BDF0343E6D0449429AC6137835E50A999815E3FD271C55EC16B6264FD3852,244204582086,244404953388,200371302,
rsnano,nano-serial,nano_3e3j5tkog48pnny9dmfzj1r16pg8t1e76dz5tmac6iq689wyjfpiij4txtdo,802,nano_3e3j5tkog48pnny9dmfzj1r16pg8t1e76dz5tmac6iq689wyjfpiij4txtdo,EAE437C19BBDB11722FE878CE102D5AA591B67AB95795CDB8DD52FB1083A11C8,244404958757,244605512363,200553606,
rsnano,nano-serial,nano_3e3j5tkog48pnny9dmfzj1r16pg8t1e76dz5tmac6iq689wyjfpiij4txtdo,803,nano_3e3j5tkog48pnny9dmfzj1r16pg8t1e76dz5tmac6iq689wyjfpiij4txtdo,F5D4388C2CA26E1A2AB8705B6D7B3052CF817879835AAA674AB25E63E0C4EE6F,244605518657,244805660435,200141778,
rsnano,nano-serial,nano_3e3j5tkog48pnny9dmfzj1r16pg8t1e76dz5tmac6iq689wyjfpiij4txtdo,804,nano_3e3j5tkog48pnny9dmfzj1r16pg8t1e76dz5tmac6iq689wyjfpiij4txtdo,DB779E2450C5E2F3764858620B28B8CEF71D2DD3ABE074AF2370EE657D94D4D0,244805665183,245005992107,200326924,
rsnano,nano-serial,nano_3e3j5tkog48pnny9dmfzj1r16pg8t1e76dz5tmac6iq689wyjfpiij4txtdo,805,nano_3e3j5tkog48pnny9dmfzj1r16pg8t1e76dz5tmac6iq689wyjfpiij4txtdo,E0955903D85332BACA69C199F39496150C09EB60CFFB06C1B3C358E9C2DF6118,245005997558,245206351945,200354387,
rsnano,nano-serial,nano_3e3j5tkog48pnny9dmfzj1r16pg8t1e76dz5tmac6iq689wyjfpiij4txtdo,806,nano_3e3j5tkog48pnny9dmfzj1r16pg8t1e76dz5tmac6iq689wyjfpiij4txtdo,F9B638EC2511CC6CC37433E7A109DFC7E6F240DEE3B764D32581D5BB3041941E,245206357700,245406536975,200179275,
rsnano,nano-serial,nano_3e3j5tkog48pnny9dmfzj1r16pg8t1e76dz5tmac6iq689wyjfpiij4txtdo,807,nano_3e3j5tkog48pnny9dmfzj1r16pg8t1e76dz5tmac6iq689wyjfpiij4txtdo,73B728FC0223C9F567888A376F515F3D6B365F9BE6DEF52ED736D6F32B5382B8,245406542674,245606694227,200151553,
rsnano,nano-serial,nano_3e3j5tkog48pnny9dmfzj1r16pg8t1e76dz5tmac6iq689wyjfpiij4txtdo,808,nano_3e3j5tkog48pnny9dmfzj1r16pg8t1e76dz5tmac6iq689wyjfpiij4txtdo,E3FEE801EA718E2E9A0B919D1927CB7ED6501DCBAC2AB7CA0E808C0B5FE74510,245606699699,245807130152,200430453,
rsnano,nano-serial,nano_3e3j5tkog48pnny9dmfzj1r16pg8t1e76dz5tmac6iq689wyjfpiij4txtdo,809,nano_3e3j5tkog48pnny9dmfzj1r16pg8t1e76dz5tmac6iq689wyjfpiij4txtdo,D285460AA43BB8B39682049E0DB6BF3CBF0A7083996190B004E5CC10C005FB3F,245807135762,246007403073,200267311,
rsnano,nano-serial,nano_3e3j5tkog48pnny9dmfzj1r16pg8t1e76dz5tmac6iq689wyjfpiij4txtdo,810,nano_3e3j5tkog48pnny9dmfzj1r16pg8t1e76dz5tmac6iq689wyjfpiij4txtdo,6378510EBA2040B5952D6DA12B27E0AC49AF060D29DFF482C218AF8014743724,246007408567,246207745723,200337156,
rsnano,nano-serial,nano_3e3j5tkog48pnny9dmfzj1r16pg8t1e76dz5tmac6iq689wyjfpiij4txtdo,811,nano_3e3j5tkog48pnny9dmfzj1r16pg8t1e76dz5tmac6iq689wyjfpiij4txtdo,71BEDAC608D7DCFE2C4D8C6D97028C50715FE90B9F3FF07BA86B08E122D7CA52,246207751577,246407948497,200196920,
rsnano,nano-serial,nano_3e3j5tkog48pnny9dmfzj1r16pg8t1e76dz5tmac6iq689wyjfpiij4txtdo,812,nano_3e3j5tkog48pnny9dmfzj1r16pg8t1e76dz5tmac6iq689wyjfpiij4txtdo,48F914FAF3FD63F4455E3E7FEDDEEAEA7CB03CDC2ABD424A2180D7914B070141,246407954139,246608329208,200375069,
rsnano,nano-serial,nano_3e3j5tkog48pnny9dmfzj1r16pg8t1e76dz5tmac6iq689wyjfpiij4txtdo,813,nano_3e3j5tkog48pnny9dmfzj1r16pg8t1e76dz5tmac6iq689wyjfpiij4txtdo,721265C9F28EE4C5800FF91570A66E8586EE6EBA4FD8176663697CAC9BBE85BE,246608334894,246808576147,200241253,
rsnano,nano-serial,nano_3e3j5tkog48pnny9dmfzj1r16pg8t1e76dz5tmac6iq689wyjfpiij4txtdo,814,nano_3e3j5tkog48pnny9dmfzj1r16pg8t1e76dz5tmac6iq689wyjfpiij4txtdo,46B9B27A643DECCDFEB7967787CA1DC639DB6550C713BD68C5A6F1B3D9E6B1B4,246808581698,247008707932,200126234,
rsnano,nano-serial,nano_3e3j5tkog48pnny9dmfzj1r16pg8t1e76dz5tmac6iq689wyjfpiij4txtdo,815,nano_3e3j5tkog48pnny9dmfzj1r16pg8t1e76dz5tmac6iq689wyjfpiij4txtdo,D7911F815792E94F005E70392B5D74C30B6B30CC596B4555FFD3AB8522322042,247008714304,247209017478,200303174,
rsnano,nano-serial,nano_3e3j5tkog48pnny9dmfzj1r16pg8t1e76dz5tmac6iq689wyjfpiij4txtdo,816,nano_3e3j5tkog48pnny9dmfzj1r16pg8t1e76dz5tmac6iq689wyjfpiij4txtdo,489FECEABB23C62956C6CCE4D6D6014774146706A964EF21C17D92A9AB380D68,247209023185,247409479504,200456319,
rsnano,nano-serial,nano_3e3j5tkog48pnny9dmfzj1r16pg8t1e76dz5tmac6iq689wyjfpiij4txtdo,817,nano_3e3j5tkog48pnny9dmfzj1r16pg8t1e76dz5tmac6iq689wyjfpiij4txtdo,19C537BB1C8456DD1BF2BC71248728236E640842C2C582C0DBD725901EC06B97,247409485317,247610062300,200576983,
rsnano,nano-serial,nano_3e3j5tkog48pnny9dmfzj1r16pg8t1e76dz5tmac6iq689wyjfpiij4txtdo,818,nano_3e3j5tkog48pnny9dmfzj1r16pg8t1e76dz5tmac6iq689wyjfpiij4txtdo,C1BD04A52DEC223EF99389EC1CBE04676C8C71AE5132FFA46BD7192038B5AD98,247610067865,247810050727,199982862,
rsnano,nano-serial,nano_3e3j5tkog48pnny9dmfzj1r16pg8t1e76dz5tmac6iq689wyjfpiij4txtdo,819,nano_3e3j5tkog48pnny9dmfzj1r16pg8t1e76dz5tmac6iq689wyjfpiij4txtdo,DC84820817A1A6B47A18342C3A0AEBE0DCAE7382386CC9BFB11C8BB5AC15C180,247810056149,248010236904,200180755,
rsnano,nano-serial,nano_3e3j5tkog48pnny9dmfzj1r16pg8t1e76dz5tmac6iq689wyjfpiij4txtdo,820,nano_3e3j5tkog48pnny9dmfzj1r16pg8t1e76dz5tmac6iq689wyjfpiij4txtdo,9B8697C4DF603717232E8EAF902972D833D17AEF780160BEB36125FAD766B5A1,248010250261,248210639350,200389089,
rsnano,nano-serial,nano_3e3j5tkog48pnny9dmfzj1r16pg8t1e76dz5tmac6iq689wyjfpiij4txtdo,821,nano_3e3j5tkog48pnny9dmfzj1r16pg8t1e76dz5tmac6iq689wyjfpiij4txtdo,CA4578782BDB17E401AB7D9CF377E802E809D2F427B65BA6F62667C1E577BF53,248210644610,248410939016,200294406,
rsnano,nano-serial,nano_3e3j5tkog48pnny9dmfzj1r16pg8t1e76dz5tmac6iq689wyjfpiij4txtdo,822,nano_3e3j5tkog48pnny9dmfzj1r16pg8t1e76dz5tmac6iq689wyjfpiij4txtdo,8AE48C3365DCB9748889D80F8D35EEE9EB3A8CA9DE40EADCDF96F5EC7A6E9F62,248410944441,248611182015,200237574,
rsnano,nano-serial,nano_3e3j5tkog48pnny9dmfzj1r16pg8t1e76dz5tmac6iq689wyjfpiij4txtdo,823,nano_3e3j5tkog48pnny9dmfzj1r16pg8t1e76dz5tmac6iq689wyjfpiij4txtdo,8E0E1DD198C434BB07E7F0E2B59AFE395F6BB7616139B913C2F3C129E64F6E59,248611187335,248811648542,200461207,
rsnano,nano-serial,nano_3e3j5tkog48pnny9dmfzj1r16pg8t1e76dz5tmac6iq689wyjfpiij4txtdo,824,nano_3e3j5tkog48pnny9dmfzj1r16pg8t1e76dz5tmac6iq689wyjfpiij4txtdo,1C6FA96ABF41DA7345AF7064B655354E5278C8DCB607DACC01596BE92F91752F,248811655207,249011770072,200114865,
rsnano,nano-serial,nano_3e3j5tkog48pnny9dmfzj1r16pg8t1e76dz5tmac6iq689wyjfpiij4txtdo,825,nano_3e3j5tkog48pnny9dmfzj1r16pg8t1e76dz5tmac6iq689wyjfpiij4txtdo,176E953A967AE702A0DE5EC129BBEA5BE72528E75175253BF925B99940FFE8A2,249011775709,249212189384,200413675,
rsnano,nano-serial,nano_3e3j5tkog48pnny9dmfzj1r16pg8t1e76dz5tmac6iq689wyjfpiij4txtdo,826,nano_3e3j5tkog48pnny9dmfzj1r16pg8t1e76dz5tmac6iq689wyjfpiij4txtdo,9CB9715F204BCD7100C27FC1B0DF8A5FC45CC5BB42FE4549C40F4F5C96F2F623,249212195598,249412230892,200035294,
rsnano,nano-serial,nano_3e3j5tkog48pnny9dmfzj1r16pg8t1e76dz5tmac6iq689wyjfpiij4txtdo,827,nano_3e3j5tkog48pnny9dmfzj1r16pg8t1e76dz5tmac6iq689wyjfpiij4txtdo,391571CFA8BDCFCC68B29759727E94E6D4F6BA4618E1C9C4F5216883D40032F3,249412236453,249613463812,201227359,
rsnano,nano-serial,nano_3e3j5tkog48pnny9dmfzj1r16pg8t1e76dz5tmac6iq689wyjfpiij4txtdo,828,nano_3e3j5tkog48pnny9dmfzj1r16pg8t1e76dz5tmac6iq689wyjfpiij4txtdo,7AA771B7E4BBD29F05B3A47F2B3B34B428F5552A342DD92BBD0D993A4AD2FD44,249613469655,249813248307,199778652,
rsnano,nano-serial,nano_3e3j5tkog48pnny9dmfzj1r16pg8t1e76dz5tmac6iq689wyjfpiij4txtdo,829,nano_3e3j5tkog48pnny9dmfzj1r16pg8t1e76dz5tmac6iq689wyjfpiij4txtdo,D385BE21A9DEFBC5CE04271D849F901EC70844E93D898B731CD2F5A5FDE635C4,249813253641,250013458818,200205177,
rsnano,nano-serial,nano_3e3j5tkog48pnny9dmfzj1r16pg8t1e76dz5tmac6iq689wyjfpiij4txtdo,830,nano_3e3j5tkog48pnny9dmfzj1r16pg8t1e76dz5tmac6iq689wyjfpiij4txtdo,326015D0CEFA0A48047DD1CF9F347A13FFF380B10E46E528E29DA68656633C14,250013464637,250237190706,223726069,
rsnano,nano-serial,nano_3e3j5tkog48pnny9dmfzj1r16pg8t1e76dz5tmac6iq689wyjfpiij4txtdo,831,nano_3e3j5tkog48pnny9dmfzj1r16pg8t1e76dz5tmac6iq689wyjfpiij4txtdo,D7369AE7DC5AA8202D32C2E888F63DB55297E31361EBCEE2B669123B813187FB,250237196202,250415303785,178107583,
rsnano,nano-serial,nano_3e3j5tkog48pnny9dmfzj1r16pg8t1e76dz5tmac6iq689wyjfpiij4txtdo,832,nano_3e3j5tkog48pnny9dmfzj1r16pg8t1e76dz5tmac6iq689wyjfpiij4txtdo,F9536177B7493E741C7ED0804C4854135A43DEF320E9F579D2BCA3F325D7A9E2,250415309444,250613912929,198603485,
rsnano,nano-serial,nano_3e3j5tkog48pnny9dmfzj1r16pg8t1e76dz5tmac6iq689wyjfpiij4txtdo,833,nano_3e3j5tkog48pnny9dmfzj1r16pg8t1e76dz5tmac6iq689wyjfpiij4txtdo,CBF2AD595634A00A2E5A766720AE5B5DC0E4821BA4B657B3F2420969720E529B,250613919015,250814352364,200433349,
rsnano,nano-serial,nano_3e3j5tkog48pnny9dmfzj1r16pg8t1e76dz5tmac6iq689wyjfpiij4txtdo,834,nano_3e3j5tkog48pnny9dmfzj1r16pg8t1e76dz5tmac6iq689wyjfpiij4txtdo,4490E20F134E769D100EAD10ECE833293B7F9FA59B8F836F45B0EC67DBD89E7B,250814357761,251014558159,200200398,
rsnano,nano-serial,nano_3e3j5tkog48pnny9dmfzj1r16pg8t1e76dz5tmac6iq689wyjfpiij4txtdo,835,nano_3e3j5tkog48pnny9dmfzj1r16pg8t1e76dz5tmac6iq689wyjfpiij4txtdo,04EDF0F1B95F051589D2747D210D67B4F46A961719C780425ABA3341F9943057,251014563772,251214926520,200362748,
rsnano,nano-serial,nano_3e3j5tkog48pnny9dmfzj1r16pg8t1e76dz5tmac6iq689wyjfpiij4txtdo,836,nano_3e3j5tkog48pnny9dmfzj1r16pg8t1e76dz5tmac6iq689wyjfpiij4txtdo,AF78FEBC2FD260A37DA78B2A817A8D35F8D39AC4AC4E66F0FAA90AE60A4BB425,251214932548,251415235083,200302535,
rsnano,nano-serial,nano_3e3j5tkog48pnny9dmfzj1r16pg8t1e76dz5tmac6iq689wyjfpiij4txtdo,837,nano_3e3j5tkog48pnny9dmfzj1r16pg8t1e76dz5tmac6iq689wyjfpiij4txtdo,45E77A6514E0151C2AAA3D3BAD21BFEABA2DA610283DAF7C809D616B78DBF12C,251415240279,251615452971,200212692,
rsnano,nano-serial,nano_3e3j5tkog48pnny9dmfzj1r16pg8t1e76dz5tmac6iq689wyjfpiij4txtdo,838,nano_3e3j5tkog48pnny9dmfzj1r16pg8t1e76dz5tmac6iq689wyjfpiij4txtdo,2B1889C72F459DB007DA6B9B6BB600BDF7C037F81F56B7604F0025AABEE4B0EB,251615458467,251815798328,200339861,
rsnano,nano-serial,nano_3e3j5tkog48pnny9dmfzj1r16pg8t1e76dz5tmac6iq689wyjfpiij4txtdo,839,nano_3e3j5tkog48pnny9dmfzj1r16pg8t1e76dz5tmac6iq689wyjfpiij4txtdo,4BD7DD69F307951008E8EF58D836B0ABE0A1DEA8E8E778B863FB38E45F30C494,251815803807,252015980505,200176698,
rsnano,nano-serial,nano_3e3j5tkog48pnny9dmfzj1r16pg8t1e76dz5tmac6iq689wyjfpiij4txtdo,840,nano_3e3j5tkog48pnny9dmfzj1r16pg8t1e76dz5tmac6iq689wyjfpiij4txtdo,76A236B5B13B14793BFD8A3ED5BDDCF1C00E34B05F8F4677F7ADD948AC0090C7,252015985849,252216326888,200341039,
rsnano,nano-serial,nano_3e3j5tkog48pnny9dmfzj1r16pg8t1e76dz5tmac6iq689wyjfpiij4txtdo,841,nano_3e3j5tkog48pnny9dmfzj1r16pg8t1e76dz5tmac6iq689wyjfpiij4txtdo,5D90B63A470149EC7A374C12AD4929EC583B122571F353E3C63A0645BBA9E63E,252216332505,252417190990,200858485,
rsnano,nano-serial,nano_3e3j5tkog48pnny9dmfzj1r16pg8t1e76dz5tmac6iq689wyjfpiij4txtdo,842,nano_3e3j5tkog48pnny9dmfzj1r16pg8t1e76dz5tmac6iq689wyjfpiij4txtdo,7ED5498A7F8456A85F1F0990B2964E89AC81A4758D7CCFE9927B8B57CEF8696E,252417196916,252616827544,199630628,
rsnano,nano-serial,nano_3e3j5tkog48pnny9dmfzj1r16pg8t1e76dz5tmac6iq689wyjfpiij4txtdo,843,nano_3e3j5tkog48pnny9dmfzj1r16pg8t1e76dz5tmac6iq689wyjfpiij4txtdo,672B080EE2CB9F8244DF7778258A74ADBBD9BB8A2EFAC6CB08B1FD414B9C8275,252616844557,252817169467,200324910,
rsnano,nano-serial,nano_3e3j5tkog48pnny9dmfzj1r16pg8t1e76dz5tmac6iq689wyjfpiij4txtdo,844,nano_3e3j5tkog48pnny9dmfzj1r16pg8t1e76dz5tmac6iq689wyjfpiij4txtdo,DB63F489DA318CDB5A93C45DB4F0F9E02B836AEF90F19D296B0DC79318194A50,252817176023,253017850355,200674332,
rsnano,nano-serial,nano_3e3j5tkog48pnny9dmfzj1r16pg8t1e76dz5tmac6iq689wyjfpiij4txtdo,845,nano_3e3j5tkog48pnny9dmfzj1r16pg8t1e76dz5tmac6iq689wyjfpiij4txtdo,5954E63A6E21AEEB8B364853A5479717EB88A4C3F85199264B4CB419F97552B2,253017855521,253217703348,199847827,
rsnano,nano-serial,nano_3e3j5tkog48pnny9dmfzj1r16pg8t1e76dz5tmac6iq689wyjfpiij4txtdo,846,nano_3e3j5tkog48pnny9dmfzj1r16pg8t1e76dz5tmac6iq689wyjfpiij4txtdo,CF021D2C1851D32BD21BECFBF3D905A8FC6E24DC00904432D119A807B0D4BA70,253217710991,253418097838,200386847,
rsnano,nano-serial,nano_3e3j5tkog48pnny9dmfzj1r16pg8t1e76dz5tmac6iq689wyjfpiij4txtdo,847,nano_3e3j5tkog48pnny9dmfzj1r16pg8t1e76dz5tmac6iq689wyjfpiij4txtdo,68526FC3CB4799EF488446D8EB171A61437925546A29E1B69B1270322722E207,253418103222,253618296616,200193394,
rsnano,nano-serial,nano_3e3j5tkog48pnny9dmfzj1r16pg8t1e76dz5tmac6iq689wyjfpiij4txtdo,848,nano_3e3j5tkog48pnny9dmfzj1r16pg8t1e76dz5tmac6iq689wyjfpiij4txtdo,0E01F4021614758F5673DF52AC9720EC91C5F93C6CDBD7F59183142EC0BE2EF1,253618302057,253818594025,200291968,
rsnano,nano-serial,nano_3e3j5tkog48pnny9dmfzj1r16pg8t1e76dz5tmac6iq689wyjfpiij4txtdo,849,nano_3e3j5tkog48pnny9dmfzj1r16pg8t1e76dz5tmac6iq689wyjfpiij4txtdo,05541E15A524569D03A144BDDD667A90CC97E63F286C8C4545615B29B31CC840,253818599411,254018818459,200219048,
rsnano,nano-serial,nano_3e3j5tkog48pnny9dmfzj1r16pg8t1e76dz5tmac6iq689wyjfpiij4txtdo,850,nano_3e3j5tkog48pnny9dmfzj1r16pg8t1e76dz5tmac6iq689wyjfpiij4txtdo,C7029CFF215C403987DEF99109713AF5545687B4BE6EA96C2B1F64F91DB1A2B1,254018824360,254219148392,200324032,
rsnano,nano-serial,nano_3e3j5tkog48pnny9dmfzj1r16pg8t1e76dz5tmac6iq689wyjfpiij4txtdo,851,nano_3e3j5tkog48pnny9dmfzj1r16pg8t1e76dz5tmac6iq689wyjfpiij4txtdo,DDA5C30D2A7BAE35E721B5A2BD3EBBFFD03F09B7703F2C134FBF94FD6DE85CC7,254219155279,254419415566,200260287,
rsnano,nano-serial,nano_3e3j5tkog48pnny9dmfzj1r16pg8t1e76dz5tmac6iq689wyjfpiij4txtdo,852,nano_3e3j5tkog48pnny9dmfzj1r16pg8t1e76dz5tmac6iq689wyjfpiij4txtdo,5FDE58EE74760A7C37BCFCABE7027CC00B4AA087E27575DB3A81544EF9CF7F30,254419420766,254619660039,200239273,
rsnano,nano-serial,nano_3e3j5tkog48pnny9dmfzj1r16pg8t1e76dz5tmac6iq689wyjfpiij4txtdo,853,nano_3e3j5tkog48pnny9dmfzj1r16pg8t1e76dz5tmac6iq689wyjfpiij4txtdo,449F4DFA7E2141F4F04F83F04826E65D59438AEE7C60BA0852FB10E3EB88B80C,254619673974,254819907249,200233275,
rsnano,nano-serial,nano_3e3j5tkog48pnny9dmfzj1r16pg8t1e76dz5tmac6iq689wyjfpiij4txtdo,854,nano_3e3j5tkog48pnny9dmfzj1r16pg8t1e76dz5tmac6iq689wyjfpiij4txtdo,994C5523E4B458EDEBAC3161E8A77424CF771B3468BF5FEC46C3F21B99EB1A57,254819912660,255020281396,200368736,
rsnano,nano-serial,nano_3e3j5tkog48pnny9dmfzj1r16pg8t1e76dz5tmac6iq689wyjfpiij4txtdo,855,nano_3e3j5tkog48pnny9dmfzj1r16pg8t1e76dz5tmac6iq689wyjfpiij4txtdo,855CA9817D4966D6015E3A28A79F1873A112E3D21BE594E33A1CADB31413F871,255020293606,255220664388,200370782,
rsnano,nano-serial,nano_3e3j5tkog48pnny9dmfzj1r16pg8t1e76dz5tmac6iq689wyjfpiij4txtdo,856,nano_3e3j5tkog48pnny9dmfzj1r16pg8t1e76dz5tmac6iq689wyjfpiij4txtdo,08013C2F01365178641AFB4264F1B506CFB1D26E927AEDE93B1371C2F6F23C5D,255220669764,255425322993,204653229,
rsnano,nano-serial,nano_3e3j5tkog48pnny9dmfzj1r16pg8t1e76dz5tmac6iq689wyjfpiij4txtdo,857,nano_3e3j5tkog48pnny9dmfzj1r16pg8t1e76dz5tmac6iq689wyjfpiij4txtdo,396DC7DD5FA70CE6BB5A095052DAA0D127CD44020CFCD69DDC7E554D9DEC9693,255425328600,255621189493,195860893,
rsnano,nano-serial,nano_3e3j5tkog48pnny9dmfzj1r16pg8t1e76dz5tmac6iq689wyjfpiij4txtdo,858,nano_3e3j5tkog48pnny9dmfzj1r16pg8t1e76dz5tmac6iq689wyjfpiij4txtdo,32CB2BAA0BA95A7B8619D5BD6150EEFC940A45DC815897855D31BEB43FB7C94E,255621195097,255821658037,200462940,
rsnano,nano-serial,nano_3e3j5tkog48pnny9dmfzj1r16pg8t1e76dz5tmac6iq689wyjfpiij4txtdo,859,nano_3e3j5tkog48pnny9dmfzj1r16pg8t1e76dz5tmac6iq689wyjfpiij4txtdo,D173C15047A366E17C2C1BB7DAD3B257D8C97E787CF1CD84C979D93699B007AA,255821663498,256022316802,200653304,
rsnano,nano-serial,nano_3e3j5tkog48pnny9dmfzj1r16pg8t1e76dz5tmac6iq689wyjfpiij4txtdo,860,nano_3e3j5tkog48pnny9dmfzj1r16pg8t1e76dz5tmac6iq689wyjfpiij4txtdo,FA0D8F2DDD6668C46E7BCE3AB1D59BE8F3333C28A93C6470ECDE1F2EC1E68529,256022322366,256221961932,199639566,
rsnano,nano-serial,nano_3e3j5tkog48pnny9dmfzj1r16pg8t1e76dz5tmac6iq689wyjfpiij4txtdo,861,nano_3e3j5tkog48pnny9dmfzj1r16pg8t1e76dz5tmac6iq689wyjfpiij4txtdo,21BBD403FC1259E7B9A92042FE4799350C93EEF96A3E92E7258B2F1DF67B6164,256221978737,256422682936,200704199,
rsnano,nano-serial,nano_3e3j5tkog48pnny9dmfzj1r16pg8t1e76dz5tmac6iq689wyjfpiij4txtdo,862,nano_3e3j5tkog48pnny9dmfzj1r16pg8t1e76dz5tmac6iq689wyjfpiij4txtdo,8D57E5D1D13710AB4696FEFC5BB2757DF8387C54C574EE86F633F533330E4470,256422688118,256622617960,199929842,
rsnano,nano-serial,nano_3e3j5tkog48pnny9dmfzj1r16pg8t1e76dz5tmac6iq689wyjfpiij4txtdo,863,nano_3e3j5tkog48pnny9dmfzj1r16pg8t1e76dz5tmac6iq689wyjfpiij4txtdo,DA38396AF8D4EE6A9F5FBEE0E5A27F0030A5B4B6BAD8A3E8C4FAF4BEC4394DB2,256622623209,256822811560,200188351,
rsnano,nano-serial,nano_3e3j5tkog48pnny9dmfzj1r16pg8t1e76dz5tmac6iq689wyjfpiij4txtdo,864,nano_3e3j5tkog48pnny9dmfzj1r16pg8t1e76dz5tmac6iq689wyjfpiij4txtdo,A547EE31872E89FD02E80852F13C50A2A08B566E182FB144B4E5937E9284B360,256822816998,257023220270,200403272,
rsnano,nano-serial,nano_3e3j5tkog48pnny9dmfzj1r16pg8t1e76dz5tmac6iq689wyjfpiij4txtdo,865,nano_3e3j5tkog48pnny9dmfzj1r16pg8t1e76dz5tmac6iq689wyjfpiij4txtdo,D3B7533A1EC5FBAE48835F19CDE6574AFF8CE5CD58EDF2BAFE527DD5DA48B33E,257023225466,257223697369,200471903,
rsnano,nano-serial,nano_3e3j5tkog48pnny9dmfzj1r16pg8t1e76dz5tmac6iq689wyjfpiij4txtdo,866,nano_3e3j5tkog48pnny9dmfzj1r16pg8t1e76dz5tmac6iq689wyjfpiij4txtdo,2F22539F4F21B6923F8B2CD1DFFCFF194FF28F54353E2FC221BC2A7D8C7D5890,257223703086,257423769175,200066089,
rsnano,nano-serial,nano_3e3j5tkog48pnny9dmfzj1r16pg8t1e76dz5tmac6iq689wyjfpiij4txtdo,867,nano_3e3j5tkog48pnny9dmfzj1r16pg8t1e76dz5tmac6iq689wyjfpiij4txtdo,FFE5A0971B7D1FAA9003B9583E3F3E4AE7D45EB73B16A8A1C7E2224719AEA4BA,257423774803,257624124764,200349961,
rsnano,nano-serial,nano_3e3j5tkog48pnny9dmfzj1r16pg8t1e76dz5tmac6iq689wyjfpiij4txtdo,868,nano_3e3j5tkog48pnny9dmfzj1r16pg8t1e76dz5tmac6iq689wyjfpiij4txtdo,A82A59C2E7F82FFC6F3FF177367648890E9292A60D38DC68D7F3C03D3373A2FF,257624130063,257824765239,200635176,
rsnano,nano-serial,nano_3e3j5tkog48pnny9dmfzj1r16pg8t1e76dz5tmac6iq689wyjfpiij4txtdo,869,nano_3e3j5tkog48pnny9dmfzj1r16pg8t1e76dz5tmac6iq689wyjfpiij4txtdo,78B689FF542E5B4F7A2EC852FF129D27A827C9360DD5B4FB0D3BCA890D9F805D,257824770198,258024580833,199810635,
rsnano,nano-serial,nano_3e3j5tkog48pnny9dmfzj1r16pg8t1e76dz5tmac6iq689wyjfpiij4txtdo,870,nano_3e3j5tkog48pnny9dmfzj1r16pg8t1e76dz5tmac6iq689wyjfpiij4txtdo,2239EA4861B8BAB95495B6E17EE3DE8E05DF57B6571B9FE098985EB2ABF0C02C,258024586890,258224974566,200387676,
rsnano,nano-serial,nano_3e3j5tkog48pnny9dmfzj1r16pg8t1e76dz5tmac6iq689wyjfpiij4txtdo,871,nano_3e3j5tkog48pnny9dmfzj1r16pg8t1e76dz5tmac6iq689wyjfpiij4txtdo,EF1545B55418AC3366BB06F00D3E30BB16F609D92A3382811848C87B78548A6D,258224979555,258425183997,200204442,
rsnano,nano-serial,nano_3e3j5tkog48pnny9dmfzj1r16pg8t1e76dz5tmac6iq689wyjfpiij4txtdo,872,nano_3e3j5tkog48pnny9dmfzj1r16pg8t1e76dz5tmac6iq689wyjfpiij4txtdo,075EA1B17ADE734A1CD968F58D842AE8607A67B424C6930425E5312A772457B1,258425189649,258625473795,200284146,
rsnano,nano-serial,nano_3e3j5tkog48pnny9dmfzj1r16pg8t1e76dz5tmac6iq689wyjfpiij4txtdo,873,nano_3e3j5tkog48pnny9dmfzj1r16pg8t1e76dz5tmac6iq689wyjfpiij4txtdo,8F0249288FB852438939163F7F20BB4D5F15F7217D8D1CAF3ADDB92C26D10CBF,258625479632,258825926053,200446421,
rsnano,nano-serial,nano_3e3j5tkog48pnny9dmfzj1r16pg8t1e76dz5tmac6iq689wyjfpiij4txtdo,874,nano_3e3j5tkog48pnny9dmfzj1r16pg8t1e76dz5tmac6iq689wyjfpiij4txtdo,02ECA251004C4DAC1B2096FFF810EC454EE2FC78D69B033379DEB172AF02D9CE,258825931646,259026366982,200435336,
rsnano,nano-serial,nano_3e3j5tkog48pnny9dmfzj1r16pg8t1e76dz5tmac6iq689wyjfpiij4txtdo,875,nano_3e3j5tkog48pnny9dmfzj1r16pg8t1e76dz5tmac6iq689wyjfpiij4txtdo,A80D270F5D1DFAD85942B764530A0D3304C6AE83B7E74790D3405B8EE05CEB7B,259026372036,259226545483,200173447,
rsnano,nano-serial,nano_3e3j5tkog48pnny9dmfzj1r16pg8t1e76dz5tmac6iq689wyjfpiij4txtdo,876,nano_3e3j5tkog48pnny9dmfzj1r16pg8t1e76dz5tmac6iq689wyjfpiij4txtdo,355E9F56982E58EA3C79681B545D256567CC477FFF395D5F000D5B879989BE95,259226551385,259427109259,200557874,
rsnano,nano-serial,nano_3e3j5tkog48pnny9dmfzj1r16pg8t1e76dz5tmac6iq689wyjfpiij4txtdo,877,nano_3e3j5tkog48pnny9dmfzj1r16pg8t1e76dz5tmac6iq689wyjfpiij4txtdo,4B1ACB6A371885A197107C19A4E3C96012B656C99ABEB81B139516AFCB81670D,259427114703,259626976445,199861742,
rsnano,nano-serial,nano_3e3j5tkog48pnny9dmfzj1r16pg8t1e76dz5tmac6iq689wyjfpiij4txtdo,878,nano_3e3j5tkog48pnny9dmfzj1r16pg8t1e76dz5tmac6iq689wyjfpiij4txtdo,85AE2B30593BDE5110CFD8A23B86C58849585E7C4753585997DFBF24404AD6B7,259626982230,259827362617,200380387,
rsnano,nano-serial,nano_3e3j5tkog48pnny9dmfzj1r16pg8t1e76dz5tmac6iq689wyjfpiij4txtdo,879,nano_3e3j5tkog48pnny9dmfzj1r16pg8t1e76dz5tmac6iq689wyjfpiij4txtdo,400B0AF67D912BFD08A29013C3F52B4C2365758C662BEE89455463DBEE3DE865,259827368065,260027681005,200312940,
rsnano,nano-serial,nano_3e3j5tkog48pnny9dmfzj1r16pg8t1e76dz5tmac6iq689wyjfpiij4txtdo,880,nano_3e3j5tkog48pnny9dmfzj1r16pg8t1e76dz5tmac6iq689wyjfpiij4txtdo,B3742468C3FE3670A4D54682B158B173BF8E198D3CBDD7699FA50E11F0B5D02E,260027686862,260228146803,200459941,
rsnano,nano-serial,nano_3e3j5tkog48pnny9dmfzj1r16pg8t1e76dz5tmac6iq689wyjfpiij4txtdo,881,nano_3e3j5tkog48pnny9dmfzj1r16pg8t1e76dz5tmac6iq689wyjfpiij4txtdo,3EA5DE623CC3B68A3BC6939F5D142616ACABFF9E6ED1606C5465DA1E0B96EC24,260228152160,260428272888,200120728,
rsnano,nano-serial,nano_3e3j5tkog48pnny9dmfzj1r16pg8t1e76dz5tmac6iq689wyjfpiij4txtdo,882,nano_3e3j5tkog48pnny9dmfzj1r16pg8t1e76dz5tmac6iq689wyjfpiij4txtdo,6A4DFC07854A2F502B27DA3BC56BA391BDCC5F86DEC550D80F808B2D6B8EEE23,260428278087,260630637952,202359865,
rsnano,nano-serial,nano_3e3j5tkog48pnny9dmfzj1r16pg8t1e76dz5tmac6iq689wyjfpiij4txtdo,883,nano_3e3j5tkog48pnny9dmfzj1r16pg8t1e76dz5tmac6iq689wyjfpiij4txtdo,648AAC2F32315456DFE4E9A1FB20E05D111DE1564CCA91299ABED109E9198D9D,260630643343,260828707547,198064204,
rsnano,nano-serial,nano_3e3j5tkog48pnny9dmfzj1r16pg8t1e76dz5tmac6iq689wyjfpiij4txtdo,884,nano_3e3j5tkog48pnny9dmfzj1r16pg8t1e76dz5tmac6iq689wyjfpiij4txtdo,D13F9C2A7C4B80352AB1634FC8D232B98200CE66F2347F1772B667CE85BFE168,260828712599,261029097132,200384533,
rsnano,nano-serial,nano_3e3j5tkog48pnny9dmfzj1r16pg8t1e76dz5tmac6iq689wyjfpiij4txtdo,885,nano_3e3j5tkog48pnny9dmfzj1r16pg8t1e76dz5tmac6iq689wyjfpiij4txtdo,7EB992C15657D39F9EE2B065FE0639E7F3C9E696C78A28E20591C2F7A4DDCAC2,261029102304,261229497360,200395056,
rsnano,nano-serial,nano_3e3j5tkog48pnny9dmfzj1r16pg8t1e76dz5tmac6iq689wyjfpiij4txtdo,886,nano_3e3j5tkog48pnny9dmfzj1r16pg8t1e76dz5tmac6iq689wyjfpiij4txtdo,136DFDC2085604253E211B3EBE61004B8E58C302966518B74E9FE87BB85074F0,261229502531,261429526343,200023812,
rsnano,nano-serial,nano_3e3j5tkog48pnny9dmfzj1r16pg8t1e76dz5tmac6iq689wyjfpiij4txtdo,887,nano_3e3j5tkog48pnny9dmfzj1r16pg8t1e76dz5tmac6iq689wyjfpiij4txtdo,20FBF24BEBCFA3BB06A2E8EFAE2A3D57DCCA7EE1B0D09167127898F2E98C1929,261429531843,261629920304,200388461,
rsnano,nano-serial,nano_3e3j5tkog48pnny9dmfzj1r16pg8t1e76dz5tmac6iq689wyjfpiij4txtdo,888,nano_3e3j5tkog48pnny9dmfzj1r16pg8t1e76dz5tmac6iq689wyjfpiij4txtdo,6450BE7A90F9A93506B7C90E1653F9FEA85A12ACFE3F7265DE60A978420EF57A,261629925577,261830224064,200298487,
rsnano,nano-serial,nano_3e3j5tkog48pnny9dmfzj1r16pg8t1e76dz5tmac6iq689wyjfpiij4txtdo,889,nano_3e3j5tkog48pnny9dmfzj1r16pg8t1e76dz5tmac6iq689wyjfpiij4txtdo,5EEE6E3A1FF3965DF4561F142713AF57039C64DBB3F5B81EC04893E3F6973493,261830229237,262056193223,225963986,
rsnano,nano-serial,nano_3e3j5tkog48pnny9dmfzj1r16pg8t1e76dz5tmac6iq689wyjfpiij4txtdo,890,nano_3e3j5tkog48pnny9dmfzj1r16pg8t1e76dz5tmac6iq689wyjfpiij4txtdo,EFAA773A9372ED42C0DEA39D0E7DB44389C045009D1C0A3443861D2BC624E2D5,262056198460,262230688630,174490170,
rsnano,nano-serial,nano_3e3j5tkog48pnny9dmfzj1r16pg8t1e76dz5tmac6iq689wyjfpiij4txtdo,891,nano_3e3j5tkog48pnny9dmfzj1r16pg8t1e76dz5tmac6iq689wyjfpiij4txtdo,8358BF544ABFB2DFA239DBF42A1013E983F198D857FF2B19265CADCF4A74CFCD,262230694151,262431015595,200321444,
rsnano,nano-serial,nano_3e3j5tkog48pnny9dmfzj1r16pg8t1e76dz5tmac6iq689wyjfpiij4txtdo,892,nano_3e3j5tkog48pnny9dmfzj1r16pg8t1e76dz5tmac6iq689wyjfpiij4txtdo,1581BD046F7BB9D133A85344346CC81651BF38092138BABA29362ED0901D201D,262431022815,262631322692,200299877,
rsnano,nano-serial,nano_3e3j5tkog48pnny9dmfzj1r16pg8t1e76dz5tmac6iq689wyjfpiij4txtdo,893,nano_3e3j5tkog48pnny9dmfzj1r16pg8t1e76dz5tmac6iq689wyjfpiij4txtdo,CF14279E1E3AF23838A6E5E34FCE71254740261596F272AF4A39B0BFE11C59D9,262631328510,262831614416,200285906,
rsnano,nano-serial,nano_3e3j5tkog48pnny9dmfzj1r16pg8t1e76dz5tmac6iq689wyjfpiij4txtdo,894,nano_3e3j5tkog48pnny9dmfzj1r16pg8t1e76dz5tmac6iq689wyjfpiij4txtdo,5C6F60036735483DDD932974906D030E6589B6F5AB0BDE26A25E8B718BCE896C,262831619757,263031977264,200357507,
rsnano,nano-serial,nano_3e3j5tkog48pnny9dmfzj1r16pg8t1e76dz5tmac6iq689wyjfpiij4txtdo,895,nano_3e3j5tkog48pnny9dmfzj1r16pg8t1e76dz5tmac6iq689wyjfpiij4txtdo,DEDF6E370C6AC88D04910ADB239F9AC55D1E064311A5947474BC36C76FFD3190,263031984338,263232066007,200081669,
rsnano,nano-serial,nano_3e3j5tkog48pnny9dmfzj1r16pg8t1e76dz5tmac6iq689wyjfpiij4txtdo,896,nano_3e3j5tkog48pnny9dmfzj1r16pg8t1e76dz5tmac6iq689wyjfpiij4txtdo,83E120D7A2DD58E81DA4E1C6272E60084615071FA88A493B9024A9C904F15035,263232073309,263433240112,201166803,
rsnano,nano-serial,nano_3e3j5tkog48pnny9dmfzj1r16pg8t1e76dz5tmac6iq689wyjfpiij4txtdo,897,nano_3e3j5tkog48pnny9dmfzj1r16pg8t1e76dz5tmac6iq689wyjfpiij4txtdo,C5F5B165B316604244F7C25479AA4EBD8F526C83788CDE1A92A768B6F0A77D60,263433245383,263632684436,199439053,
rsnano,nano-serial,nano_3e3j5tkog48pnny9dmfzj1r16pg8t1e76dz5tmac6iq689wyjfpiij4txtdo,898,nano_3e3j5tkog48pnny9dmfzj1r16pg8t1e76dz5tmac6iq689wyjfpiij4txtdo,63627C7374D27F879EBC6304B9789652876BBEE62C195975A23AF712554E8097,263632690542,263832993044,200302502,
rsnano,nano-serial,nano_3e3j5tkog48pnny9dmfzj1r16pg8t1e76dz5tmac6iq689wyjfpiij4txtdo,899,nano_3e3j5tkog48pnny9dmfzj1r16pg8t1e76dz5tmac6iq689wyjfpiij4txtdo,CE04B8A8C13125ECC6C0571B8D2C7124BDBF7288E86B77DA9DF07C1BCE31452A,263832998458,264033400185,200401727,
rsnano,nano-serial,nano_3e3j5tkog48pnny9dmfzj1r16pg8t1e76dz5tmac6iq689wyjfpiij4txtdo,900,nano_3e3j5tkog48pnny9dmfzj1r16pg8t1e76dz5tmac6iq689wyjfpiij4txtdo,F696EB72D64404E97295752DCBF74D3E69BD090E4CD450B11D0844F7FD9E8F31,264033406004,264233699539,200293535,
rsnano,nano-serial,nano_3e3j5tkog48pnny9dmfzj1r16pg8t1e76dz5tmac6iq689wyjfpiij4txtdo,901,nano_3e3j5tkog48pnny9dmfzj1r16pg8t1e76dz5tmac6iq689wyjfpiij4txtdo,E54DCEA63C7CB6A411F7076A89A00A62FB4120B35219D9E3D90812A263338F4A,264233705099,264433888517,200183418,
rsnano,nano-serial,nano_3e3j5tkog48pnny9dmfzj1r16pg8t1e76dz5tmac6iq689wyjfpiij4txtdo,902,nano_3e3j5tkog48pnny9dmfzj1r16pg8t1e76dz5tmac6iq689wyjfpiij4txtdo,D226D7F245506A3E825F4C3D3F67BF6A8E5B026487E950757E89E838B22F9F7C,264433894132,264633969716,200075584,
rsnano,nano-serial,nano_3e3j5tkog48pnny9dmfzj1r16pg8t1e76dz5tmac6iq689wyjfpiij4txtdo,903,nano_3e3j5tkog48pnny9dmfzj1r16pg8t1e76dz5tmac6iq689wyjfpiij4txtdo,2BA864E75326E50734A37B82685B15163DF85E83FE8C9CDD92A58CD11660AA04,264633975633,264834327241,200351608,
rsnano,nano-serial,nano_3e3j5tkog48pnny9dmfzj1r16pg8t1e76dz5tmac6iq689wyjfpiij4txtdo,904,nano_3e3j5tkog48pnny9dmfzj1r16pg8t1e76dz5tmac6iq689wyjfpiij4txtdo,54D5BF3382638FFB439EF92C02BEDD890922ED25C3945FF4392C4E25E9F8D471,264834332605,265034660810,200328205,
rsnano,nano-serial,nano_3e3j5tkog48pnny9dmfzj1r16pg8t1e76dz5tmac6iq689wyjfpiij4txtdo,905,nano_3e3j5tkog48pnny9dmfzj1r16pg8t1e76dz5tmac6iq689wyjfpiij4txtdo,2C30355D564C7BCAC4674A9A56DF3242AC04F340A8EE0B848A101CE7D1076FAC,265034666017,265235118440,200452423,
rsnano,nano-serial,nano_3e3j5tkog48pnny9dmfzj1r16pg8t1e76dz5tmac6iq689wyjfpiij4txtdo,906,nano_3e3j5tkog48pnny9dmfzj1r16pg8t1e76dz5tmac6iq689wyjfpiij4txtdo,74CBEA04F0488E6DC8416554E2736A4C15B017F3F2053415707340EB0526A0CE,265235124105,265435752042,200627937,
rsnano,nano-serial,nano_3e3j5tkog48pnny9dmfzj1r16pg8t1e76dz5tmac6iq689wyjfpiij4txtdo,907,nano_3e3j5tkog48pnny9dmfzj1r16pg8t1e76dz5tmac6iq689wyjfpiij4txtdo,9B0E268BC8D5322944F6374C6D779FE00E4DB2E272B973508DB100C86BAC6062,265435757136,265635766699,200009563,
rsnano,nano-serial,nano_3e3j5tkog48pnny9dmfzj1r16pg8t1e76dz5tmac6iq689wyjfpiij4txtdo,908,nano_3e3j5tkog48pnny9dmfzj1r16pg8t1e76dz5tmac6iq689wyjfpiij4txtdo,E5EF4D3BF5D56BEF65714FFCA3EF484107CEB8DAFB9150C9433088AD5F6A1196,265635772669,265836118853,200346184,
rsnano,nano-serial,nano_3e3j5tkog48pnny9dmfzj1r16pg8t1e76dz5tmac6iq689wyjfpiij4txtdo,909,nano_3e3j5tkog48pnny9dmfzj1r16pg8t1e76dz5tmac6iq689wyjfpiij4txtdo,F52F0E79131C977B179C2F9A0B6CB06EC6256222BF46A4ABA8DBFE16D5D485A8,265836124543,266036264637,200140094,
rsnano,nano-serial,nano_3e3j5tkog48pnny9dmfzj1r16pg8t1e76dz5tmac6iq689wyjfpiij4txtdo,910,nano_3e3j5tkog48pnny9dmfzj1r16pg8t1e76dz5tmac6iq689wyjfpiij4txtdo,996A655EEFBDF7B87B3885F5E95BD749F5B44BD413A0FD3191A2626635C7F2D8,266036270513,266236512777,200242264,
rsnano,nano-serial,nano_3e3j5tkog48pnny9dmfzj1r16pg8t1e76dz5tmac6iq689wyjfpiij4txtdo,911,nano_3e3j5tkog48pnny9dmfzj1r16pg8t1e76dz5tmac6iq689wyjfpiij4txtdo,912D081CF6AC254B2105458B3CBF243807CA351CB18125AED0D4E9BF18A24CF6,266236518050,266436759714,200241664,
rsnano,nano-serial,nano_3e3j5tkog48pnny9dmfzj1r16pg8t1e76dz5tmac6iq689wyjfpiij4txtdo,912,nano_3e3j5tkog48pnny9dmfzj1r16pg8t1e76dz5tmac6iq689wyjfpiij4txtdo,E78609DC56EC863F009D48E569E9909A1412FB31EC64217FE46046DACD1C6214,266436765596,266637758570,200992974,
rsnano,nano-serial,nano_3e3j5tkog48pnny9dmfzj1r16pg8t1e76dz5tmac6iq689wyjfpiij4txtdo,913,nano_3e3j5tkog48pnny9dmfzj1r16pg8t1e76dz5tmac6iq689wyjfpiij4txtdo,F948F2BB4CF9CE3C55A4A51A332867051D136D5F758155B17A8676F204BAEDF2,266637764125,266837633044,199868919,
rsnano,nano-serial,nano_3e3j5tkog48pnny9dmfzj1r16pg8t1e76dz5tmac6iq689wyjfpiij4txtdo,914,nano_3e3j5tkog48pnny9dmfzj1r16pg8t1e76dz5tmac6iq689wyjfpiij4txtdo,C36B09FCB25D36C26863B1C3E1D022CD08E12C56526E045E048313F7DF33595A,266837638687,267039151606,201512919,
rsnano,nano-serial,nano_3e3j5tkog48pnny9dmfzj1r16pg8t1e76dz5tmac6iq689wyjfpiij4txtdo,915,nano_3e3j5tkog48pnny9dmfzj1r16pg8t1e76dz5tmac6iq689wyjfpiij4txtdo,48C8C3FCBE273357D5E271B8829A24C57320323F4D94DA8D079C5960D4F50057,267039157098,267238581925,199424827,
rsnano,nano-serial,nano_3e3j5tkog48pnny9dmfzj1r16pg8t1e76dz5tmac6iq689wyjfpiij4txtdo,916,nano_3e3j5tkog48pnny9dmfzj1r16pg8t1e76dz5tmac6iq689wyjfpiij4txtdo,D4F2A7196E8E7AEB80F2762FC84EDC86A0989ABD74DA3AD261D59A8873FE9D0E,267238587785,267438430238,199842453,
rsnano,nano-serial,nano_3e3j5tkog48pnny9dmfzj1r16pg8t1e76dz5tmac6iq689wyjfpiij4txtdo,917,nano_3e3j5tkog48pnny9dmfzj1r16pg8t1e76dz5tmac6iq689wyjfpiij4txtdo,7FAD4B5521F26898DA5642DE27DD6AE4712CB6C4CA3A9293A184C107048BA90D,267438436015,267638769822,200333807,
rsnano,nano-serial,nano_3e3j5tkog48pnny9dmfzj1r16pg8t1e76dz5tmac6iq689wyjfpiij4txtdo,918,nano_3e3j5tkog48pnny9dmfzj1r16pg8t1e76dz5tmac6iq689wyjfpiij4txtdo,438154F1BA741AB97B788F78FE4DDE965A5D8DB47FEB9F069E4EC0BE64FE308D,267638775042,267839646523,200871481,
rsnano,nano-serial,nano_3e3j5tkog48pnny9dmfzj1r16pg8t1e76dz5tmac6iq689wyjfpiij4txtdo,919,nano_3e3j5tkog48pnny9dmfzj1r16pg8t1e76dz5tmac6iq689wyjfpiij4txtdo,C6A6265B9DFEA44D0842F5CAAF10D36BED446BF78C8EFD9979F4B2266B47D70F,267839652239,268044267443,204615204,
rsnano,nano-serial,nano_3e3j5tkog48pnny9dmfzj1r16pg8t1e76dz5tmac6iq689wyjfpiij4txtdo,920,nano_3e3j5tkog48pnny9dmfzj1r16pg8t1e76dz5tmac6iq689wyjfpiij4txtdo,5A57F0A9060A4DAA10976D93C6205A73A3F4B79C0167E1CBB528ACA19FA44B3C,268044273126,268239528730,195255604,
rsnano,nano-serial,nano_3e3j5tkog48pnny9dmfzj1r16pg8t1e76dz5tmac6iq689wyjfpiij4txtdo,921,nano_3e3j5tkog48pnny9dmfzj1r16pg8t1e76dz5tmac6iq689wyjfpiij4txtdo,DCCFB10D521399A6F43669322EEDC0E921853DE89A64296F898681CB34AF7232,268239534367,268439812620,200278253,
rsnano,nano-serial,nano_3e3j5tkog48pnny9dmfzj1r16pg8t1e76dz5tmac6iq689wyjfpiij4txtdo,922,nano_3e3j5tkog48pnny9dmfzj1r16pg8t1e76dz5tmac6iq689wyjfpiij4txtdo,66FBA8022D1E8CE42B5D38B3D3E942D817528D6D712E00DF7C2AB287D6E97428,268439817862,268640137642,200319780,
rsnano,nano-serial,nano_3e3j5tkog48pnny9dmfzj1r16pg8t1e76dz5tmac6iq689wyjfpiij4txtdo,923,nano_3e3j5tkog48pnny9dmfzj1r16pg8t1e76dz5tmac6iq689wyjfpiij4txtdo,7171298C8BE0C3D882F5831E159C229E51131BA9C980724431E74267FD5622AD,268640143255,268840375607,200232352,
rsnano,nano-serial,nano_3e3j5tkog48pnny9dmfzj1r16pg8t1e76dz5tmac6iq689wyjfpiij4txtdo,924,nano_3e3j5tkog48pnny9dmfzj1r16pg8t1e76dz5tmac6iq689wyjfpiij4txtdo,CCAE78993BFFA245367FF80E421DDCFEE239298F87E21BDA392D69AE46F378F7,268840380775,269040683352,200302577,
rsnano,nano-serial,nano_3e3j5tkog48pnny9dmfzj1r16pg8t1e76dz5tmac6iq689wyjfpiij4txtdo,925,nano_3e3j5tkog48pnny9dmfzj1r16pg8t1e76dz5tmac6iq689wyjfpiij4txtdo,90B96329F595DF7CA844DB26AA1C0894317D390AB909E293B4DFA985E906F705,269040689168,269240861788,200172620,
rsnano,nano-serial,nano_3e3j5tkog48pnny9dmfzj1r16pg8t1e76dz5tmac6iq689wyjfpiij4txtdo,926,nano_3e3j5tkog48pnny9dmfzj1r16pg8t1e76dz5tmac6iq689wyjfpiij4txtdo,1FDDDB2E9659BBA76A3421241F3EDFF658B3E51B262997E5B5093E433ADAA9B0,269240868186,269441199926,200331740,
rsnano,nano-serial,nano_3e3j5tkog48pnny9dmfzj1r16pg8t1e76dz5tmac6iq689wyjfpiij4txtdo,927,nano_3e3j5tkog48pnny9dmfzj1r16pg8t1e76dz5tmac6iq689wyjfpiij4txtdo,AF6977B72FD3A5C5E0331C76B34206E150DEC58567314781A1BCF3F094B920EE,269441214981,269641514029,200299048,
rsnano,nano-serial,nano_3e3j5tkog48pnny9dmfzj1r16pg8t1e76dz5tmac6iq689wyjfpiij4txtdo,928,nano_3e3j5tkog48pnny9dmfzj1r16pg8t1e76dz5tmac6iq689wyjfpiij4txtdo,47573D7041D418E7607A0F8DC47DFA34AE65D86DD2B2B478167952336B91BA47,269641520450,269841933098,200412648,
rsnano,nano-serial,nano_3e3j5tkog48pnny9dmfzj1r16pg8t1e76dz5tmac6iq689wyjfpiij4txtdo,929,nano_3e3j5tkog48pnny9dmfzj1r16pg8t1e76dz5tmac6iq689wyjfpiij4txtdo,4D0B0D8B94935CBA6B83F140A38FEE88555440A12BDAD86FD574E86E8B0A9C4B,269841938470,270042228315,200289845,
rsnano,nano-serial,nano_3e3j5tkog48pnny9dmfzj1r16pg8t1e76dz5tmac6iq689wyjfpiij4txtdo,930,nano_3e3j5tkog48pnny9dmfzj1r16pg8t1e76dz5tmac6iq689wyjfpiij4txtdo,8A740D95DADA2462169E2B7466220694BD451D9C44F9F95B25F9AEC911BDBD7A,270042234017,270247216345,204982328,
rsnano,nano-serial,nano_3e3j5tkog48pnny9dmfzj1r16pg8t1e76dz5tmac6iq689wyjfpiij4txtdo,931,nano_3e3j5tkog48pnny9dmfzj1r16pg8t1e76dz5tmac6iq689wyjfpiij4txtdo,156491090AC0B7FEDB38E9CCCC44A09ACFD6DE32406FC66D5704420B2D3C32F6,270247229656,270442691043,195461387,
rsnano,nano-serial,nano_3e3j5tkog48pnny9dmfzj1r16pg8t1e76dz5tmac6iq689wyjfpiij4txtdo,932,nano_3e3j5tkog48pnny9dmfzj1r16pg8t1e76dz5tmac6iq689wyjfpiij4txtdo,AEF6B909A747450816D38583472EE5ABD4C093EC6002EF40EC6F73A90C6C3BBD,270442696173,270642986345,200290172,
rsnano,nano-serial,nano_3e3j5tkog48pnny9dmfzj1r16pg8t1e76dz5tmac6iq689wyjfpiij4txtdo,933,nano_3e3j5tkog48pnny9dmfzj1r16pg8t1e76dz5tmac6iq689wyjfpiij4txtdo,7F0E28AF9EAE7DC6AF09211DD2341CE986DC28BEFCD61819F5015D584A96C97A,270642991885,270843331404,200339519,
rsnano,nano-serial,nano_3e3j5tkog48pnny9dmfzj1r16pg8t1e76dz5tmac6iq689wyjfpiij4txtdo,934,nano_3e3j5tkog48pnny9dmfzj1r16pg8t1e76dz5tmac6iq689wyjfpiij4txtdo,07F72295314860D78C1F7BA28DEAC4769E53D75451DF1F3D42A41ABDD3B05999,270843337260,271043763357,200426097,
rsnano,nano-serial,nano_3e3j5tkog48pnny9dmfzj1r16pg8t1e76dz5tmac6iq689wyjfpiij4txtdo,935,nano_3e3j5tkog48pnny9dmfzj1r16pg8t1e76dz5tmac6iq689wyjfpiij4txtdo,51F654806D11634C3389E1160F66692FC3B71B0AF8B7279788C427FA77E3524C,271043768751,271243948795,200180044,
rsnano,nano-serial,nano_3e3j5tkog48pnny9dmfzj1r16pg8t1e76dz5tmac6iq689wyjfpiij4txtdo,936,nano_3e3j5tkog48pnny9dmfzj1r16pg8t1e76dz5tmac6iq689wyjfpiij4txtdo,223FB014BA88E429F377919CCECFC8C9C836781FC843D1F5CA54922E90E45B51,271243955205,271444397183,200441978,
rsnano,nano-serial,nano_3e3j5tkog48pnny9dmfzj1r16pg8t1e76dz5tmac6iq689wyjfpiij4txtdo,937,nano_3e3j5tkog48pnny9dmfzj1r16pg8t1e76dz5tmac6iq689wyjfpiij4txtdo,0A8AFD48DA3000F63D9CBF7067605948AAA1756EEA15FE3CD21870CDA8C5465E,271444403162,271644652532,200249370,
rsnano,nano-serial,nano_3e3j5tkog48pnny9dmfzj1r16pg8t1e76dz5tmac6iq689wyjfpiij4txtdo,938,nano_3e3j5tkog48pnny9dmfzj1r16pg8t1e76dz5tmac6iq689wyjfpiij4txtdo,A4CDC4EDC7DA7893097700E46D35D8F3883ADCD9DEF1D3829AB26C3FC7B69A1E,271644658119,271845019924,200361805,
rsnano,nano-serial,nano_3e3j5tkog48pnny9dmfzj1r16pg8t1e76dz5tmac6iq689wyjfpiij4txtdo,939,nano_3e3j5tkog48pnny9dmfzj1r16pg8t1e76dz5tmac6iq689wyjfpiij4txtdo,C70FEBC54A31EDA21715251DAE5736E55A33A7EA47B189DE5C4C8162C1EBE73A,271845032387,272045281049,200248662,
rsnano,nano-serial,nano_3e3j5tkog48pnny9dmfzj1r16pg8t1e76dz5tmac6iq689wyjfpiij4txtdo,940,nano_3e3j5tkog48pnny9dmfzj1r16pg8t1e76dz5tmac6iq689wyjfpiij4txtdo,DE8579EBFEBD29B82F2B1324CD8DDE05A5C96E3A97581D2E4E4FC99400C70B35,272045286772,272245621290,200334518,
rsnano,nano-serial,nano_3e3j5tkog48pnny9dmfzj1r16pg8t1e76dz5tmac6iq689wyjfpiij4txtdo,941,nano_3e3j5tkog48pnny9dmfzj1r16pg8t1e76dz5tmac6iq689wyjfpiij4txtdo,A4758D989B7AD0750F977394B803AEA720314D3053C9DEE6B8E4A6BE0EC67207,272245626755,272445841751,200214996,
rsnano,nano-serial,nano_3e3j5tkog48pnny9dmfzj1r16pg8t1e76dz5tmac6iq689wyjfpiij4txtdo,942,nano_3e3j5tkog48pnny9dmfzj1r16pg8t1e76dz5tmac6iq689wyjfpiij4txtdo,BE5AA84677D80E0671C19E4B95C70AD0A89F6DF2893CB14EA30A0E206056E876,272445847415,272646055982,200208567,
rsnano,nano-serial,nano_3e3j5tkog48pnny9dmfzj1r16pg8t1e76dz5tmac6iq689wyjfpiij4txtdo,943,nano_3e3j5tkog48pnny9dmfzj1r16pg8t1e76dz5tmac6iq689wyjfpiij4txtdo,175DC91D57A3D3436F591525F94A9F37B8F6534588A74BF0A4064050329EA4A1,272646061372,272846711734,200650362,
rsnano,nano-serial,nano_3e3j5tkog48pnny9dmfzj1r16pg8t1e76dz5tmac6iq689wyjfpiij4txtdo,944,nano_3e3j5tkog48pnny9dmfzj1r16pg8t1e76dz5tmac6iq689wyjfpiij4txtdo,EC5297EA486643E5B260B686376358115F1D40FC20E5F2D2B7C1583001DD54DD,272846717770,273046900517,200182747,
rsnano,nano-serial,nano_3e3j5tkog48pnny9dmfzj1r16pg8t1e76dz5tmac6iq689wyjfpiij4txtdo,945,nano_3e3j5tkog48pnny9dmfzj1r16pg8t1e76dz5tmac6iq689wyjfpiij4txtdo,AF7E8890AB54B82DBF678EF1E30692ACFA6D851F50CF1BD23B27BA76991006FE,273046906167,273246950007,200043840,
rsnano,nano-serial,nano_3e3j5tkog48pnny9dmfzj1r16pg8t1e76dz5tmac6iq689wyjfpiij4txtdo,946,nano_3e3j5tkog48pnny9dmfzj1r16pg8t1e76dz5tmac6iq689wyjfpiij4txtdo,6B2009E6DE0937CFF7D84B9C9B7D563AE177AF8F4CF73DA205394D871A12C855,273246954859,273447276820,200321961,
rsnano,nano-serial,nano_3e3j5tkog48pnny9dmfzj1r16pg8t1e76dz5tmac6iq689wyjfpiij4txtdo,947,nano_3e3j5tkog48pnny9dmfzj1r16pg8t1e76dz5tmac6iq689wyjfpiij4txtdo,35C73EA9EF6C8A5152042681E990C0B969AABCC8072E47A2AC431136E1695E45,273447281789,273647617298,200335509,
rsnano,nano-serial,nano_3e3j5tkog48pnny9dmfzj1r16pg8t1e76dz5tmac6iq689wyjfpiij4txtdo,948,nano_3e3j5tkog48pnny9dmfzj1r16pg8t1e76dz5tmac6iq689wyjfpiij4txtdo,DDDC0EEA4D9B614E1F7E63FB1FB00387BD07A119392C0D79B2444469A633EF9F,273647623087,273847892352,200269265,
rsnano,nano-serial,nano_3e3j5tkog48pnny9dmfzj1r16pg8t1e76dz5tmac6iq689wyjfpiij4txtdo,949,nano_3e3j5tkog48pnny9dmfzj1r16pg8t1e76dz5tmac6iq689wyjfpiij4txtdo,55DF572F34D5AF2827FDA133A063B509DD8BD35998C6D0C4842A77860DC1B7CF,273847898463,274050766933,202868470,
rsnano,nano-serial,nano_3e3j5tkog48pnny9dmfzj1r16pg8t1e76dz5tmac6iq689wyjfpiij4txtdo,950,nano_3e3j5tkog48pnny9dmfzj1r16pg8t1e76dz5tmac6iq689wyjfpiij4txtdo,E7F0F5F07CF23CF6200FBBB0F7B29CFB93EFBFF27B56413928CCB34F7C9B7B46,274050772412,274248541368,197768956,
rsnano,nano-serial,nano_3e3j5tkog48pnny9dmfzj1r16pg8t1e76dz5tmac6iq689wyjfpiij4txtdo,951,nano_3e3j5tkog48pnny9dmfzj1r16pg8t1e76dz5tmac6iq689wyjfpiij4txtdo,7674084FDE36F065F547F9B91C90F7529935FB76C90777AFEEB15763292A8589,274248547469,274448858908,200311439,
rsnano,nano-serial,nano_3e3j5tkog48pnny9dmfzj1r16pg8t1e76dz5tmac6iq689wyjfpiij4txtdo,952,nano_3e3j5tkog48pnny9dmfzj1r16pg8t1e76dz5tmac6iq689wyjfpiij4txtdo,BCBEFF3D03605CD5941D5EA69E8952106DB23FEACB2F59F6FCE91A9EBF35707D,274448864367,274649151940,200287573,
rsnano,nano-serial,nano_3e3j5tkog48pnny9dmfzj1r16pg8t1e76dz5tmac6iq689wyjfpiij4txtdo,953,nano_3e3j5tkog48pnny9dmfzj1r16pg8t1e76dz5tmac6iq689wyjfpiij4txtdo,6B0344E874F0001B236CC0876647102C4837FEC03D7D972F28EB3D03CA9152FD,274649157427,274849411284,200253857,
rsnano,nano-serial,nano_3e3j5tkog48pnny9dmfzj1r16pg8t1e76dz5tmac6iq689wyjfpiij4txtdo,954,nano_3e3j5tkog48pnny9dmfzj1r16pg8t1e76dz5tmac6iq689wyjfpiij4txtdo,6F026EEC9CAE60FBA5325CD2B8313DF785797D9E9CB6DCDC881755F413CD0A45,274849416385,275049997459,200581074,
rsnano,nano-serial,nano_3e3j5tkog48pnny9dmfzj1r16pg8t1e76dz5tmac6iq689wyjfpiij4txtdo,955,nano_3e3j5tkog48pnny9dmfzj1r16pg8t1e76dz5tmac6iq689wyjfpiij4txtdo,9CE307AFC4697C0760D5FE704F1C98FBAA9DC1A740D66FDB7318469129BD9CED,275050021824,275249989918,199968094,
rsnano,nano-serial,nano_3e3j5tkog48pnny9dmfzj1r16pg8t1e76dz5tmac6iq689wyjfpiij4txtdo,956,nano_3e3j5tkog48pnny9dmfzj1r16pg8t1e76dz5tmac6iq689wyjfpiij4txtdo,E9EFB9B643F465857DDA48404C56D1BFCAF2BA2690467EEE1C325B007F2CF63D,275249995265,275450312502,200317237,
rsnano,nano-serial,nano_3e3j5tkog48pnny9dmfzj1r16pg8t1e76dz5tmac6iq689wyjfpiij4txtdo,957,nano_3e3j5tkog48pnny9dmfzj1r16pg8t1e76dz5tmac6iq689wyjfpiij4txtdo,381F44C89D902E141203D7239123034D1FB189773FD667A9CCABE0CBF285654C,275450318069,275650555409,200237340,
rsnano,nano-serial,nano_3e3j5tkog48pnny9dmfzj1r16pg8t1e76dz5tmac6iq689wyjfpiij4txtdo,958,nano_3e3j5tkog48pnny9dmfzj1r16pg8t1e76dz5tmac6iq689wyjfpiij4txtdo,A041C39FA93C16F08474C4B0E3A2C9EC383DB69046C0EC38B62D1EAF70C0136F,275650562002,275851048406,200486404,
rsnano,nano-serial,nano_3e3j5tkog48pnny9dmfzj1r16pg8t1e76dz5tmac6iq689wyjfpiij4txtdo,959,nano_3e3j5tkog48pnny9dmfzj1r16pg8t1e76dz5tmac6iq689wyjfpiij4txtdo,10033228FB7103811BE08C8549D7E59204F162418EC5A4D2F5D906654B1EBC80,275851053647,276051277130,200223483,
rsnano,nano-serial,nano_3e3j5tkog48pnny9dmfzj1r16pg8t1e76dz5tmac6iq689wyjfpiij4txtdo,960,nano_3e3j5tkog48pnny9dmfzj1r16pg8t1e76dz5tmac6iq689wyjfpiij4txtdo,DFB55CB901C03172AE8E098D979F750D980BAFAAA4D53F7C13D6A205D91E0901,276051282815,276251540520,200257705,
rsnano,nano-serial,nano_3e3j5tkog48pnny9dmfzj1r16pg8t1e76dz5tmac6iq689wyjfpiij4txtdo,961,nano_3e3j5tkog48pnny9dmfzj1r16pg8t1e76dz5tmac6iq689wyjfpiij4txtdo,D22564899408C15B1B05FE7D57ADA98632977725EEEA3C520C604F16FD00B2BB,276251546394,276451757952,200211558,
rsnano,nano-serial,nano_3e3j5tkog48pnny9dmfzj1r16pg8t1e76dz5tmac6iq689wyjfpiij4txtdo,962,nano_3e3j5tkog48pnny9dmfzj1r16pg8t1e76dz5tmac6iq689wyjfpiij4txtdo,50ABD537053C98417A7F2E10DBD40CD3E70467A7D53F6A88377213C8F960129C,276451764094,276652077736,200313642,
rsnano,nano-serial,nano_3e3j5tkog48pnny9dmfzj1r16pg8t1e76dz5tmac6iq689wyjfpiij4txtdo,963,nano_3e3j5tkog48pnny9dmfzj1r16pg8t1e76dz5tmac6iq689wyjfpiij4txtdo,685287B6475831C624C8279EDF448C13A86CC371500F3634F1DF2F29E57C7B52,276652083421,276852466249,200382828,
rsnano,nano-serial,nano_3e3j5tkog48pnny9dmfzj1r16pg8t1e76dz5tmac6iq689wyjfpiij4txtdo,964,nano_3e3j5tkog48pnny9dmfzj1r16pg8t1e76dz5tmac6iq689wyjfpiij4txtdo,724868EE3A694767C783CD69595BC96F3D947086F65793C5C13983F25BB5E3E6,276852472173,277052781541,200309368,
rsnano,nano-serial,nano_3e3j5tkog48pnny9dmfzj1r16pg8t1e76dz5tmac6iq689wyjfpiij4txtdo,965,nano_3e3j5tkog48pnny9dmfzj1r16pg8t1e76dz5tmac6iq689wyjfpiij4txtdo,C89A3B0D6801523F7583C3212EE7DED5E6C03F6DB1C4FED3AF835FAC91350C3D,277052789021,277253120179,200331158,
rsnano,nano-serial,nano_3e3j5tkog48pnny9dmfzj1r16pg8t1e76dz5tmac6iq689wyjfpiij4txtdo,966,nano_3e3j5tkog48pnny9dmfzj1r16pg8t1e76dz5tmac6iq689wyjfpiij4txtdo,EE61A8D0914F0A942CAC29ACB7361B71657A0C9792F652C77FF05552CEB3A0A9,277253126125,277453440011,200313886,
rsnano,nano-serial,nano_3e3j5tkog48pnny9dmfzj1r16pg8t1e76dz5tmac6iq689wyjfpiij4txtdo,967,nano_3e3j5tkog48pnny9dmfzj1r16pg8t1e76dz5tmac6iq689wyjfpiij4txtdo,376621E7DFBD02BB3EBE4A8C1A812CBBC12F137659AA820C1482C494EC28F2B2,277453445455,277653864313,200418858,
rsnano,nano-serial,nano_3e3j5tkog48pnny9dmfzj1r16pg8t1e76dz5tmac6iq689wyjfpiij4txtdo,968,nano_3e3j5tkog48pnny9dmfzj1r16pg8t1e76dz5tmac6iq689wyjfpiij4txtdo,E9C5EC1AD43BCA7E06E9B04EC0A4493EFBB166558FC1C4A4C0E0068177139088,277653870313,277853979000,200108687,
rsnano,nano-serial,nano_3e3j5tkog48pnny9dmfzj1r16pg8t1e76dz5tmac6iq689wyjfpiij4txtdo,969,nano_3e3j5tkog48pnny9dmfzj1r16pg8t1e76dz5tmac6iq689wyjfpiij4txtdo,DE391D2E0C36FAD95DF5CBE9785334993921CB66A8FBB04CE850BC1CEEAFDBA6,277853984663,278054347500,200362837,
rsnano,nano-serial,nano_3e3j5tkog48pnny9dmfzj1r16pg8t1e76dz5tmac6iq689wyjfpiij4txtdo,970,nano_3e3j5tkog48pnny9dmfzj1r16pg8t1e76dz5tmac6iq689wyjfpiij4txtdo,DC8FACD9F84C30B0EB0CFB40C3D1799B16C4985F77F7A4DE0D32B99A31E6990C,278054352786,278254688258,200335472,
rsnano,nano-serial,nano_3e3j5tkog48pnny9dmfzj1r16pg8t1e76dz5tmac6iq689wyjfpiij4txtdo,971,nano_3e3j5tkog48pnny9dmfzj1r16pg8t1e76dz5tmac6iq689wyjfpiij4txtdo,61EC0EEE1AA468A85258D0C0EF7D0959037158C6EB65B9F77269B39CC1C5F33F,278254693732,278454873316,200179584,
rsnano,nano-serial,nano_3e3j5tkog48pnny9dmfzj1r16pg8t1e76dz5tmac6iq689wyjfpiij4txtdo,972,nano_3e3j5tkog48pnny9dmfzj1r16pg8t1e76dz5tmac6iq689wyjfpiij4txtdo,BC0114EA0144A0D998D8DDE33EDD478BA225BE72120CD06CE38B31FFE72EEE49,278454878911,278655290500,200411589,
rsnano,nano-serial,nano_3e3j5tkog48pnny9dmfzj1r16pg8t1e76dz5tmac6iq689wyjfpiij4txtdo,973,nano_3e3j5tkog48pnny9dmfzj1r16pg8t1e76dz5tmac6iq689wyjfpiij4txtdo,844851D1F2089CC3DE320D0D10DA71EB96B77B465421584CEACD3D9620858896,278655296302,278855491887,200195585,
rsnano,nano-serial,nano_3e3j5tkog48pnny9dmfzj1r16pg8t1e76dz5tmac6iq689wyjfpiij4txtdo,974,nano_3e3j5tkog48pnny9dmfzj1r16pg8t1e76dz5tmac6iq689wyjfpiij4txtdo,060CECC12AC6477618149F495B39B7A9F4C9842936356A75D6DC45DC33E5B668,278855497886,279055904191,200406305,
rsnano,nano-serial,nano_3e3j5tkog48pnny9dmfzj1r16pg8t1e76dz5tmac6iq689wyjfpiij4txtdo,975,nano_3e3j5tkog48pnny9dmfzj1r16pg8t1e76dz5tmac6iq689wyjfpiij4txtdo,2D668209FE311E875B856DA01437F1210D8D256DE9C05A315EBFDFCEFA2A5820,279055910287,279256090476,200180189,
rsnano,nano-serial,nano_3e3j5tkog48pnny9dmfzj1r16pg8t1e76dz5tmac6iq689wyjfpiij4txtdo,976,nano_3e3j5tkog48pnny9dmfzj1r16pg8t1e76dz5tmac6iq689wyjfpiij4txtdo,48F0F2C58A515482638C2FB6E41D7F56CE817E87F4B956C30AC1648D6BB078E2,279256095889,279456526212,200430323,
rsnano,nano-serial,nano_3e3j5tkog48pnny9dmfzj1r16pg8t1e76dz5tmac6iq689wyjfpiij4txtdo,977,nano_3e3j5tkog48pnny9dmfzj1r16pg8t1e76dz5tmac6iq689wyjfpiij4txtdo,D50E57A70E83DEFC3D09B718B107A8950114BE0AD36DE9DB9F1E39309A00ED97,279456532274,279656763154,200230880,
rsnano,nano-serial,nano_3e3j5tkog48pnny9dmfzj1r16pg8t1e76dz5tmac6iq689wyjfpiij4txtdo,978,nano_3e3j5tkog48pnny9dmfzj1r16pg8t1e76dz5tmac6iq689wyjfpiij4txtdo,7AB602C15692A85E1A871F7AD7BB077033A6A342922EDE675E1EDA04C93409EB,279656768726,279857125068,200356342,
rsnano,nano-serial,nano_3e3j5tkog48pnny9dmfzj1r16pg8t1e76dz5tmac6iq689wyjfpiij4txtdo,979,nano_3e3j5tkog48pnny9dmfzj1r16pg8t1e76dz5tmac6iq689wyjfpiij4txtdo,A86D4E807CDF73B025B137C23AA5A533799D0390BD316965CD8E598A3DD95036,279857131129,280057353159,200222030,
rsnano,nano-serial,nano_3e3j5tkog48pnny9dmfzj1r16pg8t1e76dz5tmac6iq689wyjfpiij4txtdo,980,nano_3e3j5tkog48pnny9dmfzj1r16pg8t1e76dz5tmac6iq689wyjfpiij4txtdo,40F67F09EAFF0BB14A724867478768BFEB65F578AF42ADB245F947A81211C42C,280057358977,280257719038,200360061,
rsnano,nano-serial,nano_3e3j5tkog48pnny9dmfzj1r16pg8t1e76dz5tmac6iq689wyjfpiij4txtdo,981,nano_3e3j5tkog48pnny9dmfzj1r16pg8t1e76dz5tmac6iq689wyjfpiij4txtdo,393407B85DE769BCE138B78E7FAB704FA7B6DFF4EFE78F7B9E5FA91EDCCEA5C0,280257724139,280458163946,200439807,
rsnano,nano-serial,nano_3e3j5tkog48pnny9dmfzj1r16pg8t1e76dz5tmac6iq689wyjfpiij4txtdo,982,nano_3e3j5tkog48pnny9dmfzj1r16pg8t1e76dz5tmac6iq689wyjfpiij4txtdo,2877DE5FF4B19224C25616AFE58C0D0E2710B944FCD5D3B43A62802BA0A4DCDB,280458169090,280658331596,200162506,
rsnano,nano-serial,nano_3e3j5tkog48pnny9dmfzj1r16pg8t1e76dz5tmac6iq689wyjfpiij4txtdo,983,nano_3e3j5tkog48pnny9dmfzj1r16pg8t1e76dz5tmac6iq689wyjfpiij4txtdo,4FE250732CE43C97A16710F17CB117E35C643BF3D397C828DCF94ABDEFE7AB1A,280658336970,280858739080,200402110,
rsnano,nano-serial,nano_3e3j5tkog48pnny9dmfzj1r16pg8t1e76dz5tmac6iq689wyjfpiij4txtdo,984,nano_3e3j5tkog48pnny9dmfzj1r16pg8t1e76dz5tmac6iq689wyjfpiij4txtdo,20C7DE609B3560A333D4008339A91B3A02B018E4C793501CD449A792AE758D09,280858744698,281059043399,200298701,
rsnano,nano-serial,nano_3e3j5tkog48pnny9dmfzj1r16pg8t1e76dz5tmac6iq689wyjfpiij4txtdo,985,nano_3e3j5tkog48pnny9dmfzj1r16pg8t1e76dz5tmac6iq689wyjfpiij4txtdo,6067A741652173616E1D1053FEEDE6BE36434836D9899A54CD23F6238BCD78D3,281059048793,281259235721,200186928,
rsnano,nano-serial,nano_3e3j5tkog48pnny9dmfzj1r16pg8t1e76dz5tmac6iq689wyjfpiij4txtdo,986,nano_3e3j5tkog48pnny9dmfzj1r16pg8t1e76dz5tmac6iq689wyjfpiij4txtdo,D169943BF7E344FC5569247E1FB13FCD6E5FF0FC7F20AF26FF1652300D761BD9,281259241127,281459585428,200344301,
rsnano,nano-serial,nano_3e3j5tkog48pnny9dmfzj1r16pg8t1e76dz5tmac6iq689wyjfpiij4txtdo,987,nano_3e3j5tkog48pnny9dmfzj1r16pg8t1e76dz5tmac6iq689wyjfpiij4txtdo,D9BE8D52331A91F9F4C4CE2581611AE29634C8CF5D82819510EC8A318E5BE5BC,281459591755,281660157136,200565381,
rsnano,nano-serial,nano_3e3j5tkog48pnny9dmfzj1r16pg8t1e76dz5tmac6iq689wyjfpiij4txtdo,988,nano_3e3j5tkog48pnny9dmfzj1r16pg8t1e76dz5tmac6iq689wyjfpiij4txtdo,1B256BD86D21F105246C89285FFE233A61B7B842580A8286843E28AC8E5CB970,281660163221,281860182764,200019543,
rsnano,nano-serial,nano_3e3j5tkog48pnny9dmfzj1r16pg8t1e76dz5tmac6iq689wyjfpiij4txtdo,989,nano_3e3j5tkog48pnny9dmfzj1r16pg8t1e76dz5tmac6iq689wyjfpiij4txtdo,453BECB8205E2C80B6C894CCC5C9E6E30CF6A87F910F6B07216B9082D08CFC00,281860188285,282060399607,200211322,
rsnano,nano-serial,nano_3e3j5tkog48pnny9dmfzj1r16pg8t1e76dz5tmac6iq689wyjfpiij4txtdo,990,nano_3e3j5tkog48pnny9dmfzj1r16pg8t1e76dz5tmac6iq689wyjfpiij4txtdo,A3C96195BD7D6F960879117037C7DC81F0D82C3B67F63D4CAD33663CEAD671D0,282060405287,282261192806,200787519,
rsnano,nano-serial,nano_3e3j5tkog48pnny9dmfzj1r16pg8t1e76dz5tmac6iq689wyjfpiij4txtdo,991,nano_3e3j5tkog48pnny9dmfzj1r16pg8t1e76dz5tmac6iq689wyjfpiij4txtdo,A9DB301F40D4D89E8818F275795BB2EB2C31BFF45B92A38C67E0BDB26E8074F7,282261197890,282461266926,200069036,
rsnano,nano-serial,nano_3e3j5tkog48pnny9dmfzj1r16pg8t1e76dz5tmac6iq689wyjfpiij4txtdo,992,nano_3e3j5tkog48pnny9dmfzj1r16pg8t1e76dz5tmac6iq689wyjfpiij4txtdo,270EEE6D4794B2152AA265EB8C61916F339B92E766E23302F8E65525DCF8EBEE,282461272245,282661408976,200136731,
rsnano,nano-serial,nano_3e3j5tkog48pnny9dmfzj1r16pg8t1e76dz5tmac6iq689wyjfpiij4txtdo,993,nano_3e3j5tkog48pnny9dmfzj1r16pg8t1e76dz5tmac6iq689wyjfpiij4txtdo,D715C011A6D43EA4ABE0AE811EAF02A0F10B851D01B049DFFC7F5CDCF915E18C,282661414542,282861759918,200345376,
rsnano,nano-serial,nano_3e3j5tkog48pnny9dmfzj1r16pg8t1e76dz5tmac6iq689wyjfpiij4txtdo,994,nano_3e3j5tkog48pnny9dmfzj1r16pg8t1e76dz5tmac6iq689wyjfpiij4txtdo,C2F91F256091EC90D54C03D1E4DC7372BF0B19E0D7EC60BED28BFF233E27707F,282861765190,283062016886,200251696,
rsnano,nano-serial,nano_3e3j5tkog48pnny9dmfzj1r16pg8t1e76dz5tmac6iq689wyjfpiij4txtdo,995,nano_3e3j5tkog48pnny9dmfzj1r16pg8t1e76dz5tmac6iq689wyjfpiij4txtdo,1B4196C068FB909B665716DD75A655DC5F8D6906042174D9834AB337DFB6F14C,283062024676,283262288449,200263773,
rsnano,nano-serial,nano_3e3j5tkog48pnny9dmfzj1r16pg8t1e76dz5tmac6iq689wyjfpiij4txtdo,996,nano_3e3j5tkog48pnny9dmfzj1r16pg8t1e76dz5tmac6iq689wyjfpiij4txtdo,F73B3E6517C7386315B344CE994A92C07AF404AEF2DF5C0355277797E141A813,283262294002,283462513761,200219759,
rsnano,nano-serial,nano_3e3j5tkog48pnny9dmfzj1r16pg8t1e76dz5tmac6iq689wyjfpiij4txtdo,997,nano_3e3j5tkog48pnny9dmfzj1r16pg8t1e76dz5tmac6iq689wyjfpiij4txtdo,3B8379F0B1AA625C2BB180854943ADC05A516AC85AB4C6A1EC9D55E5246C7254,283462518937,283663208335,200689398,
rsnano,nano-serial,nano_3e3j5tkog48pnny9dmfzj1r16pg8t1e76dz5tmac6iq689wyjfpiij4txtdo,998,nano_3e3j5tkog48pnny9dmfzj1r16pg8t1e76dz5tmac6iq689wyjfpiij4txtdo,D80714326D62AB43E27667D1B352B89D002F94595634526362F7F573A1F05C10,283663214020,283863127471,199913451,
rsnano,nano-serial,nano_3e3j5tkog48pnny9dmfzj1r16pg8t1e76dz5tmac6iq689wyjfpiij4txtdo,999,nano_3e3j5tkog48pnny9dmfzj1r16pg8t1e76dz5tmac6iq689wyjfpiij4txtdo,01B60D978CF8DD9AFAAB216DDC754A62DF1DA21EBBA2B5FEAAD31710849A65EC,283863133777,284063443744,200309967,
