implementation,fixture,lane,sequence,account,hash,start_monotonic_ns,completion_monotonic_ns,latency_ns,error
atto,atto-serial,3B6A27BCCEB6A42D62A3A8D02A6F0D73653215771DE243A63AC048A18B59DA29,1,3B6A27BCCEB6A42D62A3A8D02A6F0D73653215771DE243A63AC048A18B59DA29,E649DB6771305C5A306154439C9F38A5B93834341A5E939C6701E6FE276DDEFB,1246876848953301,1246876993115263,144161962,
atto,atto-serial,3B6A27BCCEB6A42D62A3A8D02A6F0D73653215771DE243A63AC048A18B59DA29,2,3B6A27BCCEB6A42D62A3A8D02A6F0D73653215771DE243A63AC048A18B59DA29,31340ADD977B5EB7E2DFDA57AF6E3C7CF931EC50B4E1682D63DDBD3567297953,1246876993405667,1246877010414476,17008809,
atto,atto-serial,3B6A27BCCEB6A42D62A3A8D02A6F0D73653215771DE243A63AC048A18B59DA29,3,3B6A27BCCEB6A42D62A3A8D02A6F0D73653215771DE243A63AC048A18B59DA29,0BCE6006EE45EE2BB57907795CF102FFC784911A5E56A8798D38436BCCCBDE62,1246877010422571,1246877028417205,17994634,
atto,atto-serial,3B6A27BCCEB6A42D62A3A8D02A6F0D73653215771DE243A63AC048A18B59DA29,4,3B6A27BCCEB6A42D62A3A8D02A6F0D73653215771DE243A63AC048A18B59DA29,9E7DE89B90250DE5741AF447BFD4FD7CEE84DC5E213B4B90BC7DEDA4878CB2E5,1246877028425130,1246877045631879,17206749,
atto,atto-serial,3B6A27BCCEB6A42D62A3A8D02A6F0D73653215771DE243A63AC048A18B59DA29,5,3B6A27BCCEB6A42D62A3A8D02A6F0D73653215771DE243A63AC048A18B59DA29,F3A992FAE9BC92795614BBDF6560D4CA6E5AC86380FD9789A7B0D3C9149BB975,1246877045640215,1246877064165962,18525747,
atto,atto-serial,3B6A27BCCEB6A42D62A3A8D02A6F0D73653215771DE243A63AC048A18B59DA29,6,3B6A27BCCEB6A42D62A3A8D02A6F0D73653215771DE243A63AC048A18B59DA29,264E573C0C9AC4AFD189CC1CEDF64C46FCDAD0A632932F6E522DF990BB2E5B6C,1246877064174598,1246877093638077,29463479,
atto,atto-serial,3B6A27BCCEB6A42D62A3A8D02A6F0D73653215771DE243A63AC048A18B59DA29,7,3B6A27BCCEB6A42D62A3A8D02A6F0D73653215771DE243A63AC048A18B59DA29,15EA86AA5140620C51915D80DDCDB34C34DF2DBF256E46114AF45BDDD91FF299,1246877093647284,1246877113985152,20337868,
atto,atto-serial,3B6A27BCCEB6A42D62A3A8D02A6F0D73653215771DE243A63AC048A18B59DA29,8,3B6A27BCCEB6A42D62A3A8D02A6F0D73653215771DE243A63AC048A18B59DA29,CC7B1F71CBE219751B058B4CFB354E1E73A41A112207F0C29C1CF83A3CB6BCBF,1246877113993217,1246877135556326,21563109,
atto,atto-serial,3B6A27BCCEB6A42D62A3A8D02A6F0D73653215771DE243A63AC048A18B59DA29,9,3B6A27BCCEB6A42D62A3A8D02A6F0D73653215771DE243A63AC048A18B59DA29,7298773936CA8295EBCD664B2BC033EC4FAE2D98B35F4C9276EBEBB1AFBC3676,1246877135564993,1246877154952522,19387529,
atto,atto-serial,3B6A27BCCEB6A42D62A3A8D02A6F0D73653215771DE243A63AC048A18B59DA29,10,3B6A27BCCEB6A42D62A3A8D02A6F0D73653215771DE243A63AC048A18B59DA29,1581A9215435F57920B29EF830BFED36B9342C9239C2FD297211A4B38B7B9D0A,1246877154962981,1246877171401183,16438202,
atto,atto-serial,3B6A27BCCEB6A42D62A3A8D02A6F0D73653215771DE243A63AC048A18B59DA29,11,3B6A27BCCEB6A42D62A3A8D02A6F0D73653215771DE243A63AC048A18B59DA29,6F05CEF9E0D48CC3EF714B9F7469E6F1A9824462F6B4E050DE65B72DBCA13CDB,1246877171408788,1246877188255764,16846976,
atto,atto-serial,3B6A27BCCEB6A42D62A3A8D02A6F0D73653215771DE243A63AC048A18B59DA29,12,3B6A27BCCEB6A42D62A3A8D02A6F0D73653215771DE243A63AC048A18B59DA29,6B8C607EDBFE085A5FC1771E25C85844C964F5CE3D48D5DD182D63964424A2B4,1246877188265071,1246877207944657,19679586,
atto,atto-serial,3B6A27BCCEB6A42D62A3A8D02A6F0D73653215771DE243A63AC048A18B59DA29,13,3B6A27BCCEB6A42D62A3A8D02A6F0D73653215771DE243A63AC048A18B59DA29,23022EA00A21BDBBD58B67A946F48030D7D20AFC4AAE02D85608A0B4815D7A6C,1246877207954195,1246877229912183,21957988,
atto,atto-serial,3B6A27BCCEB6A42D62A3A8D02A6F0D73653215771DE243A63AC048A18B59DA29,14,3B6A27BCCEB6A42D62A3A8D02A6F0D73653215771DE243A63AC048A18B59DA29,D6DD083E8FB4EF19206522C65879BCB73976AA95A96F07EDCD7176585FA63303,1246877229921160,1246877251858329,21937169,
atto,atto-serial,3B6A27BCCEB6A42D62A3A8D02A6F0D73653215771DE243A63AC048A18B59DA29,15,3B6A27BCCEB6A42D62A3A8D02A6F0D73653215771DE243A63AC048A18B59DA29,7AEA3C2775B8AA894F6900994B0A1B4CB2FA191769735DA5B7C97D62B48C22D6,1246877251866114,1246877271087072,19220958,
atto,atto-serial,3B6A27BCCEB6A42D62A3A8D02A6F0D73653215771DE243A63AC048A18B59DA29,16,3B6A27BCCEB6A42D62A3A8D02A6F0D73653215771DE243A63AC048A18B59DA29,5287D9BA9D1868C78F1A40D255D0760268E6E1ABEB0FA18FEDDB9B4CC78DFB62,1246877271098493,1246877288735418,17636925,
atto,atto-serial,3B6A27BCCEB6A42D62A3A8D02A6F0D73653215771DE243A63AC048A18B59DA29,17,3B6A27BCCEB6A42D62A3A8D02A6F0D73653215771DE243A63AC048A18B59DA29,F409CF05CD61ED8941B9211B654E2E499DA84EF203B1CF0394FE5D47E9AA38EB,1246877288743984,1246877308365220,19621236,
atto,atto-serial,3B6A27BCCEB6A42D62A3A8D02A6F0D73653215771DE243A63AC048A18B59DA29,18,3B6A27BCCEB6A42D62A3A8D02A6F0D73653215771DE243A63AC048A18B59DA29,DB303E951CA3D1D0D229ECEF7494AF0B9E8200D150906E30AFE5A2DFD203520E,1246877308374988,1246877325537415,17162427,
atto,atto-serial,3B6A27BCCEB6A42D62A3A8D02A6F0D73653215771DE243A63AC048A18B59DA29,19,3B6A27BCCEB6A42D62A3A8D02A6F0D73653215771DE243A63AC048A18B59DA29,421181991ECAF909F9A81304BCDCE737DE4BE4785070BDC64F43D5B0309EBBCA,1246877325549177,1246877340597960,15048783,
atto,atto-serial,3B6A27BCCEB6A42D62A3A8D02A6F0D73653215771DE243A63AC048A18B59DA29,20,3B6A27BCCEB6A42D62A3A8D02A6F0D73653215771DE243A63AC048A18B59DA29,0D568E5A9082864256FCA9E6B14B414E9B4E0E033A4F38027338BEAB037EC7D2,1246877340609792,1246877373234084,32624292,
atto,atto-serial,3B6A27BCCEB6A42D62A3A8D02A6F0D73653215771DE243A63AC048A18B59DA29,21,3B6A27BCCEB6A42D62A3A8D02A6F0D73653215771DE243A63AC048A18B59DA29,373D19B22B257CE588B83D3F0E3355E298913F33C793965392CF34BC55DAC543,1246877373241869,1246877387140329,13898460,
atto,atto-serial,3B6A27BCCEB6A42D62A3A8D02A6F0D73653215771DE243A63AC048A18B59DA29,22,3B6A27BCCEB6A42D62A3A8D02A6F0D73653215771DE243A63AC048A18B59DA29,6596583818F88EAB44D1446341E359A3BF68EFB40583E34A295FBAF5A04DD730,1246877387148404,1246877406461745,19313341,
atto,atto-serial,3B6A27BCCEB6A42D62A3A8D02A6F0D73653215771DE243A63AC048A18B59DA29,23,3B6A27BCCEB6A42D62A3A8D02A6F0D73653215771DE243A63AC048A18B59DA29,A226F82FFE16B07B7CE15EF692884525858876A8DA65339CA14E5A8497D95E38,1246877406469730,1246877426099042,19629312,
atto,atto-serial,3B6A27BCCEB6A42D62A3A8D02A6F0D73653215771DE243A63AC048A18B59DA29,24,3B6A27BCCEB6A42D62A3A8D02A6F0D73653215771DE243A63AC048A18B59DA29,75985945275C5D7E7115618F1DCA9481371BDF0BE0098DF4AF13870B5BBBB3BE,1246877426110002,1246877447022885,20912883,
atto,atto-serial,3B6A27BCCEB6A42D62A3A8D02A6F0D73653215771DE243A63AC048A18B59DA29,25,3B6A27BCCEB6A42D62A3A8D02A6F0D73653215771DE243A63AC048A18B59DA29,439EA94644962B22392FBAAA997D1E2F928916393DAC54C25344C60A01635177,1246877447031922,1246877467407410,20375488,
atto,atto-serial,3B6A27BCCEB6A42D62A3A8D02A6F0D73653215771DE243A63AC048A18B59DA29,26,3B6A27BCCEB6A42D62A3A8D02A6F0D73653215771DE243A63AC048A18B59DA29,00D21ED35D3BCC3A4AF44758BBE93EA5D82955FAFAC9C901EFEDB2F68A98567B,1246877467416877,1246877486502722,19085845,
atto,atto-serial,3B6A27BCCEB6A42D62A3A8D02A6F0D73653215771DE243A63AC048A18B59DA29,27,3B6A27BCCEB6A42D62A3A8D02A6F0D73653215771DE243A63AC048A18B59DA29,DB898B3BE41C7358CEFA2588A30093983390B34715BA6097EB6846366227794C,1246877486513032,1246877505808629,19295597,
atto,atto-serial,3B6A27BCCEB6A42D62A3A8D02A6F0D73653215771DE243A63AC048A18B59DA29,28,3B6A27BCCEB6A42D62A3A8D02A6F0D73653215771DE243A63AC048A18B59DA29,8D4B00CF5F49B4FAEBAC85AC98B3D54D37B8023005B50B4D23AF8AC890168380,1246877505817355,1246877521984570,16167215,
atto,atto-serial,3B6A27BCCEB6A42D62A3A8D02A6F0D73653215771DE243A63AC048A18B59DA29,29,3B6A27BCCEB6A42D62A3A8D02A6F0D73653215771DE243A63AC048A18B59DA29,6D25491E59A359741698B6A1DBE8BA4EDE7658D6D13BD6CE02138B183D5FA624,1246877521993698,1246877536923277,14929579,
atto,atto-serial,3B6A27BCCEB6A42D62A3A8D02A6F0D73653215771DE243A63AC048A18B59DA29,30,3B6A27BCCEB6A42D62A3A8D02A6F0D73653215771DE243A63AC048A18B59DA29,8B4A61CB7A9D0CD5CC711688BC663606101F72D260BF6E8395715D6A28F39BBA,1246877536933196,1246877556199468,19266272,
atto,atto-serial,3B6A27BCCEB6A42D62A3A8D02A6F0D73653215771DE243A63AC048A18B59DA29,31,3B6A27BCCEB6A42D62A3A8D02A6F0D73653215771DE243A63AC048A18B59DA29,B1C78A2E6FC609DB69F3D4FFA9B852D7C226F5AFDD7A31C90CF8FE6E36B07760,1246877556207824,1246877575295662,19087838,
atto,atto-serial,3B6A27BCCEB6A42D62A3A8D02A6F0D73653215771DE243A63AC048A18B59DA29,32,3B6A27BCCEB6A42D62A3A8D02A6F0D73653215771DE243A63AC048A18B59DA29,02DB5769CCB326A524703FBF9208647F0F66B95DA369DCE1AC4E6B708B9A65B5,1246877575308026,1246877596230777,20922751,
atto,atto-serial,3B6A27BCCEB6A42D62A3A8D02A6F0D73653215771DE243A63AC048A18B59DA29,33,3B6A27BCCEB6A42D62A3A8D02A6F0D73653215771DE243A63AC048A18B59DA29,8F4F0CD61923BFE5724EB2C4365C105043A7B2DA38872BDF157545E595486C41,1246877596240435,1246877615379219,19138784,
atto,atto-serial,3B6A27BCCEB6A42D62A3A8D02A6F0D73653215771DE243A63AC048A18B59DA29,34,3B6A27BCCEB6A42D62A3A8D02A6F0D73653215771DE243A63AC048A18B59DA29,D440920D26C2F2BF1C172809918E4281CD1E0634D0E493E1573F28577CE35CBF,1246877615388577,1246877632892843,17504266,
atto,atto-serial,3B6A27BCCEB6A42D62A3A8D02A6F0D73653215771DE243A63AC048A18B59DA29,35,3B6A27BCCEB6A42D62A3A8D02A6F0D73653215771DE243A63AC048A18B59DA29,3AD023A6DA734C172518EEF93276826301F86EA626DE80212C2841A2CD5E4383,1246877632901349,1246877652783223,19881874,
atto,atto-serial,3B6A27BCCEB6A42D62A3A8D02A6F0D73653215771DE243A63AC048A18B59DA29,36,3B6A27BCCEB6A42D62A3A8D02A6F0D73653215771DE243A63AC048A18B59DA29,26F30F8E2A8F057E9CFE6510E27CE6CFC73B3857E320F0EB1A7533B01AF568B1,1246877652794234,1246877670119295,17325061,
atto,atto-serial,3B6A27BCCEB6A42D62A3A8D02A6F0D73653215771DE243A63AC048A18B59DA29,37,3B6A27BCCEB6A42D62A3A8D02A6F0D73653215771DE243A63AC048A18B59DA29,083DAA7C7E1A98529233FB6E2B425A1080C7CCBEE1ECD9B122EF1333F2C9C844,1246877670130455,1246877688692801,18562346,
atto,atto-serial,3B6A27BCCEB6A42D62A3A8D02A6F0D73653215771DE243A63AC048A18B59DA29,38,3B6A27BCCEB6A42D62A3A8D02A6F0D73653215771DE243A63AC048A18B59DA29,D17261CC52E9D791EE93BBB8F780A8DD37EBB380D7E1598417501CF8B22D58D5,1246877688703441,1246877712503475,23800034,
atto,atto-serial,3B6A27BCCEB6A42D62A3A8D02A6F0D73653215771DE243A63AC048A18B59DA29,39,3B6A27BCCEB6A42D62A3A8D02A6F0D73653215771DE243A63AC048A18B59DA29,845BC13C9A27E294E078277F4E506945C128EB3777106519998F5B56BC099B0E,1246877712514115,1246877730323953,17809838,
atto,atto-serial,3B6A27BCCEB6A42D62A3A8D02A6F0D73653215771DE243A63AC048A18B59DA29,40,3B6A27BCCEB6A42D62A3A8D02A6F0D73653215771DE243A63AC048A18B59DA29,37D4472DE89B1A0895DB66900126C2B17B7EA5AEFE3870375184133B098E4BB1,1246877730332729,1246877747308948,16976219,
atto,atto-serial,3B6A27BCCEB6A42D62A3A8D02A6F0D73653215771DE243A63AC048A18B59DA29,41,3B6A27BCCEB6A42D62A3A8D02A6F0D73653215771DE243A63AC048A18B59DA29,37BE4DAECD140FEFBF4C0153C739D6BAB9F381939ED636082151DAA291342E4C,1246877747319718,1246877766088089,18768371,
atto,atto-serial,3B6A27BCCEB6A42D62A3A8D02A6F0D73653215771DE243A63AC048A18B59DA29,42,3B6A27BCCEB6A42D62A3A8D02A6F0D73653215771DE243A63AC048A18B59DA29,24516605F765F2186063C3EB72A6B4C27D506E1C16CA468E8EBC776DAB390861,1246877766098108,1246877783446974,17348866,
atto,atto-serial,3B6A27BCCEB6A42D62A3A8D02A6F0D73653215771DE243A63AC048A18B59DA29,43,3B6A27BCCEB6A42D62A3A8D02A6F0D73653215771DE243A63AC048A18B59DA29,AE6C2032DCB6E7B702DB26ECD6F321DFE7FF557987088ED0ED4B790C3DE6062F,1246877783455900,1246877802364183,18908283,
atto,atto-serial,3B6A27BCCEB6A42D62A3A8D02A6F0D73653215771DE243A63AC048A18B59DA29,44,3B6A27BCCEB6A42D62A3A8D02A6F0D73653215771DE243A63AC048A18B59DA29,D915C2B9A2A12B065EACB68EB8B76CB837EBCB9EEE38493988948CADFBD91574,1246877802373490,1246877821717459,19343969,
atto,atto-serial,3B6A27BCCEB6A42D62A3A8D02A6F0D73653215771DE243A63AC048A18B59DA29,45,3B6A27BCCEB6A42D62A3A8D02A6F0D73653215771DE243A63AC048A18B59DA29,6A5FE2BFFE6CFB79C71127D85DB886C37388FD7B447B8CDE9FAA606A55339D14,1246877821725694,1246877841366637,19640943,
atto,atto-serial,3B6A27BCCEB6A42D62A3A8D02A6F0D73653215771DE243A63AC048A18B59DA29,46,3B6A27BCCEB6A42D62A3A8D02A6F0D73653215771DE243A63AC048A18B59DA29,2E40B9F355B68439ED27772AA204E30D39AE4CB2EBE1AA1A2B54F916DD515D19,1246877841375494,1246877855542888,14167394,
atto,atto-serial,3B6A27BCCEB6A42D62A3A8D02A6F0D73653215771DE243A63AC048A18B59DA29,47,3B6A27BCCEB6A42D62A3A8D02A6F0D73653215771DE243A63AC048A18B59DA29,459FDA3E7CA06BD1B0054570EF40E15202A59C445646B6487E6973EA285C00D1,1246877855551694,1246877872049307,16497613,
atto,atto-serial,3B6A27BCCEB6A42D62A3A8D02A6F0D73653215771DE243A63AC048A18B59DA29,48,3B6A27BCCEB6A42D62A3A8D02A6F0D73653215771DE243A63AC048A18B59DA29,854C0E2E055988B30DFB0F2DD9DEE9A5D6302E9AF8E037A7E719325C1984C948,1246877872057823,1246877890317443,18259620,
atto,atto-serial,3B6A27BCCEB6A42D62A3A8D02A6F0D73653215771DE243A63AC048A18B59DA29,49,3B6A27BCCEB6A42D62A3A8D02A6F0D73653215771DE243A63AC048A18B59DA29,D4AAF0992F156B04BF8E4D2E41EC9EC80644F72AC817B5137B8183105923F4E6,1246877890325748,1246877904296484,13970736,
atto,atto-serial,3B6A27BCCEB6A42D62A3A8D02A6F0D73653215771DE243A63AC048A18B59DA29,50,3B6A27BCCEB6A42D62A3A8D02A6F0D73653215771DE243A63AC048A18B59DA29,135CB72ABC4E87327F40074581FBE8C4C47FE6127641BEF571C8CD521D7CFE92,1246877904310080,1246877929526443,25216363,
atto,atto-serial,3B6A27BCCEB6A42D62A3A8D02A6F0D73653215771DE243A63AC048A18B59DA29,51,3B6A27BCCEB6A42D62A3A8D02A6F0D73653215771DE243A63AC048A18B59DA29,06233B760FB9D88E89D7202661A56E9F5195B99DA432B8F8972A46093E380B29,1246877929535991,1246877943831755,14295764,
atto,atto-serial,3B6A27BCCEB6A42D62A3A8D02A6F0D73653215771DE243A63AC048A18B59DA29,52,3B6A27BCCEB6A42D62A3A8D02A6F0D73653215771DE243A63AC048A18B59DA29,24AD00D828BA056119F86EA40D99CD1A7AB5610730046EFBBC4F68B49507BE84,1246877943840722,1246877959957402,16116680,
atto,atto-serial,3B6A27BCCEB6A42D62A3A8D02A6F0D73653215771DE243A63AC048A18B59DA29,53,3B6A27BCCEB6A42D62A3A8D02A6F0D73653215771DE243A63AC048A18B59DA29,D7FEAD718937AA7621D9E1226F89724B9934441F97314F11C609B14DA817240B,1246877959965467,1246877974269697,14304230,
atto,atto-serial,3B6A27BCCEB6A42D62A3A8D02A6F0D73653215771DE243A63AC048A18B59DA29,54,3B6A27BCCEB6A42D62A3A8D02A6F0D73653215771DE243A63AC048A18B59DA29,5BA7693036330E0EC64588E5C0F5D9938A17A6851FF05C2B897E76EA63B8CA06,1246877974290286,1246877992751822,18461536,
atto,atto-serial,3B6A27BCCEB6A42D62A3A8D02A6F0D73653215771DE243A63AC048A18B59DA29,55,3B6A27BCCEB6A42D62A3A8D02A6F0D73653215771DE243A63AC048A18B59DA29,51F3A21E35622C543038CB20C1165375682AD35B29FE150AFE2D74657AEA62CD,1246877992763655,1246878006264281,13500626,
atto,atto-serial,3B6A27BCCEB6A42D62A3A8D02A6F0D73653215771DE243A63AC048A18B59DA29,56,3B6A27BCCEB6A42D62A3A8D02A6F0D73653215771DE243A63AC048A18B59DA29,8423413F7096D72F518F833AA4A3B3BB46A3A88461A01CEC6587D4A6D2ECB65F,1246878006276544,1246878021542042,15265498,
atto,atto-serial,3B6A27BCCEB6A42D62A3A8D02A6F0D73653215771DE243A63AC048A18B59DA29,57,3B6A27BCCEB6A42D62A3A8D02A6F0D73653215771DE243A63AC048A18B59DA29,7D0C249FCC69FD687FF35D7376559E66048B701480CA04153EF0D15325732308,1246878021551971,1246878037697675,16145704,
atto,atto-serial,3B6A27BCCEB6A42D62A3A8D02A6F0D73653215771DE243A63AC048A18B59DA29,58,3B6A27BCCEB6A42D62A3A8D02A6F0D73653215771DE243A63AC048A18B59DA29,B2E719BCD0E4E88B186E379E63FE4304A073ED63DD5CEE917C4FA8A629EDF80D,1246878037705921,1246878054899726,17193805,
atto,atto-serial,3B6A27BCCEB6A42D62A3A8D02A6F0D73653215771DE243A63AC048A18B59DA29,59,3B6A27BCCEB6A42D62A3A8D02A6F0D73653215771DE243A63AC048A18B59DA29,72895E140285C13D9416FF9EF032D161B1A83ECF9AA28B2A305E0283CBCB5FD8,1246878054908553,1246878068720662,13812109,
atto,atto-serial,3B6A27BCCEB6A42D62A3A8D02A6F0D73653215771DE243A63AC048A18B59DA29,60,3B6A27BCCEB6A42D62A3A8D02A6F0D73653215771DE243A63AC048A18B59DA29,83BC4225BA4CEAAD5C5B830D9FAF9298305B4E09E4D4F5E8805E6F554F58831A,1246878068727715,1246878087545599,18817884,
atto,atto-serial,3B6A27BCCEB6A42D62A3A8D02A6F0D73653215771DE243A63AC048A18B59DA29,61,3B6A27BCCEB6A42D62A3A8D02A6F0D73653215771DE243A63AC048A18B59DA29,CDC118B7BE01D1A163674C944CB0C68334BB4A3D77F19C689AAFE507F08AE539,1246878087556519,1246878105174488,17617969,
atto,atto-serial,3B6A27BCCEB6A42D62A3A8D02A6F0D73653215771DE243A63AC048A18B59DA29,62,3B6A27BCCEB6A42D62A3A8D02A6F0D73653215771DE243A63AC048A18B59DA29,35B833ACEB581EB59C30463720EB00B7576617BF081E4B538B6093214FCBD43E,1246878105183355,1246878124393773,19210418,
atto,atto-serial,3B6A27BCCEB6A42D62A3A8D02A6F0D73653215771DE243A63AC048A18B59DA29,63,3B6A27BCCEB6A42D62A3A8D02A6F0D73653215771DE243A63AC048A18B59DA29,F33E1A89845933DDA2CC4BE1B17B8E219F5B7B6DAF99D1CCBF1E37D4196992BC,1246878124403191,1246878137221050,12817859,
atto,atto-serial,3B6A27BCCEB6A42D62A3A8D02A6F0D73653215771DE243A63AC048A18B59DA29,64,3B6A27BCCEB6A42D62A3A8D02A6F0D73653215771DE243A63AC048A18B59DA29,C6012E86C55952DE1196A6B9B370FF4B9C5D0CDD7424C60D8DBBE946E2722B78,1246878137228844,1246878150553041,13324197,
atto,atto-serial,3B6A27BCCEB6A42D62A3A8D02A6F0D73653215771DE243A63AC048A18B59DA29,65,3B6A27BCCEB6A42D62A3A8D02A6F0D73653215771DE243A63AC048A18B59DA29,9A5ADA0774AB109478BB451D5236DD83B65C93F527CFF6A638072F654AC6F1EE,1246878150562639,1246878169155391,18592752,
atto,atto-serial,3B6A27BCCEB6A42D62A3A8D02A6F0D73653215771DE243A63AC048A18B59DA29,66,3B6A27BCCEB6A42D62A3A8D02A6F0D73653215771DE243A63AC048A18B59DA29,CF8445E2008AF56A246BC10AC40A4A644753A960A61FB6E7CD51A3B518B1FA6B,1246878169165029,1246878182471593,13306564,
atto,atto-serial,3B6A27BCCEB6A42D62A3A8D02A6F0D73653215771DE243A63AC048A18B59DA29,67,3B6A27BCCEB6A42D62A3A8D02A6F0D73653215771DE243A63AC048A18B59DA29,20FEDF9759D72D56E21AA78AAB69B6F5635980C153ABF071D98356DBCAA5AC4A,1246878182482423,1246878199589095,17106672,
atto,atto-serial,3B6A27BCCEB6A42D62A3A8D02A6F0D73653215771DE243A63AC048A18B59DA29,68,3B6A27BCCEB6A42D62A3A8D02A6F0D73653215771DE243A63AC048A18B59DA29,FCCA7EFFF963FE3D318EFAEC42CA886270FE77D56EC0783E9D3713F428CBCEDF,1246878199597531,1246878219826966,20229435,
atto,atto-serial,3B6A27BCCEB6A42D62A3A8D02A6F0D73653215771DE243A63AC048A18B59DA29,69,3B6A27BCCEB6A42D62A3A8D02A6F0D73653215771DE243A63AC048A18B59DA29,39CA59CB705FF9F609E0052F3D00D1F50A1909D8D8D3896017EA6435815B47FC,1246878219838978,1246878241403259,21564281,
atto,atto-serial,3B6A27BCCEB6A42D62A3A8D02A6F0D73653215771DE243A63AC048A18B59DA29,70,3B6A27BCCEB6A42D62A3A8D02A6F0D73653215771DE243A63AC048A18B59DA29,F91E22B39625C809DE1772D9C5CF69434EAC45F3AD6AA981270309C82A0173F9,1246878241412707,1246878255130390,13717683,
atto,atto-serial,3B6A27BCCEB6A42D62A3A8D02A6F0D73653215771DE243A63AC048A18B59DA29,71,3B6A27BCCEB6A42D62A3A8D02A6F0D73653215771DE243A63AC048A18B59DA29,8F7CE3DE0DCE53443CFC3409F21040AC80A7CCB8683E10BA8A53EE6C684131FC,1246878255138014,1246878273436997,18298983,
atto,atto-serial,3B6A27BCCEB6A42D62A3A8D02A6F0D73653215771DE243A63AC048A18B59DA29,72,3B6A27BCCEB6A42D62A3A8D02A6F0D73653215771DE243A63AC048A18B59DA29,AADEFA84E3481471CDBB8CB431E574CF0B472D6361F633D28F43D45C57A81826,1246878273447446,1246878286320960,12873514,
atto,atto-serial,3B6A27BCCEB6A42D62A3A8D02A6F0D73653215771DE243A63AC048A18B59DA29,73,3B6A27BCCEB6A42D62A3A8D02A6F0D73653215771DE243A63AC048A18B59DA29,1B81B7413C4BEE127033C5B427C156B81A2C4F6D2A0C0C0BF3D97897FE07C59B,1246878286328163,1246878307517173,21189010,
atto,atto-serial,3B6A27BCCEB6A42D62A3A8D02A6F0D73653215771DE243A63AC048A18B59DA29,74,3B6A27BCCEB6A42D62A3A8D02A6F0D73653215771DE243A63AC048A18B59DA29,1D95DD9936C92C86B0AAB9217623C96BFA4D0E42A38A909DB1013B84598C47C5,1246878307525478,1246878324150119,16624641,
atto,atto-serial,3B6A27BCCEB6A42D62A3A8D02A6F0D73653215771DE243A63AC048A18B59DA29,75,3B6A27BCCEB6A42D62A3A8D02A6F0D73653215771DE243A63AC048A18B59DA29,9D4FF6909904B282D001C48EA3D8EB1AA13E15D0FCCFAC8D07C135EE1BB00554,1246878324159296,1246878339122238,14962942,
atto,atto-serial,3B6A27BCCEB6A42D62A3A8D02A6F0D73653215771DE243A63AC048A18B59DA29,76,3B6A27BCCEB6A42D62A3A8D02A6F0D73653215771DE243A63AC048A18B59DA29,95AC38EA0E6E6CAC0A3F1290B7EAAC2FC4E3F5EEEE28A2803A7B91FF347DD6B4,1246878339131836,1246878355515937,16384101,
atto,atto-serial,3B6A27BCCEB6A42D62A3A8D02A6F0D73653215771DE243A63AC048A18B59DA29,77,3B6A27BCCEB6A42D62A3A8D02A6F0D73653215771DE243A63AC048A18B59DA29,0A7F91286246F716E70765AE4782C5F03EC4E7BECB534C293AF1E0A9437E484F,1246878355526667,1246878372177436,16650769,
atto,atto-serial,3B6A27BCCEB6A42D62A3A8D02A6F0D73653215771DE243A63AC048A18B59DA29,78,3B6A27BCCEB6A42D62A3A8D02A6F0D73653215771DE243A63AC048A18B59DA29,62D56D754B40C44E1E06B6DDCF2FA6CB28E15D5F379BAD5F384F87626E83BD8E,1246878372187125,1246878385965250,13778125,
atto,atto-serial,3B6A27BCCEB6A42D62A3A8D02A6F0D73653215771DE243A63AC048A18B59DA29,79,3B6A27BCCEB6A42D62A3A8D02A6F0D73653215771DE243A63AC048A18B59DA29,D466F7DCD68A72C387054492E686E5A877A75A15A9B5ED489ABCBA368D19FD3C,1246878385976101,1246878406092553,20116452,
atto,atto-serial,3B6A27BCCEB6A42D62A3A8D02A6F0D73653215771DE243A63AC048A18B59DA29,80,3B6A27BCCEB6A42D62A3A8D02A6F0D73653215771DE243A63AC048A18B59DA29,269C4FC5052FE356BFD4A074081FEBF2582649DD0EEDA0C5F2E4CF4A04F2FE9F,1246878406102202,1246878423310865,17208663,
atto,atto-serial,3B6A27BCCEB6A42D62A3A8D02A6F0D73653215771DE243A63AC048A18B59DA29,81,3B6A27BCCEB6A42D62A3A8D02A6F0D73653215771DE243A63AC048A18B59DA29,87B0A4491779DEAF3D8167DE010055D246E40C45C124D227568FAE804A86B960,1246878423321224,1246878439574961,16253737,
atto,atto-serial,3B6A27BCCEB6A42D62A3A8D02A6F0D73653215771DE243A63AC048A18B59DA29,82,3B6A27BCCEB6A42D62A3A8D02A6F0D73653215771DE243A63AC048A18B59DA29,BAD3C87AEC4A4423354B0407882D9B90AC7341A9EA4978B10502D0CD54036F7F,1246878439582194,1246878456174244,16592050,
atto,atto-serial,3B6A27BCCEB6A42D62A3A8D02A6F0D73653215771DE243A63AC048A18B59DA29,83,3B6A27BCCEB6A42D62A3A8D02A6F0D73653215771DE243A63AC048A18B59DA29,D876D6D09BD056A5BB322416A5ACFB284F37C19A91AC929626760F7025B021EC,1246878456181859,1246878468465178,12283319,
atto,atto-serial,3B6A27BCCEB6A42D62A3A8D02A6F0D73653215771DE243A63AC048A18B59DA29,84,3B6A27BCCEB6A42D62A3A8D02A6F0D73653215771DE243A63AC048A18B59DA29,280C59D7068BDC063157EDFD8E9EFE215BC62B930A4BE779DF3F6DCD1C7EBDC0,1246878468473103,1246878481106617,12633514,
atto,atto-serial,3B6A27BCCEB6A42D62A3A8D02A6F0D73653215771DE243A63AC048A18B59DA29,85,3B6A27BCCEB6A42D62A3A8D02A6F0D73653215771DE243A63AC048A18B59DA29,0050CDEDB9150B7746C1F56F7C2816BA3FE85AE14F3E473EA4453B1055EC8D92,1246878481117177,1246878497328735,16211558,
atto,atto-serial,3B6A27BCCEB6A42D62A3A8D02A6F0D73653215771DE243A63AC048A18B59DA29,86,3B6A27BCCEB6A42D62A3A8D02A6F0D73653215771DE243A63AC048A18B59DA29,DC2F5229F99761DCA3D2809DD246AC4BB6583AA85703829CFBE479DD02F4B1F2,1246878497339384,1246878514736701,17397317,
atto,atto-serial,3B6A27BCCEB6A42D62A3A8D02A6F0D73653215771DE243A63AC048A18B59DA29,87,3B6A27BCCEB6A42D62A3A8D02A6F0D73653215771DE243A63AC048A18B59DA29,2FE3DC88FA66AA895F61AA30DB33D25A6D3D9E41C90767BEE70711F5908B04D1,1246878514746920,1246878533622030,18875110,
atto,atto-serial,3B6A27BCCEB6A42D62A3A8D02A6F0D73653215771DE243A63AC048A18B59DA29,88,3B6A27BCCEB6A42D62A3A8D02A6F0D73653215771DE243A63AC048A18B59DA29,F29CB5662C90BBE052A69A46D70909025A8016A125DAB9EC94DF747F42E6771E,1246878533632059,1246878553364684,19732625,
atto,atto-serial,3B6A27BCCEB6A42D62A3A8D02A6F0D73653215771DE243A63AC048A18B59DA29,89,3B6A27BCCEB6A42D62A3A8D02A6F0D73653215771DE243A63AC048A18B59DA29,7967EC23B0C7EA267D8D53B864936CD563A6C93C6A603C0903D28A5A0C6D0F95,1246878553373130,1246878570348056,16974926,
atto,atto-serial,3B6A27BCCEB6A42D62A3A8D02A6F0D73653215771DE243A63AC048A18B59DA29,90,3B6A27BCCEB6A42D62A3A8D02A6F0D73653215771DE243A63AC048A18B59DA29,1D9B883B1124CE9005C8EDCB7192BD7C333F28D296D95E187D5E12C6FAC345B3,1246878570356652,1246878589564285,19207633,
atto,atto-serial,3B6A27BCCEB6A42D62A3A8D02A6F0D73653215771DE243A63AC048A18B59DA29,91,3B6A27BCCEB6A42D62A3A8D02A6F0D73653215771DE243A63AC048A18B59DA29,4C198434E415263E9DF2733FBA7337533DBE269B0A22B5F2C341479D34A25DBB,1246878589572601,1246878605914442,16341841,
atto,atto-serial,3B6A27BCCEB6A42D62A3A8D02A6F0D73653215771DE243A63AC048A18B59DA29,92,3B6A27BCCEB6A42D62A3A8D02A6F0D73653215771DE243A63AC048A18B59DA29,7B19D8DC1D7A5719A0E47EF5D4921F81ED5A6B3C709858237B836A67BDCCB45F,1246878605924030,1246878619479479,13555449,
atto,atto-serial,3B6A27BCCEB6A42D62A3A8D02A6F0D73653215771DE243A63AC048A18B59DA29,93,3B6A27BCCEB6A42D62A3A8D02A6F0D73653215771DE243A63AC048A18B59DA29,23B567EA6F77C9B0AC2968209B8B5CABCEC51D9B6CE9C08AFC5491CD198DDAB1,1246878619491852,1246878638433307,18941455,
atto,atto-serial,3B6A27BCCEB6A42D62A3A8D02A6F0D73653215771DE243A63AC048A18B59DA29,94,3B6A27BCCEB6A42D62A3A8D02A6F0D73653215771DE243A63AC048A18B59DA29,A72222244F8D929A2D641C8A3F88EE95612B3860DAF2B5B7738C2B322DE055A4,1246878638442585,1246878658154040,19711455,
atto,atto-serial,3B6A27BCCEB6A42D62A3A8D02A6F0D73653215771DE243A63AC048A18B59DA29,95,3B6A27BCCEB6A42D62A3A8D02A6F0D73653215771DE243A63AC048A18B59DA29,134F569AE34F3F15159A152E6C6FE556826509EB6B1EDAEF4707793891B6A99A,1246878658162155,1246878677060599,18898444,
atto,atto-serial,3B6A27BCCEB6A42D62A3A8D02A6F0D73653215771DE243A63AC048A18B59DA29,96,3B6A27BCCEB6A42D62A3A8D02A6F0D73653215771DE243A63AC048A18B59DA29,70C056D052D6A975D00DC6716FB829326920254460630AB958980394B9DA5BD2,1246878677069626,1246878689819919,12750293,
atto,atto-serial,3B6A27BCCEB6A42D62A3A8D02A6F0D73653215771DE243A63AC048A18B59DA29,97,3B6A27BCCEB6A42D62A3A8D02A6F0D73653215771DE243A63AC048A18B59DA29,76E474B8D78E7A17AA4CF710AF7C2395C362F7FF86BF3F0976E9A5817A5A3737,1246878689830799,1246878709522208,19691409,
atto,atto-serial,3B6A27BCCEB6A42D62A3A8D02A6F0D73653215771DE243A63AC048A18B59DA29,98,3B6A27BCCEB6A42D62A3A8D02A6F0D73653215771DE243A63AC048A18B59DA29,0A87B3F36A59B26B564D0114DB51E9FEE7AE8A35C4454D32BC3D299C949C71D7,1246878709530754,1246878727367752,17836998,
atto,atto-serial,3B6A27BCCEB6A42D62A3A8D02A6F0D73653215771DE243A63AC048A18B59DA29,99,3B6A27BCCEB6A42D62A3A8D02A6F0D73653215771DE243A63AC048A18B59DA29,9DDE1AEE936A7A14F9CD54C7A6D173B5637EABBF5F811CA29C0612CD05BCBA47,1246878727379153,1246878740659107,13279954,
atto,atto-serial,3B6A27BCCEB6A42D62A3A8D02A6F0D73653215771DE243A63AC048A18B59DA29,100,3B6A27BCCEB6A42D62A3A8D02A6F0D73653215771DE243A63AC048A18B59DA29,51C960D1416D71638249F39B9BD233F2F4D8B9CCEEFEBE0DDD12526442D1E359,1246878740670098,1246878753912231,13242133,
atto,atto-serial,3B6A27BCCEB6A42D62A3A8D02A6F0D73653215771DE243A63AC048A18B59DA29,101,3B6A27BCCEB6A42D62A3A8D02A6F0D73653215771DE243A63AC048A18B59DA29,E256567EF151E90A515E16F483CE5FD202DD303CBF0D25ABA8B0B840CF4087C0,1246878753919965,1246878766912952,12992987,
atto,atto-serial,3B6A27BCCEB6A42D62A3A8D02A6F0D73653215771DE243A63AC048A18B59DA29,102,3B6A27BCCEB6A42D62A3A8D02A6F0D73653215771DE243A63AC048A18B59DA29,9687536639317615770271B9F2E7930F75633E682442A3AF8C7FD5BE7F430EEC,1246878766921117,1246878779271542,12350425,
atto,atto-serial,3B6A27BCCEB6A42D62A3A8D02A6F0D73653215771DE243A63AC048A18B59DA29,103,3B6A27BCCEB6A42D62A3A8D02A6F0D73653215771DE243A63AC048A18B59DA29,06E79B80E58D3C12B6585FAA8C55396659A8C18513D6F7E90CE2682409CBE0B8,1246878779279547,1246878796292494,17012947,
atto,atto-serial,3B6A27BCCEB6A42D62A3A8D02A6F0D73653215771DE243A63AC048A18B59DA29,104,3B6A27BCCEB6A42D62A3A8D02A6F0D73653215771DE243A63AC048A18B59DA29,00EC2BEBEC8C1CAF7CFE90EBC1FA46C79D03B35263651636BE31EAF5EFDDE728,1246878796305909,1246878816137970,19832061,
atto,atto-serial,3B6A27BCCEB6A42D62A3A8D02A6F0D73653215771DE243A63AC048A18B59DA29,105,3B6A27BCCEB6A42D62A3A8D02A6F0D73653215771DE243A63AC048A18B59DA29,CC9E415F6DB0283796DE23AAD36BA76087289929DCF1A60D15B64C44E8328EAE,1246878816146917,1246878830635872,14488955,
atto,atto-serial,3B6A27BCCEB6A42D62A3A8D02A6F0D73653215771DE243A63AC048A18B59DA29,106,3B6A27BCCEB6A42D62A3A8D02A6F0D73653215771DE243A63AC048A18B59DA29,52C0DBE9289B640CD0C10A62224D516F9EA56ACC409CE99C4F0F8491982BB2A2,1246878830643456,1246878843261922,12618466,
atto,atto-serial,3B6A27BCCEB6A42D62A3A8D02A6F0D73653215771DE243A63AC048A18B59DA29,107,3B6A27BCCEB6A42D62A3A8D02A6F0D73653215771DE243A63AC048A18B59DA29,9C1D5430D1B319424DB9ED4EC16BACFB9C7437BAD4B779C384BE63BE135A0247,1246878843271981,1246878862583488,19311507,
atto,atto-serial,3B6A27BCCEB6A42D62A3A8D02A6F0D73653215771DE243A63AC048A18B59DA29,108,3B6A27BCCEB6A42D62A3A8D02A6F0D73653215771DE243A63AC048A18B59DA29,4E18BB0B443EED9AE562BCC7F3B83FDD4242AB5EB4ADDE93F92F75D344835545,1246878862594188,1246878885810961,23216773,
atto,atto-serial,3B6A27BCCEB6A42D62A3A8D02A6F0D73653215771DE243A63AC048A18B59DA29,109,3B6A27BCCEB6A42D62A3A8D02A6F0D73653215771DE243A63AC048A18B59DA29,30A1C1DB5F6139705A4F2A65CF4225B07E875352830342C1FF5C1BF152C1B723,1246878885820279,1246878903747095,17926816,
atto,atto-serial,3B6A27BCCEB6A42D62A3A8D02A6F0D73653215771DE243A63AC048A18B59DA29,110,3B6A27BCCEB6A42D62A3A8D02A6F0D73653215771DE243A63AC048A18B59DA29,CC3182275063A1F9548F409884CF71A91907AB56B9317DBA8C636EF3D89E24CA,1246878903778995,1246878921830806,18051811,
atto,atto-serial,3B6A27BCCEB6A42D62A3A8D02A6F0D73653215771DE243A63AC048A18B59DA29,111,3B6A27BCCEB6A42D62A3A8D02A6F0D73653215771DE243A63AC048A18B59DA29,B6D32B95C5164FF25412D93ABB4AD0E8CA03DFC12B37EF26E2CEBC2784057748,1246878921840815,1246878935239109,13398294,
atto,atto-serial,3B6A27BCCEB6A42D62A3A8D02A6F0D73653215771DE243A63AC048A18B59DA29,112,3B6A27BCCEB6A42D62A3A8D02A6F0D73653215771DE243A63AC048A18B59DA29,BF4BF79FF89ACC29DCF5DE9D5ACBD163B695943D5DF835980EAC26DC2CFF3382,1246878935247215,1246878954265423,19018208,
atto,atto-serial,3B6A27BCCEB6A42D62A3A8D02A6F0D73653215771DE243A63AC048A18B59DA29,113,3B6A27BCCEB6A42D62A3A8D02A6F0D73653215771DE243A63AC048A18B59DA29,0DF45A5718BE7C0170BF03F2B1DBB4FB8F09529434F0F20E2964E3514B28B1A0,1246878954272947,1246878973227987,18955040,
atto,atto-serial,3B6A27BCCEB6A42D62A3A8D02A6F0D73653215771DE243A63AC048A18B59DA29,114,3B6A27BCCEB6A42D62A3A8D02A6F0D73653215771DE243A63AC048A18B59DA29,6E2BF2B93973A7C3E11E4A2DD0245F16E1974BB4B8B591D8C4B5EFE405757FFA,1246878973236754,1246878992082570,18845816,
atto,atto-serial,3B6A27BCCEB6A42D62A3A8D02A6F0D73653215771DE243A63AC048A18B59DA29,115,3B6A27BCCEB6A42D62A3A8D02A6F0D73653215771DE243A63AC048A18B59DA29,7AFCCDE2886D77CE69142BFF0E0E189D9F8D2F880719B52BBEEF2EEAE6762924,1246878992091226,1246879018187957,26096731,
atto,atto-serial,3B6A27BCCEB6A42D62A3A8D02A6F0D73653215771DE243A63AC048A18B59DA29,116,3B6A27BCCEB6A42D62A3A8D02A6F0D73653215771DE243A63AC048A18B59DA29,4B264529157E65B3E086328A7ED56B83525CE2BE2CF3F4B9A458FFE7210DFE8F,1246879018198827,1246879038283811,20084984,
atto,atto-serial,3B6A27BCCEB6A42D62A3A8D02A6F0D73653215771DE243A63AC048A18B59DA29,117,3B6A27BCCEB6A42D62A3A8D02A6F0D73653215771DE243A63AC048A18B59DA29,8DE8ECDC84FB0B1B35C05E9D68973D44E592E615C8BECD3DEDDDB8488E143A1C,1246879038292377,1246879054658173,16365796,
atto,atto-serial,3B6A27BCCEB6A42D62A3A8D02A6F0D73653215771DE243A63AC048A18B59DA29,118,3B6A27BCCEB6A42D62A3A8D02A6F0D73653215771DE243A63AC048A18B59DA29,48D54066DFB2C8422C7F60231E9A24A4AA269581ECB3399EBD8AD421ED809F04,1246879054667721,1246879073289188,18621467,
atto,atto-serial,3B6A27BCCEB6A42D62A3A8D02A6F0D73653215771DE243A63AC048A18B59DA29,119,3B6A27BCCEB6A42D62A3A8D02A6F0D73653215771DE243A63AC048A18B59DA29,3459D4235878AA3561F8077EA9CBDDCCC72522F7F43CAB0DA3FB67705CABF9B5,1246879073297323,1246879086054849,12757526,
atto,atto-serial,3B6A27BCCEB6A42D62A3A8D02A6F0D73653215771DE243A63AC048A18B59DA29,120,3B6A27BCCEB6A42D62A3A8D02A6F0D73653215771DE243A63AC048A18B59DA29,26D5D4C1085218C3FB636BBC4485518E67DECC97E72B95ACCF73EFE65C3E92CC,1246879086064888,1246879105877362,19812474,
atto,atto-serial,3B6A27BCCEB6A42D62A3A8D02A6F0D73653215771DE243A63AC048A18B59DA29,121,3B6A27BCCEB6A42D62A3A8D02A6F0D73653215771DE243A63AC048A18B59DA29,EDD7D9F91B9226F9945603834DDDBD3369F2588C44378CE9C4A0F00C84A45A55,1246879105886520,1246879122494229,16607709,
atto,atto-serial,3B6A27BCCEB6A42D62A3A8D02A6F0D73653215771DE243A63AC048A18B59DA29,122,3B6A27BCCEB6A42D62A3A8D02A6F0D73653215771DE243A63AC048A18B59DA29,069A96098FDE8A76AD87B5F3B5A8E81D0BCC6F77B2B0C6124837237784972EC9,1246879122503867,1246879138726134,16222267,
atto,atto-serial,3B6A27BCCEB6A42D62A3A8D02A6F0D73653215771DE243A63AC048A18B59DA29,123,3B6A27BCCEB6A42D62A3A8D02A6F0D73653215771DE243A63AC048A18B59DA29,072E88AEC20B3AC65BEBBD6BDDDFDA26450550F0A764ED2F22AFDEB1D55AD4D9,1246879138735783,1246879152647137,13911354,
atto,atto-serial,3B6A27BCCEB6A42D62A3A8D02A6F0D73653215771DE243A63AC048A18B59DA29,124,3B6A27BCCEB6A42D62A3A8D02A6F0D73653215771DE243A63AC048A18B59DA29,DAAB1250A2D853898E48671BEA3B271E26EC7E799FB79ACBFAEEB5D3FEC2136C,1246879152657086,1246879165520290,12863204,
atto,atto-serial,3B6A27BCCEB6A42D62A3A8D02A6F0D73653215771DE243A63AC048A18B59DA29,125,3B6A27BCCEB6A42D62A3A8D02A6F0D73653215771DE243A63AC048A18B59DA29,F51CF1DCE2B9E33CEEDED0AA12A8ABACA04227C8831E241CE2AF03216CB11528,1246879165530559,1246879178282746,12752187,
atto,atto-serial,3B6A27BCCEB6A42D62A3A8D02A6F0D73653215771DE243A63AC048A18B59DA29,126,3B6A27BCCEB6A42D62A3A8D02A6F0D73653215771DE243A63AC048A18B59DA29,26A6C42F7482CA78FF2C2188049C97DC0CCDCFE2B8133DC0D41644911DBC8FA6,1246879178292353,1246879196986766,18694413,
atto,atto-serial,3B6A27BCCEB6A42D62A3A8D02A6F0D73653215771DE243A63AC048A18B59DA29,127,3B6A27BCCEB6A42D62A3A8D02A6F0D73653215771DE243A63AC048A18B59DA29,874BF1ADCD265CCE16918946E1705B9E620E55A2F59B8DA0BC1528D651A4A995,1246879196995202,1246879213246755,16251553,
atto,atto-serial,3B6A27BCCEB6A42D62A3A8D02A6F0D73653215771DE243A63AC048A18B59DA29,128,3B6A27BCCEB6A42D62A3A8D02A6F0D73653215771DE243A63AC048A18B59DA29,A26AF9CB6A914A5205C7F560E23AB1395E274D842EA1EE303B44529F5EF6FE83,1246879213257104,1246879230854735,17597631,
atto,atto-serial,3B6A27BCCEB6A42D62A3A8D02A6F0D73653215771DE243A63AC048A18B59DA29,129,3B6A27BCCEB6A42D62A3A8D02A6F0D73653215771DE243A63AC048A18B59DA29,282992744C436D4F1399EF999E4DA02520AEC1EAD5ABA875A3C1D28BB5EE5323,1246879230869302,1246879246751404,15882102,
atto,atto-serial,3B6A27BCCEB6A42D62A3A8D02A6F0D73653215771DE243A63AC048A18B59DA29,130,3B6A27BCCEB6A42D62A3A8D02A6F0D73653215771DE243A63AC048A18B59DA29,3795F2970E636EF9ED130927B8812852C98B82AC42FDD9F7A2F40EBEC067E92F,1246879246761212,1246879265105630,18344418,
atto,atto-serial,3B6A27BCCEB6A42D62A3A8D02A6F0D73653215771DE243A63AC048A18B59DA29,131,3B6A27BCCEB6A42D62A3A8D02A6F0D73653215771DE243A63AC048A18B59DA29,23EE4ED58DDF5B3615C77D3A83B894A5F2FC39CFD792B83CF9C8584D017FB49D,1246879265114747,1246879278183326,13068579,
atto,atto-serial,3B6A27BCCEB6A42D62A3A8D02A6F0D73653215771DE243A63AC048A18B59DA29,132,3B6A27BCCEB6A42D62A3A8D02A6F0D73653215771DE243A63AC048A18B59DA29,9D49EA72AC819351EB1AF2E4389D63E5F8F66D6FBB33EE6AE6E04FBD1FD20F34,1246879278191932,1246879291554650,13362718,
atto,atto-serial,3B6A27BCCEB6A42D62A3A8D02A6F0D73653215771DE243A63AC048A18B59DA29,133,3B6A27BCCEB6A42D62A3A8D02A6F0D73653215771DE243A63AC048A18B59DA29,BF6E1EC62DA5133C03C63F75D8EB89DC10399C4BDEC0890E20BEC8B127DC3742,1246879291562745,1246879304414117,12851372,
atto,atto-serial,3B6A27BCCEB6A42D62A3A8D02A6F0D73653215771DE243A63AC048A18B59DA29,134,3B6A27BCCEB6A42D62A3A8D02A6F0D73653215771DE243A63AC048A18B59DA29,947DEAC60F6CC7614D46964C4203C329FA784D03D654B098CBC3ADFC9BB266B3,1246879304422563,1246879317308309,12885746,
atto,atto-serial,3B6A27BCCEB6A42D62A3A8D02A6F0D73653215771DE243A63AC048A18B59DA29,135,3B6A27BCCEB6A42D62A3A8D02A6F0D73653215771DE243A63AC048A18B59DA29,921C141DD46868341121A821F43BB3D446B17DFD88A3BA7DDAA091227EECEE9F,1246879317322435,1246879336467792,19145357,
atto,atto-serial,3B6A27BCCEB6A42D62A3A8D02A6F0D73653215771DE243A63AC048A18B59DA29,136,3B6A27BCCEB6A42D62A3A8D02A6F0D73653215771DE243A63AC048A18B59DA29,6435AFA12B8ECA703E6DD8672A633E63F59A1B4B47228800B16678232B6C9651,1246879336477821,1246879355147036,18669215,
atto,atto-serial,3B6A27BCCEB6A42D62A3A8D02A6F0D73653215771DE243A63AC048A18B59DA29,137,3B6A27BCCEB6A42D62A3A8D02A6F0D73653215771DE243A63AC048A18B59DA29,55F9A4DEC386D2C55A8C0106350BC4201E15A5873FA0BC1997C27935C3859BA1,1246879355154780,1246879368386754,13231974,
atto,atto-serial,3B6A27BCCEB6A42D62A3A8D02A6F0D73653215771DE243A63AC048A18B59DA29,138,3B6A27BCCEB6A42D62A3A8D02A6F0D73653215771DE243A63AC048A18B59DA29,B6ABA9F205C84803FC265D386E060E2188BDA3E190E038B2D6D911BAF666B318,1246879368396342,1246879384915907,16519565,
atto,atto-serial,3B6A27BCCEB6A42D62A3A8D02A6F0D73653215771DE243A63AC048A18B59DA29,139,3B6A27BCCEB6A42D62A3A8D02A6F0D73653215771DE243A63AC048A18B59DA29,3F86A34359E9C6E7A2E56F2432C807924F7F72FFA5488A2C2A2F2A13FF8925FE,1246879384926356,1246879399102215,14175859,
atto,atto-serial,3B6A27BCCEB6A42D62A3A8D02A6F0D73653215771DE243A63AC048A18B59DA29,140,3B6A27BCCEB6A42D62A3A8D02A6F0D73653215771DE243A63AC048A18B59DA29,749C583426B12D7D95352BAEBE8CBD236D21958140C2C392FD7475D57495F38C,1246879399110902,1246879421562132,22451230,
atto,atto-serial,3B6A27BCCEB6A42D62A3A8D02A6F0D73653215771DE243A63AC048A18B59DA29,141,3B6A27BCCEB6A42D62A3A8D02A6F0D73653215771DE243A63AC048A18B59DA29,141389CB54722C7988931FD969084F15F49520636D62ED61918865F2CBF7714D,1246879421572181,1246879438859201,17287020,
atto,atto-serial,3B6A27BCCEB6A42D62A3A8D02A6F0D73653215771DE243A63AC048A18B59DA29,142,3B6A27BCCEB6A42D62A3A8D02A6F0D73653215771DE243A63AC048A18B59DA29,E7A1779DBA12BF452CE5DE90B749AED87F39631635D848A2CCA88A92863C12D3,1246879438867777,1246879459457385,20589608,
atto,atto-serial,3B6A27BCCEB6A42D62A3A8D02A6F0D73653215771DE243A63AC048A18B59DA29,143,3B6A27BCCEB6A42D62A3A8D02A6F0D73653215771DE243A63AC048A18B59DA29,E8D17670FC9D7C2DC136277872C97147B19754C5C859FB83F18B3CB0A0F57484,1246879459467374,1246879476030580,16563206,
atto,atto-serial,3B6A27BCCEB6A42D62A3A8D02A6F0D73653215771DE243A63AC048A18B59DA29,144,3B6A27BCCEB6A42D62A3A8D02A6F0D73653215771DE243A63AC048A18B59DA29,97F6D8EE565ABA5E18868F00E10783E864271BAADC606FE72F761445E771B816,1246879476037944,1246879495531632,19493688,
atto,atto-serial,3B6A27BCCEB6A42D62A3A8D02A6F0D73653215771DE243A63AC048A18B59DA29,145,3B6A27BCCEB6A42D62A3A8D02A6F0D73653215771DE243A63AC048A18B59DA29,702340C747F020E60E0421C7B65B901F85E4E43E8694181FEC61E37272634DF5,1246879495539386,1246879509912315,14372929,
atto,atto-serial,3B6A27BCCEB6A42D62A3A8D02A6F0D73653215771DE243A63AC048A18B59DA29,146,3B6A27BCCEB6A42D62A3A8D02A6F0D73653215771DE243A63AC048A18B59DA29,2D4DB06344ECB19475593A2EEBDD822DE2F6BABC8F72DE41A60CB4B7668A43A7,1246879509920330,1246879529423425,19503095,
atto,atto-serial,3B6A27BCCEB6A42D62A3A8D02A6F0D73653215771DE243A63AC048A18B59DA29,147,3B6A27BCCEB6A42D62A3A8D02A6F0D73653215771DE243A63AC048A18B59DA29,5D4FE018AADB9E0EC80BAAA368945DB12A48D577E77AC4D6B0F5C90730311B66,1246879529433143,1246879545942368,16509225,
atto,atto-serial,3B6A27BCCEB6A42D62A3A8D02A6F0D73653215771DE243A63AC048A18B59DA29,148,3B6A27BCCEB6A42D62A3A8D02A6F0D73653215771DE243A63AC048A18B59DA29,1CE9B821F1CF37B82A7964E4032B9A642C1C92F827A8527067688867208AFD3E,1246879545950944,1246879560223775,14272831,
atto,atto-serial,3B6A27BCCEB6A42D62A3A8D02A6F0D73653215771DE243A63AC048A18B59DA29,149,3B6A27BCCEB6A42D62A3A8D02A6F0D73653215771DE243A63AC048A18B59DA29,DE8DD92385B70C84B8217DBCF8151D8BF630868D9EA36EC2FAB056601C5C9DF2,1246879560231730,1246879573687433,13455703,
atto,atto-serial,3B6A27BCCEB6A42D62A3A8D02A6F0D73653215771DE243A63AC048A18B59DA29,150,3B6A27BCCEB6A42D62A3A8D02A6F0D73653215771DE243A63AC048A18B59DA29,F337528E64415053C12612913B0FDB5DB00B8CBA08CAB8904EB9CEBB174F2DF2,1246879573695628,1246879586598316,12902688,
atto,atto-serial,3B6A27BCCEB6A42D62A3A8D02A6F0D73653215771DE243A63AC048A18B59DA29,151,3B6A27BCCEB6A42D62A3A8D02A6F0D73653215771DE243A63AC048A18B59DA29,39A939D43A05D51530A32F8CA9E08C6A38CE5089D56F668A09A4E8D10F51AFC5,1246879586607002,1246879607199075,20592073,
atto,atto-serial,3B6A27BCCEB6A42D62A3A8D02A6F0D73653215771DE243A63AC048A18B59DA29,152,3B6A27BCCEB6A42D62A3A8D02A6F0D73653215771DE243A63AC048A18B59DA29,CB02E5D412BAC576318AFB1BDF02B767F4BA81D4C893DCC80F44938A784288E7,1246879607208132,1246879620093397,12885265,
atto,atto-serial,3B6A27BCCEB6A42D62A3A8D02A6F0D73653215771DE243A63AC048A18B59DA29,153,3B6A27BCCEB6A42D62A3A8D02A6F0D73653215771DE243A63AC048A18B59DA29,4F423AA8D829FAF80545C31AC03E9FFD6330E0160B429DD874D0EBD0D1E66C62,1246879620103696,1246879639210611,19106915,
atto,atto-serial,3B6A27BCCEB6A42D62A3A8D02A6F0D73653215771DE243A63AC048A18B59DA29,154,3B6A27BCCEB6A42D62A3A8D02A6F0D73653215771DE243A63AC048A18B59DA29,F49DFE69B50E5E8BB9BAA7BDD9F9E68E277553570B6C91FA860E8CD435A80181,1246879639220539,1246879658066866,18846327,
atto,atto-serial,3B6A27BCCEB6A42D62A3A8D02A6F0D73653215771DE243A63AC048A18B59DA29,155,3B6A27BCCEB6A42D62A3A8D02A6F0D73653215771DE243A63AC048A18B59DA29,558670E4B110BC38B08309A6961813850A318A79115916F6EF2FF0AB332DEEBA,1246879658075572,1246879672406021,14330449,
atto,atto-serial,3B6A27BCCEB6A42D62A3A8D02A6F0D73653215771DE243A63AC048A18B59DA29,156,3B6A27BCCEB6A42D62A3A8D02A6F0D73653215771DE243A63AC048A18B59DA29,A691CCC17753A34622112D5ABDA94E2CC348BBD514A66340C0FEC2E703AC5A54,1246879672415459,1246879688447110,16031651,
atto,atto-serial,3B6A27BCCEB6A42D62A3A8D02A6F0D73653215771DE243A63AC048A18B59DA29,157,3B6A27BCCEB6A42D62A3A8D02A6F0D73653215771DE243A63AC048A18B59DA29,E9D3173348C08F83E838142C498D2DDBC7BE74F6AE9DD638BFB1AD20B24DAEA0,1246879688456838,1246879705637780,17180942,
atto,atto-serial,3B6A27BCCEB6A42D62A3A8D02A6F0D73653215771DE243A63AC048A18B59DA29,158,3B6A27BCCEB6A42D62A3A8D02A6F0D73653215771DE243A63AC048A18B59DA29,DBCD5B30A24315BD8DEF28FAFA5070642C7854742A60E4A28CE8604F20F424DE,1246879705646005,1246879718306470,12660465,
atto,atto-serial,3B6A27BCCEB6A42D62A3A8D02A6F0D73653215771DE243A63AC048A18B59DA29,159,3B6A27BCCEB6A42D62A3A8D02A6F0D73653215771DE243A63AC048A18B59DA29,004F8D7668DD1EEFE24ADA66DADDDD5EF56FA70DAACFB1D023A8451A115512E6,1246879718319484,1246879737488876,19169392,
atto,atto-serial,3B6A27BCCEB6A42D62A3A8D02A6F0D73653215771DE243A63AC048A18B59DA29,160,3B6A27BCCEB6A42D62A3A8D02A6F0D73653215771DE243A63AC048A18B59DA29,6AA780B3A480727A7CDBEACC9456A813382EA2013195B262BFB740907ED7C32A,1246879737498804,1246879753952765,16453961,
atto,atto-serial,3B6A27BCCEB6A42D62A3A8D02A6F0D73653215771DE243A63AC048A18B59DA29,161,3B6A27BCCEB6A42D62A3A8D02A6F0D73653215771DE243A63AC048A18B59DA29,84B3A773A8E328EE6686E4B80DA8630E64E4B8B788BB0146654FD1BBCD571625,1246879753964658,1246879771251547,17286889,
atto,atto-serial,3B6A27BCCEB6A42D62A3A8D02A6F0D73653215771DE243A63AC048A18B59DA29,162,3B6A27BCCEB6A42D62A3A8D02A6F0D73653215771DE243A63AC048A18B59DA29,00F70C737705D878268765CD9BFA7C035484008E00E1D523665DC06D237E4416,1246879771261907,1246879787454289,16192382,
atto,atto-serial,3B6A27BCCEB6A42D62A3A8D02A6F0D73653215771DE243A63AC048A18B59DA29,163,3B6A27BCCEB6A42D62A3A8D02A6F0D73653215771DE243A63AC048A18B59DA29,87FB9DB8AEAC00C9CEFB7F81FB3487DB505057D689D51E9F12E5EA5ED07501B4,1246879787464798,1246879804446938,16982140,
atto,atto-serial,3B6A27BCCEB6A42D62A3A8D02A6F0D73653215771DE243A63AC048A18B59DA29,164,3B6A27BCCEB6A42D62A3A8D02A6F0D73653215771DE243A63AC048A18B59DA29,152AE5A973A6661BF0A846A9B4C007ED5D2E6ABD7FAA67F4856AE6CC0C31E1F4,1246879804455754,1246879819485171,15029417,
atto,atto-serial,3B6A27BCCEB6A42D62A3A8D02A6F0D73653215771DE243A63AC048A18B59DA29,165,3B6A27BCCEB6A42D62A3A8D02A6F0D73653215771DE243A63AC048A18B59DA29,FA3E61C04C273EF2A14C099C894ABEE38EA5000ED381C8651F98060A5219AFA5,1246879819496492,1246879832849553,13353061,
atto,atto-serial,3B6A27BCCEB6A42D62A3A8D02A6F0D73653215771DE243A63AC048A18B59DA29,166,3B6A27BCCEB6A42D62A3A8D02A6F0D73653215771DE243A63AC048A18B59DA29,1F633E0009430713F48B9177A2B6C826CDCB47EE647083A261E979347C89BC3F,1246879832857898,1246879845453622,12595724,
atto,atto-serial,3B6A27BCCEB6A42D62A3A8D02A6F0D73653215771DE243A63AC048A18B59DA29,167,3B6A27BCCEB6A42D62A3A8D02A6F0D73653215771DE243A63AC048A18B59DA29,DC00B30C28FD6EDD455C31C3D7A867E38C44EE13EB0CABB0D0D519A86742C3F2,1246879845463430,1246879864264512,18801082,
atto,atto-serial,3B6A27BCCEB6A42D62A3A8D02A6F0D73653215771DE243A63AC048A18B59DA29,168,3B6A27BCCEB6A42D62A3A8D02A6F0D73653215771DE243A63AC048A18B59DA29,C54F01CF1B13030051F9972A1FB47D1AD24AB9D41C676B720F7BB9F34E5C5043,1246879864274130,1246879877926821,13652691,
atto,atto-serial,3B6A27BCCEB6A42D62A3A8D02A6F0D73653215771DE243A63AC048A18B59DA29,169,3B6A27BCCEB6A42D62A3A8D02A6F0D73653215771DE243A63AC048A18B59DA29,5E91C1384BA7D8675F43B711750F9FA9D21BF5937B29BA08B7C3B9D93012D98B,1246879877936459,1246879895805878,17869419,
atto,atto-serial,3B6A27BCCEB6A42D62A3A8D02A6F0D73653215771DE243A63AC048A18B59DA29,170,3B6A27BCCEB6A42D62A3A8D02A6F0D73653215771DE243A63AC048A18B59DA29,FE8DD65AA9B563D5BCD5ED2DFC03A4B78DF1E992DF3CB66B005DA776523E438C,1246879895817250,1246879909186500,13369250,
atto,atto-serial,3B6A27BCCEB6A42D62A3A8D02A6F0D73653215771DE243A63AC048A18B59DA29,171,3B6A27BCCEB6A42D62A3A8D02A6F0D73653215771DE243A63AC048A18B59DA29,8160A7D98319A7D527352FCBA6642FCE365CE8EDB7B1AB781258479B195E1D4F,1246879909194435,1246879928948330,19753895,
atto,atto-serial,3B6A27BCCEB6A42D62A3A8D02A6F0D73653215771DE243A63AC048A18B59DA29,172,3B6A27BCCEB6A42D62A3A8D02A6F0D73653215771DE243A63AC048A18B59DA29,FF1578667A4C28967E49C9FF85562CEEF020527A01F86E8926DEA51A9A03C798,1246879928960603,1246879951557316,22596713,
atto,atto-serial,3B6A27BCCEB6A42D62A3A8D02A6F0D73653215771DE243A63AC048A18B59DA29,173,3B6A27BCCEB6A42D62A3A8D02A6F0D73653215771DE243A63AC048A18B59DA29,16A321ABB47CCB3E1A2F4D9EED2F504146BAA29597DEC4F35EE45DAC02EF0A5B,1246879951566624,1246879968196764,16630140,
atto,atto-serial,3B6A27BCCEB6A42D62A3A8D02A6F0D73653215771DE243A63AC048A18B59DA29,174,3B6A27BCCEB6A42D62A3A8D02A6F0D73653215771DE243A63AC048A18B59DA29,0D1A180000BF023D375DDFC45EE703823D70C68147020124CFD0B116376FD408,1246879968205120,1246879991228481,23023361,
atto,atto-serial,3B6A27BCCEB6A42D62A3A8D02A6F0D73653215771DE243A63AC048A18B59DA29,175,3B6A27BCCEB6A42D62A3A8D02A6F0D73653215771DE243A63AC048A18B59DA29,FFED79C4E3D913A81D3D0B41717887E56CF075C0AF7AED8471FCBF8C22AAD1DC,1246879991241616,1246880008724582,17482966,
atto,atto-serial,3B6A27BCCEB6A42D62A3A8D02A6F0D73653215771DE243A63AC048A18B59DA29,176,3B6A27BCCEB6A42D62A3A8D02A6F0D73653215771DE243A63AC048A18B59DA29,019C4B6307243C099C00CA9CDDE605D156DDB96C7CA5E89F1897EFDCC2F39F2E,1246880008732858,1246880025975585,17242727,
atto,atto-serial,3B6A27BCCEB6A42D62A3A8D02A6F0D73653215771DE243A63AC048A18B59DA29,177,3B6A27BCCEB6A42D62A3A8D02A6F0D73653215771DE243A63AC048A18B59DA29,C961B3102B1A5398D093A5DDDCF7AD2F88DDA6AC1694EDC7749C74B1825430A5,1246880025983459,1246880043088719,17105260,
atto,atto-serial,3B6A27BCCEB6A42D62A3A8D02A6F0D73653215771DE243A63AC048A18B59DA29,178,3B6A27BCCEB6A42D62A3A8D02A6F0D73653215771DE243A63AC048A18B59DA29,20CA72E751569F3F4E63D04D5D9847C63D24E2CB6D857F9556F0881A376168B0,1246880043098778,1246880057664647,14565869,
atto,atto-serial,3B6A27BCCEB6A42D62A3A8D02A6F0D73653215771DE243A63AC048A18B59DA29,179,3B6A27BCCEB6A42D62A3A8D02A6F0D73653215771DE243A63AC048A18B59DA29,6E3A87613EC2FC46A4EDED3932376723CA137F17E258E85A5FF120D357659426,1246880057674265,1246880070777138,13102873,
atto,atto-serial,3B6A27BCCEB6A42D62A3A8D02A6F0D73653215771DE243A63AC048A18B59DA29,180,3B6A27BCCEB6A42D62A3A8D02A6F0D73653215771DE243A63AC048A18B59DA29,86133D0177AB1C46B60C84BFEC324AA211A54A8019124DE635A5B54E05A18C87,1246880070786776,1246880084602872,13816096,
atto,atto-serial,3B6A27BCCEB6A42D62A3A8D02A6F0D73653215771DE243A63AC048A18B59DA29,181,3B6A27BCCEB6A42D62A3A8D02A6F0D73653215771DE243A63AC048A18B59DA29,6B055AA279A60783256403AD41F61EB48321F548EED9AEDADFD4F0D79C5133BF,1246880084611328,1246880097438975,12827647,
atto,atto-serial,3B6A27BCCEB6A42D62A3A8D02A6F0D73653215771DE243A63AC048A18B59DA29,182,3B6A27BCCEB6A42D62A3A8D02A6F0D73653215771DE243A63AC048A18B59DA29,D9EC6DCFCCACF2FAE4CC7380DA02C9D6C2E72C80B186A46889451A861023CC5A,1246880097448804,1246880109011264,11562460,
atto,atto-serial,3B6A27BCCEB6A42D62A3A8D02A6F0D73653215771DE243A63AC048A18B59DA29,183,3B6A27BCCEB6A42D62A3A8D02A6F0D73653215771DE243A63AC048A18B59DA29,3CD0A3F9D197E94030552BE5F1AE3306C9D43D38CFA69DF1AE2830B1EE365B16,1246880109020762,1246880121965759,12944997,
atto,atto-serial,3B6A27BCCEB6A42D62A3A8D02A6F0D73653215771DE243A63AC048A18B59DA29,184,3B6A27BCCEB6A42D62A3A8D02A6F0D73653215771DE243A63AC048A18B59DA29,E6F945FA23B587AE44F08E1D9AFB2AD9968158D543B0F9BF3434D80C29E47A58,1246880121973093,1246880140656716,18683623,
atto,atto-serial,3B6A27BCCEB6A42D62A3A8D02A6F0D73653215771DE243A63AC048A18B59DA29,185,3B6A27BCCEB6A42D62A3A8D02A6F0D73653215771DE243A63AC048A18B59DA29,C54EE49D8564942B8E8AEEA8C309552164F15DF9E3C67907281F7A2DA8E52616,1246880140667356,1246880165923574,25256218,
atto,atto-serial,3B6A27BCCEB6A42D62A3A8D02A6F0D73653215771DE243A63AC048A18B59DA29,186,3B6A27BCCEB6A42D62A3A8D02A6F0D73653215771DE243A63AC048A18B59DA29,E7E0902EA52F7281E778AB6F922D061C78AB62974EDE6888F3CAFD91B8BBEE3B,1246880165933593,1246880183157063,17223470,
atto,atto-serial,3B6A27BCCEB6A42D62A3A8D02A6F0D73653215771DE243A63AC048A18B59DA29,187,3B6A27BCCEB6A42D62A3A8D02A6F0D73653215771DE243A63AC048A18B59DA29,45147ECD4FF0130214E57F2563D14C7603C22E61BFEE932388A180B73227F81D,1246880183164648,1246880203523584,20358936,
atto,atto-serial,3B6A27BCCEB6A42D62A3A8D02A6F0D73653215771DE243A63AC048A18B59DA29,188,3B6A27BCCEB6A42D62A3A8D02A6F0D73653215771DE243A63AC048A18B59DA29,80058A0DF9C0D32F784CC88CA6C645E9BE7D374D19D6C9859AF079F9BC0DCE71,1246880203532661,1246880216122514,12589853,
atto,atto-serial,3B6A27BCCEB6A42D62A3A8D02A6F0D73653215771DE243A63AC048A18B59DA29,189,3B6A27BCCEB6A42D62A3A8D02A6F0D73653215771DE243A63AC048A18B59DA29,64FDA4067DD85D25D55F5F38727A6C5A205C4A9374A734EEC0B55798ED594E9F,1246880216132392,1246880238372137,22239745,
atto,atto-serial,3B6A27BCCEB6A42D62A3A8D02A6F0D73653215771DE243A63AC048A18B59DA29,190,3B6A27BCCEB6A42D62A3A8D02A6F0D73653215771DE243A63AC048A18B59DA29,06D852E1EF3A8BE7638A011D2ECA9B9B0D91D9EA2B39A012F0EB59A374BC0262,1246880238380172,1246880252212229,13832057,
atto,atto-serial,3B6A27BCCEB6A42D62A3A8D02A6F0D73653215771DE243A63AC048A18B59DA29,191,3B6A27BCCEB6A42D62A3A8D02A6F0D73653215771DE243A63AC048A18B59DA29,C27613F981A417C2A64539AA64C1ADD31F47658357B42A69103A9E48463E9179,1246880252221817,1246880267879559,15657742,
atto,atto-serial,3B6A27BCCEB6A42D62A3A8D02A6F0D73653215771DE243A63AC048A18B59DA29,192,3B6A27BCCEB6A42D62A3A8D02A6F0D73653215771DE243A63AC048A18B59DA29,FFDAAE893684A6C16FCBF633AB05E23D4F1C00755811FF4DC61DCC5347D3D935,1246880267892613,1246880281495832,13603219,
atto,atto-serial,3B6A27BCCEB6A42D62A3A8D02A6F0D73653215771DE243A63AC048A18B59DA29,193,3B6A27BCCEB6A42D62A3A8D02A6F0D73653215771DE243A63AC048A18B59DA29,AB0714AEE761F2507C8CD7986B9667AB16367E18EE41173B339FC138A66D51BE,1246880281509046,1246880299670983,18161937,
atto,atto-serial,3B6A27BCCEB6A42D62A3A8D02A6F0D73653215771DE243A63AC048A18B59DA29,194,3B6A27BCCEB6A42D62A3A8D02A6F0D73653215771DE243A63AC048A18B59DA29,CF1290AF82294EFEB42DF6F232EED1349F4549CD5FC6A8B5BB4E57FB9304DD0A,1246880299678537,1246880316139942,16461405,
atto,atto-serial,3B6A27BCCEB6A42D62A3A8D02A6F0D73653215771DE243A63AC048A18B59DA29,195,3B6A27BCCEB6A42D62A3A8D02A6F0D73653215771DE243A63AC048A18B59DA29,B1462D8E1CFAF0257FA46DC028411751B328A104F7E16B53E00F66279B4B6E2E,1246880316150923,1246880335701908,19550985,
atto,atto-serial,3B6A27BCCEB6A42D62A3A8D02A6F0D73653215771DE243A63AC048A18B59DA29,196,3B6A27BCCEB6A42D62A3A8D02A6F0D73653215771DE243A63AC048A18B59DA29,F03F0DD7103109444E0538BA855FBED53CB311D83CF61E1B0883173586DF1F90,1246880335710043,1246880352200473,16490430,
atto,atto-serial,3B6A27BCCEB6A42D62A3A8D02A6F0D73653215771DE243A63AC048A18B59DA29,197,3B6A27BCCEB6A42D62A3A8D02A6F0D73653215771DE243A63AC048A18B59DA29,6F8189E4D1A16D5E5358618D5450B9D97C957444FDE9CB9CDE63ABEFE5CA62BC,1246880352208839,1246880372063893,19855054,
atto,atto-serial,3B6A27BCCEB6A42D62A3A8D02A6F0D73653215771DE243A63AC048A18B59DA29,198,3B6A27BCCEB6A42D62A3A8D02A6F0D73653215771DE243A63AC048A18B59DA29,15D2354CCA8D551EA45BF0BBA8F2EA22534AE1F2BF6C05C770B72042FCCD6A7F,1246880372073681,1246880385122322,13048641,
atto,atto-serial,3B6A27BCCEB6A42D62A3A8D02A6F0D73653215771DE243A63AC048A18B59DA29,199,3B6A27BCCEB6A42D62A3A8D02A6F0D73653215771DE243A63AC048A18B59DA29,7B423EB10AEF589B35671E43CD3BA8A724792C0778EE49A5AAE6F6505A3F8D2A,1246880385132972,1246880404680991,19548019,
atto,atto-serial,3B6A27BCCEB6A42D62A3A8D02A6F0D73653215771DE243A63AC048A18B59DA29,200,3B6A27BCCEB6A42D62A3A8D02A6F0D73653215771DE243A63AC048A18B59DA29,3E490AD861F3D3CD7C9CEA2A2BA8FDADFB5F531C955157ABA3FA58ECA87B14C1,1246880404689247,1246880417989759,13300512,
atto,atto-serial,3B6A27BCCEB6A42D62A3A8D02A6F0D73653215771DE243A63AC048A18B59DA29,201,3B6A27BCCEB6A42D62A3A8D02A6F0D73653215771DE243A63AC048A18B59DA29,53691861715B5239D28B17D0F3C21175FE9555FED2BD735E8C00E4CE8D0414BF,1246880417999146,1246880435217107,17217961,
atto,atto-serial,3B6A27BCCEB6A42D62A3A8D02A6F0D73653215771DE243A63AC048A18B59DA29,202,3B6A27BCCEB6A42D62A3A8D02A6F0D73653215771DE243A63AC048A18B59DA29,E0A9B76152F962D493ED5DEAE2BC4E74A35BBBD24F03191DB3B4B20247DD3597,1246880435224601,1246880447904733,12680132,
atto,atto-serial,3B6A27BCCEB6A42D62A3A8D02A6F0D73653215771DE243A63AC048A18B59DA29,203,3B6A27BCCEB6A42D62A3A8D02A6F0D73653215771DE243A63AC048A18B59DA29,E9B4AABB6BB32DD145E53949032088D19126B925F8DDE7D020B5EEBCD14F1F77,1246880447915092,1246880464721823,16806731,
atto,atto-serial,3B6A27BCCEB6A42D62A3A8D02A6F0D73653215771DE243A63AC048A18B59DA29,204,3B6A27BCCEB6A42D62A3A8D02A6F0D73653215771DE243A63AC048A18B59DA29,978E08DEB8776D7CA173AFA06AB58B1106B2F29FA0BA5CD7731F2ACC12AC8003,1246880464735138,1246880489393087,24657949,
atto,atto-serial,3B6A27BCCEB6A42D62A3A8D02A6F0D73653215771DE243A63AC048A18B59DA29,205,3B6A27BCCEB6A42D62A3A8D02A6F0D73653215771DE243A63AC048A18B59DA29,182EC9E0C283A04DAF51D159A7BD619DA955B048C78552F04954999FE7CCB17C,1246880489403487,1246880506117605,16714118,
atto,atto-serial,3B6A27BCCEB6A42D62A3A8D02A6F0D73653215771DE243A63AC048A18B59DA29,206,3B6A27BCCEB6A42D62A3A8D02A6F0D73653215771DE243A63AC048A18B59DA29,E00B46E7CE76311C611A98B56582A6909FBDEAE42501C75554BDA2C939D637A5,1246880506129978,1246880519966172,13836194,
atto,atto-serial,3B6A27BCCEB6A42D62A3A8D02A6F0D73653215771DE243A63AC048A18B59DA29,207,3B6A27BCCEB6A42D62A3A8D02A6F0D73653215771DE243A63AC048A18B59DA29,B0C3F5B48E276E9F24F75660FCE0C08FFBB49AC946FB932ABF5DE8E3CB67366A,1246880519976131,1246880535866708,15890577,
atto,atto-serial,3B6A27BCCEB6A42D62A3A8D02A6F0D73653215771DE243A63AC048A18B59DA29,208,3B6A27BCCEB6A42D62A3A8D02A6F0D73653215771DE243A63AC048A18B59DA29,C79DB9ECD8A7DFF8576E2F60813D934C23726891927EECAF060076DE3D9A4511,1246880535875204,1246880552541974,16666770,
atto,atto-serial,3B6A27BCCEB6A42D62A3A8D02A6F0D73653215771DE243A63AC048A18B59DA29,209,3B6A27BCCEB6A42D62A3A8D02A6F0D73653215771DE243A63AC048A18B59DA29,27693549B2BF5D91374872C15562163ACA3872905C0972C1F459DB115E9E6CAD,1246880552552173,1246880576665804,24113631,
atto,atto-serial,3B6A27BCCEB6A42D62A3A8D02A6F0D73653215771DE243A63AC048A18B59DA29,210,3B6A27BCCEB6A42D62A3A8D02A6F0D73653215771DE243A63AC048A18B59DA29,C3B714E74E8DE5025F4B9927A273FFA3C2D435CE5605089959E20BD566C7E6D1,1246880576674119,1246880594947494,18273375,
atto,atto-serial,3B6A27BCCEB6A42D62A3A8D02A6F0D73653215771DE243A63AC048A18B59DA29,211,3B6A27BCCEB6A42D62A3A8D02A6F0D73653215771DE243A63AC048A18B59DA29,D658388D57153B1DE5B31778C009BB182F283E053AF5F9364D66222FAD6C4D9A,1246880594957142,1246880608894886,13937744,
atto,atto-serial,3B6A27BCCEB6A42D62A3A8D02A6F0D73653215771DE243A63AC048A18B59DA29,212,3B6A27BCCEB6A42D62A3A8D02A6F0D73653215771DE243A63AC048A18B59DA29,1BCFFF60FE3A782A7E903812098B5B17B2A494DD968223A2DA061F47CFB28CC1,1246880608902310,1246880622894927,13992617,
atto,atto-serial,3B6A27BCCEB6A42D62A3A8D02A6F0D73653215771DE243A63AC048A18B59DA29,213,3B6A27BCCEB6A42D62A3A8D02A6F0D73653215771DE243A63AC048A18B59DA29,613F437F8EDF75059FBC1F4C357A229F687E9DA395968C4A6618BEC284B5EC9E,1246880622906539,1246880643870868,20964329,
atto,atto-serial,3B6A27BCCEB6A42D62A3A8D02A6F0D73653215771DE243A63AC048A18B59DA29,214,3B6A27BCCEB6A42D62A3A8D02A6F0D73653215771DE243A63AC048A18B59DA29,C59700ED84A726E0D56100A28489559AE5C84EA76EC6451D1FA67B99536B47CB,1246880643879163,1246880659459801,15580638,
atto,atto-serial,3B6A27BCCEB6A42D62A3A8D02A6F0D73653215771DE243A63AC048A18B59DA29,215,3B6A27BCCEB6A42D62A3A8D02A6F0D73653215771DE243A63AC048A18B59DA29,CFCCCCBACFBF81A27B09AEF58B4257E6B661453C012CC3A2CF049C9486370EFB,1246880659469690,1246880676510629,17040939,
atto,atto-serial,3B6A27BCCEB6A42D62A3A8D02A6F0D73653215771DE243A63AC048A18B59DA29,216,3B6A27BCCEB6A42D62A3A8D02A6F0D73653215771DE243A63AC048A18B59DA29,1B8E5B2D6C88C257F87572EC7E600580FD47AA1AABD6789ADB3C8280F2C6D023,1246880676519786,1246880692930667,16410881,
atto,atto-serial,3B6A27BCCEB6A42D62A3A8D02A6F0D73653215771DE243A63AC048A18B59DA29,217,3B6A27BCCEB6A42D62A3A8D02A6F0D73653215771DE243A63AC048A18B59DA29,4EFA24C8ADBE27CCE50BA9E3D6B87DEBF09C01F8ADF736DA1DDC5CA14F69AFF4,1246880692939844,1246880712123001,19183157,
atto,atto-serial,3B6A27BCCEB6A42D62A3A8D02A6F0D73653215771DE243A63AC048A18B59DA29,218,3B6A27BCCEB6A42D62A3A8D02A6F0D73653215771DE243A63AC048A18B59DA29,0E7509D83F92229BA8C5C225E241CF43E1CB71ABDBE0F22C13CB7EA38EA30AA7,1246880712131677,1246880725945069,13813392,
atto,atto-serial,3B6A27BCCEB6A42D62A3A8D02A6F0D73653215771DE243A63AC048A18B59DA29,219,3B6A27BCCEB6A42D62A3A8D02A6F0D73653215771DE243A63AC048A18B59DA29,0B4F0C1044F0F2B0367C0C38188357F4741B5A6498BB6E20018F7B4F7CB1D479,1246880725952934,1246880738535212,12582278,
atto,atto-serial,3B6A27BCCEB6A42D62A3A8D02A6F0D73653215771DE243A63AC048A18B59DA29,220,3B6A27BCCEB6A42D62A3A8D02A6F0D73653215771DE243A63AC048A18B59DA29,0D91ED3E6E43461734D76C2100690EE33FAB1008D39645CC29631E755FC327F8,1246880738542796,1246880754529053,15986257,
atto,atto-serial,3B6A27BCCEB6A42D62A3A8D02A6F0D73653215771DE243A63AC048A18B59DA29,221,3B6A27BCCEB6A42D62A3A8D02A6F0D73653215771DE243A63AC048A18B59DA29,2300ECED4D547115718DAAFD471B233FF7F110BDACF60B798E73C8F389E1F8B9,1246880754539462,1246880771152892,16613430,
atto,atto-serial,3B6A27BCCEB6A42D62A3A8D02A6F0D73653215771DE243A63AC048A18B59DA29,222,3B6A27BCCEB6A42D62A3A8D02A6F0D73653215771DE243A63AC048A18B59DA29,3828759034AD28CB55A4109E0D557EEDEB7110F86B7301A1441E48C79FFBBDC1,1246880771161738,1246880787411708,16249970,
atto,atto-serial,3B6A27BCCEB6A42D62A3A8D02A6F0D73653215771DE243A63AC048A18B59DA29,223,3B6A27BCCEB6A42D62A3A8D02A6F0D73653215771DE243A63AC048A18B59DA29,A79C0239C3BFE56394CDB44961A45F006A9BE844AC5C9558FD20940B01CF03A3,1246880787421146,1246880805427081,18005935,
atto,atto-serial,3B6A27BCCEB6A42D62A3A8D02A6F0D73653215771DE243A63AC048A18B59DA29,224,3B6A27BCCEB6A42D62A3A8D02A6F0D73653215771DE243A63AC048A18B59DA29,953E3A965D74C99584DB9280FE4A6D9AEA68B91A78B9AF31139F3C98C8724B9E,1246880805435196,1246880828465270,23030074,
atto,atto-serial,3B6A27BCCEB6A42D62A3A8D02A6F0D73653215771DE243A63AC048A18B59DA29,225,3B6A27BCCEB6A42D62A3A8D02A6F0D73653215771DE243A63AC048A18B59DA29,F33A3DE4878BF6A5217247767D29F6075B2AEB0C9B66A5FE4094AB9D31631713,1246880828476180,1246880855201917,26725737,
atto,atto-serial,3B6A27BCCEB6A42D62A3A8D02A6F0D73653215771DE243A63AC048A18B59DA29,226,3B6A27BCCEB6A42D62A3A8D02A6F0D73653215771DE243A63AC048A18B59DA29,D780E163F32D817E6F5433DE78109B7E74A956999278530C7C4CC2F897B84A71,1246880855209802,1246880871757319,16547517,
atto,atto-serial,3B6A27BCCEB6A42D62A3A8D02A6F0D73653215771DE243A63AC048A18B59DA29,227,3B6A27BCCEB6A42D62A3A8D02A6F0D73653215771DE243A63AC048A18B59DA29,0250810D7DDB9587A767E0DF2C97F36329F94B4819A9D3147BE475010A40D214,1246880871765865,1246880887922210,16156345,
atto,atto-serial,3B6A27BCCEB6A42D62A3A8D02A6F0D73653215771DE243A63AC048A18B59DA29,228,3B6A27BCCEB6A42D62A3A8D02A6F0D73653215771DE243A63AC048A18B59DA29,BD62D4CBF8D2AE343E56F61642D43B24C453F6F53C59A3FF108A1C5E62F89811,1246880887932048,1246880927902653,39970605,
atto,atto-serial,3B6A27BCCEB6A42D62A3A8D02A6F0D73653215771DE243A63AC048A18B59DA29,229,3B6A27BCCEB6A42D62A3A8D02A6F0D73653215771DE243A63AC048A18B59DA29,49B354846E5AEFABC602C3E67FF00A45B3E0EB33E824AED13D73F03283406DCC,1246880927914625,1246880942517985,14603360,
atto,atto-serial,3B6A27BCCEB6A42D62A3A8D02A6F0D73653215771DE243A63AC048A18B59DA29,230,3B6A27BCCEB6A42D62A3A8D02A6F0D73653215771DE243A63AC048A18B59DA29,9F584EE137CAA5A4BEEC6B55206DA1E947585115DB977D69396D064BE917CB5C,1246880942525499,1246880955141290,12615791,
atto,atto-serial,3B6A27BCCEB6A42D62A3A8D02A6F0D73653215771DE243A63AC048A18B59DA29,231,3B6A27BCCEB6A42D62A3A8D02A6F0D73653215771DE243A63AC048A18B59DA29,950ADD6EC942E54B208D6F5316A6658F9705280AA6434D5CCE01D0D5D24D3E03,1246880955149996,1246880973659092,18509096,
atto,atto-serial,3B6A27BCCEB6A42D62A3A8D02A6F0D73653215771DE243A63AC048A18B59DA29,232,3B6A27BCCEB6A42D62A3A8D02A6F0D73653215771DE243A63AC048A18B59DA29,15E4CFAD46F3FE0A64C4E75FE82B803D32E32E5B26062FAA6B0F58C46FF48889,1246880973667488,1246880996074085,22406597,
atto,atto-serial,3B6A27BCCEB6A42D62A3A8D02A6F0D73653215771DE243A63AC048A18B59DA29,233,3B6A27BCCEB6A42D62A3A8D02A6F0D73653215771DE243A63AC048A18B59DA29,2934687D200243ED2778B9DE750EEF2C0ECA8A7DE8CA9A45739F319FEF14A395,1246880996083613,1246881009320446,13236833,
atto,atto-serial,3B6A27BCCEB6A42D62A3A8D02A6F0D73653215771DE243A63AC048A18B59DA29,234,3B6A27BCCEB6A42D62A3A8D02A6F0D73653215771DE243A63AC048A18B59DA29,E529CD9DBE7DC27DD0B410450039331734AE7E63FE297DEB5C6933A39861964D,1246881009328261,1246881022991091,13662830,
atto,atto-serial,3B6A27BCCEB6A42D62A3A8D02A6F0D73653215771DE243A63AC048A18B59DA29,235,3B6A27BCCEB6A42D62A3A8D02A6F0D73653215771DE243A63AC048A18B59DA29,A01508D29D52883A4516B8A8064D4110B90C949B9FF53D177A7782CD4F6E7D10,1246881023012931,1246881037287987,14275056,
atto,atto-serial,3B6A27BCCEB6A42D62A3A8D02A6F0D73653215771DE243A63AC048A18B59DA29,236,3B6A27BCCEB6A42D62A3A8D02A6F0D73653215771DE243A63AC048A18B59DA29,959C90C377B395F63642B9F7BE53FA2F41BC7B5018A7000D3494E5A38AF9A0AE,1246881037295310,1246881056269216,18973906,
atto,atto-serial,3B6A27BCCEB6A42D62A3A8D02A6F0D73653215771DE243A63AC048A18B59DA29,237,3B6A27BCCEB6A42D62A3A8D02A6F0D73653215771DE243A63AC048A18B59DA29,79D75A86CD21C0C4531D2B8559904A0CDE0013E1761D02C4E473FCBF6DC670AC,1246881056278533,1246881073097558,16819025,
atto,atto-serial,3B6A27BCCEB6A42D62A3A8D02A6F0D73653215771DE243A63AC048A18B59DA29,238,3B6A27BCCEB6A42D62A3A8D02A6F0D73653215771DE243A63AC048A18B59DA29,7AC612B16FC50D44587642BE7C31DFEA09D9C31401EC0FC1BD272721464BE48F,1246881073107767,1246881087139106,14031339,
atto,atto-serial,3B6A27BCCEB6A42D62A3A8D02A6F0D73653215771DE243A63AC048A18B59DA29,239,3B6A27BCCEB6A42D62A3A8D02A6F0D73653215771DE243A63AC048A18B59DA29,B93A9B254350FC2656824CB8A41F409A1B21BBB3CF330457D788C95BA6F30748,1246881087151319,1246881105343262,18191943,
atto,atto-serial,3B6A27BCCEB6A42D62A3A8D02A6F0D73653215771DE243A63AC048A18B59DA29,240,3B6A27BCCEB6A42D62A3A8D02A6F0D73653215771DE243A63AC048A18B59DA29,D2160C4F1A2A329C0CD447974E0821B704D90D0DF117654A8AF5A8A588BA81C1,1246881105350505,1246881117887840,12537335,
atto,atto-serial,3B6A27BCCEB6A42D62A3A8D02A6F0D73653215771DE243A63AC048A18B59DA29,241,3B6A27BCCEB6A42D62A3A8D02A6F0D73653215771DE243A63AC048A18B59DA29,4FCFE6633A92A43F20958A4BF192E92756D568BD2EF381CE3557847BCCAD02F0,1246881117896255,1246881130567260,12671005,
atto,atto-serial,3B6A27BCCEB6A42D62A3A8D02A6F0D73653215771DE243A63AC048A18B59DA29,242,3B6A27BCCEB6A42D62A3A8D02A6F0D73653215771DE243A63AC048A18B59DA29,6749135E1F291E1276FDC05F7303F6922FAE2F6ABEBA0D8D8BDCF45FDB97145B,1246881130576567,1246881152428727,21852160,
atto,atto-serial,3B6A27BCCEB6A42D62A3A8D02A6F0D73653215771DE243A63AC048A18B59DA29,243,3B6A27BCCEB6A42D62A3A8D02A6F0D73653215771DE243A63AC048A18B59DA29,36EA5A6E075600DB92C5F5903C12BEEAEBF3925728EFAB322F597F5FC6021561,1246881152437834,1246881165984297,13546463,
atto,atto-serial,3B6A27BCCEB6A42D62A3A8D02A6F0D73653215771DE243A63AC048A18B59DA29,244,3B6A27BCCEB6A42D62A3A8D02A6F0D73653215771DE243A63AC048A18B59DA29,4D6E1B5E8235F2CA6D1A619BADFE7B569555255F95DD8E1AC7ABF9B25AFCA07D,1246881165992532,1246881184768818,18776286,
atto,atto-serial,3B6A27BCCEB6A42D62A3A8D02A6F0D73653215771DE243A63AC048A18B59DA29,245,3B6A27BCCEB6A42D62A3A8D02A6F0D73653215771DE243A63AC048A18B59DA29,D4DF6273914595874DFAD8A3CD633D217EF91C48A4ECEBDFAB530B18B5EDDC45,1246881184777785,1246881204754316,19976531,
atto,atto-serial,3B6A27BCCEB6A42D62A3A8D02A6F0D73653215771DE243A63AC048A18B59DA29,246,3B6A27BCCEB6A42D62A3A8D02A6F0D73653215771DE243A63AC048A18B59DA29,EA6A8E638DC58122A5C932F4A35DFDE37A5A53AC4F879146B494EA0A47B866B7,1246881204766158,1246881221400577,16634419,
atto,atto-serial,3B6A27BCCEB6A42D62A3A8D02A6F0D73653215771DE243A63AC048A18B59DA29,247,3B6A27BCCEB6A42D62A3A8D02A6F0D73653215771DE243A63AC048A18B59DA29,8B10540AF9E72A701C1CDE82F18CE92043607F1423B1474A23C82ADAA3C2CF7D,1246881221412219,1246881240362060,18949841,
atto,atto-serial,3B6A27BCCEB6A42D62A3A8D02A6F0D73653215771DE243A63AC048A18B59DA29,248,3B6A27BCCEB6A42D62A3A8D02A6F0D73653215771DE243A63AC048A18B59DA29,20F29B6E972232E0937504488FD7038DE6F40A6794319FA1FAB6E2DF6465F7A5,1246881240370085,1246881262170488,21800403,
atto,atto-serial,3B6A27BCCEB6A42D62A3A8D02A6F0D73653215771DE243A63AC048A18B59DA29,249,3B6A27BCCEB6A42D62A3A8D02A6F0D73653215771DE243A63AC048A18B59DA29,6E968247BD66E76D98998DBB656FF4AFE84757465E21A9E4CF8F26B1C66E2B8F,1246881262180286,1246881276615531,14435245,
atto,atto-serial,3B6A27BCCEB6A42D62A3A8D02A6F0D73653215771DE243A63AC048A18B59DA29,250,3B6A27BCCEB6A42D62A3A8D02A6F0D73653215771DE243A63AC048A18B59DA29,963256A13DD826C585C640E34544E0A0CF9078C23F3A8AEA2F1ED9735975EB2E,1246881276625590,1246881296228723,19603133,
atto,atto-serial,3B6A27BCCEB6A42D62A3A8D02A6F0D73653215771DE243A63AC048A18B59DA29,251,3B6A27BCCEB6A42D62A3A8D02A6F0D73653215771DE243A63AC048A18B59DA29,29D65739FCA6488DBE0E885937E56C2621E8C24D089AC2000AC4F12811B421B4,1246881296239322,1246881310286271,14046949,
atto,atto-serial,3B6A27BCCEB6A42D62A3A8D02A6F0D73653215771DE243A63AC048A18B59DA29,252,3B6A27BCCEB6A42D62A3A8D02A6F0D73653215771DE243A63AC048A18B59DA29,48FBE7108402228F83F361F52FF2471C3D9C9C0F6D46F10DBE220442979631CE,1246881310296851,1246881329388146,19091295,
atto,atto-serial,3B6A27BCCEB6A42D62A3A8D02A6F0D73653215771DE243A63AC048A18B59DA29,253,3B6A27BCCEB6A42D62A3A8D02A6F0D73653215771DE243A63AC048A18B59DA29,69F384F74C03A848041F6EFBC2860E9BCE68E9E8F1B0062AD88E71519783FEE7,1246881329395520,1246881348349759,18954239,
atto,atto-serial,3B6A27BCCEB6A42D62A3A8D02A6F0D73653215771DE243A63AC048A18B59DA29,254,3B6A27BCCEB6A42D62A3A8D02A6F0D73653215771DE243A63AC048A18B59DA29,E4AAEA3F7380622B3F492A7A7A0510EBE8369EBD05C3F990EE39AFEE7D147CA0,1246881348358986,1246881366902176,18543190,
atto,atto-serial,3B6A27BCCEB6A42D62A3A8D02A6F0D73653215771DE243A63AC048A18B59DA29,255,3B6A27BCCEB6A42D62A3A8D02A6F0D73653215771DE243A63AC048A18B59DA29,00D0F2D2268A53928D5CC8E72D218D536FEC80B71443C7840DB93A12BC4D3351,1246881366913547,1246881386357371,19443824,
atto,atto-serial,3B6A27BCCEB6A42D62A3A8D02A6F0D73653215771DE243A63AC048A18B59DA29,256,3B6A27BCCEB6A42D62A3A8D02A6F0D73653215771DE243A63AC048A18B59DA29,FC56D14C4F24D55781D3366DCAB8AFD5AE1CD6115772CF07F51447541C8BE12E,1246881386368682,1246881408372507,22003825,
atto,atto-serial,3B6A27BCCEB6A42D62A3A8D02A6F0D73653215771DE243A63AC048A18B59DA29,257,3B6A27BCCEB6A42D62A3A8D02A6F0D73653215771DE243A63AC048A18B59DA29,C941F4B014082F879404734B5C61740C772FFFF87F7EFF0723CACFE261D2C8E8,1246881408390079,1246881426623650,18233571,
atto,atto-serial,3B6A27BCCEB6A42D62A3A8D02A6F0D73653215771DE243A63AC048A18B59DA29,258,3B6A27BCCEB6A42D62A3A8D02A6F0D73653215771DE243A63AC048A18B59DA29,1CBB09E5ACB6163393ECA4D5E80104755F6B070116A795A55FA2B72D9845EFA9,1246881426655219,1246881443747214,17091995,
atto,atto-serial,3B6A27BCCEB6A42D62A3A8D02A6F0D73653215771DE243A63AC048A18B59DA29,259,3B6A27BCCEB6A42D62A3A8D02A6F0D73653215771DE243A63AC048A18B59DA29,7B3537A3A537446C17494403104A1B5AD5932198ED76CAE12E21280C28107C3C,1246881443759948,1246881458218116,14458168,
atto,atto-serial,3B6A27BCCEB6A42D62A3A8D02A6F0D73653215771DE243A63AC048A18B59DA29,260,3B6A27BCCEB6A42D62A3A8D02A6F0D73653215771DE243A63AC048A18B59DA29,C72A5FE1F220C9382D8823C47B2AB6D6720D54E0CD0407A356D145BEA1103E7F,1246881458227623,1246881478922419,20694796,
atto,atto-serial,3B6A27BCCEB6A42D62A3A8D02A6F0D73653215771DE243A63AC048A18B59DA29,261,3B6A27BCCEB6A42D62A3A8D02A6F0D73653215771DE243A63AC048A18B59DA29,29A4C78067D64AEFCC62204B11A95B025A1B8BB5183A06E6B12CC7BF4ECC95F5,1246881478930724,1246881492176594,13245870,
atto,atto-serial,3B6A27BCCEB6A42D62A3A8D02A6F0D73653215771DE243A63AC048A18B59DA29,262,3B6A27BCCEB6A42D62A3A8D02A6F0D73653215771DE243A63AC048A18B59DA29,20B1C794F8D6613532C71B781AEAA91075C6A8DF1791609A839E8D351BE9BC3F,1246881492185009,1246881513392323,21207314,
atto,atto-serial,3B6A27BCCEB6A42D62A3A8D02A6F0D73653215771DE243A63AC048A18B59DA29,263,3B6A27BCCEB6A42D62A3A8D02A6F0D73653215771DE243A63AC048A18B59DA29,2431AE80ECC260C57CF70E13E2D07E3C3AF6786D9248597A73B0C7D8AE86399D,1246881513401240,1246881531210877,17809637,
atto,atto-serial,3B6A27BCCEB6A42D62A3A8D02A6F0D73653215771DE243A63AC048A18B59DA29,264,3B6A27BCCEB6A42D62A3A8D02A6F0D73653215771DE243A63AC048A18B59DA29,38A8F6E0EA31D7F82C560D67BE94AD46EB7CB433E5954EDD800064BE22596CB4,1246881531220005,1246881550344953,19124948,
atto,atto-serial,3B6A27BCCEB6A42D62A3A8D02A6F0D73653215771DE243A63AC048A18B59DA29,265,3B6A27BCCEB6A42D62A3A8D02A6F0D73653215771DE243A63AC048A18B59DA29,6C750B065F9CCF4513960E6B7A59DD23462DA3FFC73B7BC4329C6F5DD23FD65E,1246881550354561,1246881567077565,16723004,
atto,atto-serial,3B6A27BCCEB6A42D62A3A8D02A6F0D73653215771DE243A63AC048A18B59DA29,266,3B6A27BCCEB6A42D62A3A8D02A6F0D73653215771DE243A63AC048A18B59DA29,42F1B3B7D450804999C946EB142AAC75228B88ADE458F9BB5CAF8A0CFD68E8E1,1246881567088175,1246881583536797,16448622,
atto,atto-serial,3B6A27BCCEB6A42D62A3A8D02A6F0D73653215771DE243A63AC048A18B59DA29,267,3B6A27BCCEB6A42D62A3A8D02A6F0D73653215771DE243A63AC048A18B59DA29,DA0CE0D8E1110E9A35ECD964EB96D2A8E282B083393867B898CB0D8BC80DD5D3,1246881583546635,1246881597283704,13737069,
atto,atto-serial,3B6A27BCCEB6A42D62A3A8D02A6F0D73653215771DE243A63AC048A18B59DA29,268,3B6A27BCCEB6A42D62A3A8D02A6F0D73653215771DE243A63AC048A18B59DA29,62620FAB359407E91B1C84FBD6C600F54F43241B16B5FB0BF671F6A89652266B,1246881597295135,1246881614737506,17442371,
atto,atto-serial,3B6A27BCCEB6A42D62A3A8D02A6F0D73653215771DE243A63AC048A18B59DA29,269,3B6A27BCCEB6A42D62A3A8D02A6F0D73653215771DE243A63AC048A18B59DA29,907F0B43FA18949B107DE480E96E353A1BB23CE30FD0E5163A25190207C61D3C,1246881614747444,1246881630435924,15688480,
atto,atto-serial,3B6A27BCCEB6A42D62A3A8D02A6F0D73653215771DE243A63AC048A18B59DA29,270,3B6A27BCCEB6A42D62A3A8D02A6F0D73653215771DE243A63AC048A18B59DA29,E697E15384BF9BDBEB981707422C13F261FA2AE658219D48A02EB605ED1D0EEE,1246881630445722,1246881647543117,17097395,
atto,atto-serial,3B6A27BCCEB6A42D62A3A8D02A6F0D73653215771DE243A63AC048A18B59DA29,271,3B6A27BCCEB6A42D62A3A8D02A6F0D73653215771DE243A63AC048A18B59DA29,9CAA0A1E5289459ADCA70F6A772E21750F8BA78C5D8C25202CD7577FB305FB07,1246881647553516,1246881660289743,12736227,
atto,atto-serial,3B6A27BCCEB6A42D62A3A8D02A6F0D73653215771DE243A63AC048A18B59DA29,272,3B6A27BCCEB6A42D62A3A8D02A6F0D73653215771DE243A63AC048A18B59DA29,7E673786D9475A75CB6B766399F25A2475E906678763556BD18E1F146280BEE0,1246881660297818,1246881677110270,16812452,
atto,atto-serial,3B6A27BCCEB6A42D62A3A8D02A6F0D73653215771DE243A63AC048A18B59DA29,273,3B6A27BCCEB6A42D62A3A8D02A6F0D73653215771DE243A63AC048A18B59DA29,EEB421C9B50C0C4B175DFA62FDB211D20EFF5F6FA8547DE60D47E7DADACE7A7C,1246881677118035,1246881689781906,12663871,
atto,atto-serial,3B6A27BCCEB6A42D62A3A8D02A6F0D73653215771DE243A63AC048A18B59DA29,274,3B6A27BCCEB6A42D62A3A8D02A6F0D73653215771DE243A63AC048A18B59DA29,55CF9E385FE6186438353AE352119CF02B042DD67D0BC545D26262E7E2AD46F8,1246881689789951,1246881702989915,13199964,
atto,atto-serial,3B6A27BCCEB6A42D62A3A8D02A6F0D73653215771DE243A63AC048A18B59DA29,275,3B6A27BCCEB6A42D62A3A8D02A6F0D73653215771DE243A63AC048A18B59DA29,EA784FF36D7E9F72455EB0146D2B530F974A9F710F28F087CEE5179347BB842F,1246881703017617,1246881716141699,13124082,
atto,atto-serial,3B6A27BCCEB6A42D62A3A8D02A6F0D73653215771DE243A63AC048A18B59DA29,276,3B6A27BCCEB6A42D62A3A8D02A6F0D73653215771DE243A63AC048A18B59DA29,BD78F7B82E7E4E8968475594ACBB23DB5A9603253067E49BA8D9B14A52A0F3B2,1246881716151317,1246881734582807,18431490,
atto,atto-serial,3B6A27BCCEB6A42D62A3A8D02A6F0D73653215771DE243A63AC048A18B59DA29,277,3B6A27BCCEB6A42D62A3A8D02A6F0D73653215771DE243A63AC048A18B59DA29,78E25B02F396F45DBD676DB6B9280C4FFF45B40ADE37379D5BD9BA68C4FB4434,1246881734590191,1246881756925906,22335715,
atto,atto-serial,3B6A27BCCEB6A42D62A3A8D02A6F0D73653215771DE243A63AC048A18B59DA29,278,3B6A27BCCEB6A42D62A3A8D02A6F0D73653215771DE243A63AC048A18B59DA29,604805101487AC6C514E4D3E35CCCE9FC11A6BBBE319E1C34937D99551DCEB01,1246881756936055,1246881769660900,12724845,
atto,atto-serial,3B6A27BCCEB6A42D62A3A8D02A6F0D73653215771DE243A63AC048A18B59DA29,279,3B6A27BCCEB6A42D62A3A8D02A6F0D73653215771DE243A63AC048A18B59DA29,E4AE063C2C6E64256495A10D43FED7FB15987901F21CC57BD1CA55B96EB839A9,1246881769670999,1246881791576809,21905810,
atto,atto-serial,3B6A27BCCEB6A42D62A3A8D02A6F0D73653215771DE243A63AC048A18B59DA29,280,3B6A27BCCEB6A42D62A3A8D02A6F0D73653215771DE243A63AC048A18B59DA29,7523A5C61554C51826A387C73D1682DAB3D30A1B112CC2499D114FD59943628B,1246881791586908,1246881815477362,23890454,
atto,atto-serial,3B6A27BCCEB6A42D62A3A8D02A6F0D73653215771DE243A63AC048A18B59DA29,281,3B6A27BCCEB6A42D62A3A8D02A6F0D73653215771DE243A63AC048A18B59DA29,D7BA5D4055BAFED63DFB67C73A74359597B46EBF0C5EF161BE5BCAD6610606AD,1246881815487170,1246881827270905,11783735,
atto,atto-serial,3B6A27BCCEB6A42D62A3A8D02A6F0D73653215771DE243A63AC048A18B59DA29,282,3B6A27BCCEB6A42D62A3A8D02A6F0D73653215771DE243A63AC048A18B59DA29,12162929CAFD9DC4952FC2DA845119CAF2F968234F5F6E345DCDE3A3B3A51AF1,1246881827278529,1246881840274982,12996453,
atto,atto-serial,3B6A27BCCEB6A42D62A3A8D02A6F0D73653215771DE243A63AC048A18B59DA29,283,3B6A27BCCEB6A42D62A3A8D02A6F0D73653215771DE243A63AC048A18B59DA29,A34A1C334A995356D71F66E68145719AD2C68AEA8DE45B1883EA625D505108D6,1246881840282947,1246881862617339,22334392,
atto,atto-serial,3B6A27BCCEB6A42D62A3A8D02A6F0D73653215771DE243A63AC048A18B59DA29,284,3B6A27BCCEB6A42D62A3A8D02A6F0D73653215771DE243A63AC048A18B59DA29,E73BC30588947F8A8DD1B18CC3453648E9F9C83BD1DC90FF837BB484B8A0F27B,1246881862627498,1246881882763347,20135849,
atto,atto-serial,3B6A27BCCEB6A42D62A3A8D02A6F0D73653215771DE243A63AC048A18B59DA29,285,3B6A27BCCEB6A42D62A3A8D02A6F0D73653215771DE243A63AC048A18B59DA29,8AE755B1D060400B2E0AC7AE39822ACD212F10244938F65486A90DEABE611751,1246881882774188,1246881902321226,19547038,
atto,atto-serial,3B6A27BCCEB6A42D62A3A8D02A6F0D73653215771DE243A63AC048A18B59DA29,286,3B6A27BCCEB6A42D62A3A8D02A6F0D73653215771DE243A63AC048A18B59DA29,2F33CB015B26813C917D072DEB8FB2C645563929947EAA1299F65D8C265BEAE1,1246881902330864,1246881917774064,15443200,
atto,atto-serial,3B6A27BCCEB6A42D62A3A8D02A6F0D73653215771DE243A63AC048A18B59DA29,287,3B6A27BCCEB6A42D62A3A8D02A6F0D73653215771DE243A63AC048A18B59DA29,1D23FBCE55D337D16B014964610EDDAC4EF736C44AB9637E2A35F1EB0F27A26A,1246881917783442,1246881930582225,12798783,
atto,atto-serial,3B6A27BCCEB6A42D62A3A8D02A6F0D73653215771DE243A63AC048A18B59DA29,288,3B6A27BCCEB6A42D62A3A8D02A6F0D73653215771DE243A63AC048A18B59DA29,DEE2A5BE54E4330CBF5D2DED2EB49186382458CE2D439D0E52DDF06D1DB1F90F,1246881930590140,1246881943282915,12692775,
atto,atto-serial,3B6A27BCCEB6A42D62A3A8D02A6F0D73653215771DE243A63AC048A18B59DA29,289,3B6A27BCCEB6A42D62A3A8D02A6F0D73653215771DE243A63AC048A18B59DA29,9C92408C39BFFEE98775A8A0FC3E78812491B6E198C3EE2E626F3BE55BA06754,1246881943293525,1246881962666868,19373343,
atto,atto-serial,3B6A27BCCEB6A42D62A3A8D02A6F0D73653215771DE243A63AC048A18B59DA29,290,3B6A27BCCEB6A42D62A3A8D02A6F0D73653215771DE243A63AC048A18B59DA29,3380D24DAC6D009EF919322014D3C02AC8E6E789A750366F942D585076932527,1246881962676596,1246881975484106,12807510,
atto,atto-serial,3B6A27BCCEB6A42D62A3A8D02A6F0D73653215771DE243A63AC048A18B59DA29,291,3B6A27BCCEB6A42D62A3A8D02A6F0D73653215771DE243A63AC048A18B59DA29,1E3FB4300BC6CAB94BED66DA4BEB41EF08BD65A9B5153FD4B8C02515B8C0A3E9,1246881975494165,1246881992970448,17476283,
atto,atto-serial,3B6A27BCCEB6A42D62A3A8D02A6F0D73653215771DE243A63AC048A18B59DA29,292,3B6A27BCCEB6A42D62A3A8D02A6F0D73653215771DE243A63AC048A18B59DA29,02524934A6C2463576854BB00ACECB23E5D4EDB2BAA95DFB814DCD4E0302967C,1246881992979936,1246882010949563,17969627,
atto,atto-serial,3B6A27BCCEB6A42D62A3A8D02A6F0D73653215771DE243A63AC048A18B59DA29,293,3B6A27BCCEB6A42D62A3A8D02A6F0D73653215771DE243A63AC048A18B59DA29,1EADF416125455DCBD605B44C0690B60966C405FF3B155215508B205E6FF5987,1246882010963039,1246882028765402,17802363,
atto,atto-serial,3B6A27BCCEB6A42D62A3A8D02A6F0D73653215771DE243A63AC048A18B59DA29,294,3B6A27BCCEB6A42D62A3A8D02A6F0D73653215771DE243A63AC048A18B59DA29,F8EAE8DDD2335BCEE62AA4DDD056BD2F8076C56D504B2505BFA064F3CD0085AF,1246882028775080,1246882048959571,20184491,
atto,atto-serial,3B6A27BCCEB6A42D62A3A8D02A6F0D73653215771DE243A63AC048A18B59DA29,295,3B6A27BCCEB6A42D62A3A8D02A6F0D73653215771DE243A63AC048A18B59DA29,E876D67DA7D5CA0F10FCCDD73B27878E6C72873925DC5C8C921FCB74A77C27D2,1246882048969589,1246882071574287,22604698,
atto,atto-serial,3B6A27BCCEB6A42D62A3A8D02A6F0D73653215771DE243A63AC048A18B59DA29,296,3B6A27BCCEB6A42D62A3A8D02A6F0D73653215771DE243A63AC048A18B59DA29,92BFDFE5071B3E313E5E8903D7E51F3D1126EE97E892F432CFAD672B0CB46A0E,1246882071585899,1246882091868613,20282714,
atto,atto-serial,3B6A27BCCEB6A42D62A3A8D02A6F0D73653215771DE243A63AC048A18B59DA29,297,3B6A27BCCEB6A42D62A3A8D02A6F0D73653215771DE243A63AC048A18B59DA29,AAD59DFC8EC88633A594ED1B34127EF4F67843B95DAA17EBB19ABA9C9C2998F2,1246882091883802,1246882113451970,21568168,
atto,atto-serial,3B6A27BCCEB6A42D62A3A8D02A6F0D73653215771DE243A63AC048A18B59DA29,298,3B6A27BCCEB6A42D62A3A8D02A6F0D73653215771DE243A63AC048A18B59DA29,3760D7424F9EB7C1FCB446DF776B75CC6292F6D9CE17AFF29F31408F9821235F,1246882113461318,1246882133626492,20165174,
atto,atto-serial,3B6A27BCCEB6A42D62A3A8D02A6F0D73653215771DE243A63AC048A18B59DA29,299,3B6A27BCCEB6A42D62A3A8D02A6F0D73653215771DE243A63AC048A18B59DA29,B2865797C45AE360670E66512FD9CADAA1370517F24990E0282A61DD4BA12E3D,1246882133637613,1246882155065379,21427766,
atto,atto-serial,3B6A27BCCEB6A42D62A3A8D02A6F0D73653215771DE243A63AC048A18B59DA29,300,3B6A27BCCEB6A42D62A3A8D02A6F0D73653215771DE243A63AC048A18B59DA29,C0B84F946D13C1893FDD4B2C4DB58E106B527D57C979703B1C029ED5EE052802,1246882155075518,1246882175094319,20018801,
atto,atto-serial,3B6A27BCCEB6A42D62A3A8D02A6F0D73653215771DE243A63AC048A18B59DA29,301,3B6A27BCCEB6A42D62A3A8D02A6F0D73653215771DE243A63AC048A18B59DA29,1311EA8C1A67A22AFD90AA031B5F01D3ED9E795F1CBB86BBC66AD1D483E34F1A,1246882175105219,1246882192335232,17230013,
atto,atto-serial,3B6A27BCCEB6A42D62A3A8D02A6F0D73653215771DE243A63AC048A18B59DA29,302,3B6A27BCCEB6A42D62A3A8D02A6F0D73653215771DE243A63AC048A18B59DA29,F25FEC573D2D88F86D4FB6E0A73620685F4E04CF4A12EBF46066BA56B7FEE5EC,1246882192343618,1246882210383135,18039517,
atto,atto-serial,3B6A27BCCEB6A42D62A3A8D02A6F0D73653215771DE243A63AC048A18B59DA29,303,3B6A27BCCEB6A42D62A3A8D02A6F0D73653215771DE243A63AC048A18B59DA29,D8E4291BC9F88E62BF83FE348AFC5C864EBD957B8A68414FC01F72717667AD44,1246882210394847,1246882228990014,18595167,
atto,atto-serial,3B6A27BCCEB6A42D62A3A8D02A6F0D73653215771DE243A63AC048A18B59DA29,304,3B6A27BCCEB6A42D62A3A8D02A6F0D73653215771DE243A63AC048A18B59DA29,62DC3EE4296F2ADF75AEC467EE509D8E8023CF066652ADCF77DD4390388DE394,1246882228999221,1246882246311459,17312238,
atto,atto-serial,3B6A27BCCEB6A42D62A3A8D02A6F0D73653215771DE243A63AC048A18B59DA29,305,3B6A27BCCEB6A42D62A3A8D02A6F0D73653215771DE243A63AC048A18B59DA29,BAB3697BE7F5724CAD45C6B9708702F1496BED74AF04ED423F8168D40C370CD8,1246882246319534,1246882262780708,16461174,
atto,atto-serial,3B6A27BCCEB6A42D62A3A8D02A6F0D73653215771DE243A63AC048A18B59DA29,306,3B6A27BCCEB6A42D62A3A8D02A6F0D73653215771DE243A63AC048A18B59DA29,D0772C65E82162740732A095FC2A0EAB2D3DEBBFDB269ADD310E843EDD0FCEF4,1246882262789375,1246882284468110,21678735,
atto,atto-serial,3B6A27BCCEB6A42D62A3A8D02A6F0D73653215771DE243A63AC048A18B59DA29,307,3B6A27BCCEB6A42D62A3A8D02A6F0D73653215771DE243A63AC048A18B59DA29,70D83DDC7DEFA829C17A5CBA1D9FC9CF9ECC3C47A7CA1A149F0984447B4E2A97,1246882284476506,1246882298227050,13750544,
atto,atto-serial,3B6A27BCCEB6A42D62A3A8D02A6F0D73653215771DE243A63AC048A18B59DA29,308,3B6A27BCCEB6A42D62A3A8D02A6F0D73653215771DE243A63AC048A18B59DA29,37B84FBF1D3B1B2074504C47322B4CC0CC6E0BD419A69E23C5428D5A6AB6FAA6,1246882298237820,1246882315413472,17175652,
atto,atto-serial,3B6A27BCCEB6A42D62A3A8D02A6F0D73653215771DE243A63AC048A18B59DA29,309,3B6A27BCCEB6A42D62A3A8D02A6F0D73653215771DE243A63AC048A18B59DA29,BDE4D543D725F700E598D434B67362C2603EA6A169DD2518A647FB17ECBB6370,1246882315420946,1246882335664617,20243671,
atto,atto-serial,3B6A27BCCEB6A42D62A3A8D02A6F0D73653215771DE243A63AC048A18B59DA29,310,3B6A27BCCEB6A42D62A3A8D02A6F0D73653215771DE243A63AC048A18B59DA29,F0E391E1BB3D52092F7EA3F362738B4C44F1DFCB147570D14B127F27A5DB24B1,1246882335675086,1246882348833102,13158016,
atto,atto-serial,3B6A27BCCEB6A42D62A3A8D02A6F0D73653215771DE243A63AC048A18B59DA29,311,3B6A27BCCEB6A42D62A3A8D02A6F0D73653215771DE243A63AC048A18B59DA29,36194FB143DF1C1216D8415694799D3D8028D5D8EF5C6C9A5CE8B5A64C91F9C0,1246882348841457,1246882364806214,15964757,
atto,atto-serial,3B6A27BCCEB6A42D62A3A8D02A6F0D73653215771DE243A63AC048A18B59DA29,312,3B6A27BCCEB6A42D62A3A8D02A6F0D73653215771DE243A63AC048A18B59DA29,9498E26ECFC1C4BE08538618249472143D0A32BAD6A65BFA6EBC5A9B1850EC6F,1246882364815131,1246882379534557,14719426,
atto,atto-serial,3B6A27BCCEB6A42D62A3A8D02A6F0D73653215771DE243A63AC048A18B59DA29,313,3B6A27BCCEB6A42D62A3A8D02A6F0D73653215771DE243A63AC048A18B59DA29,3AB285BD2C9F57B90E20FA59BECB626F9F7C2DC5B2D7B504FAB647565D5B0393,1246882379542782,1246882398523330,18980548,
atto,atto-serial,3B6A27BCCEB6A42D62A3A8D02A6F0D73653215771DE243A63AC048A18B59DA29,314,3B6A27BCCEB6A42D62A3A8D02A6F0D73653215771DE243A63AC048A18B59DA29,96C56337B060FF9C2929B877261BDD465F65962FD51BA395CE18A3BE889EB907,1246882398532708,1246882411858748,13326040,
atto,atto-serial,3B6A27BCCEB6A42D62A3A8D02A6F0D73653215771DE243A63AC048A18B59DA29,315,3B6A27BCCEB6A42D62A3A8D02A6F0D73653215771DE243A63AC048A18B59DA29,5B56548F481DB178F87C5031939E2BD3667293D08B97F66819161BDB0909B915,1246882411873576,1246882430772591,18899015,
atto,atto-serial,3B6A27BCCEB6A42D62A3A8D02A6F0D73653215771DE243A63AC048A18B59DA29,316,3B6A27BCCEB6A42D62A3A8D02A6F0D73653215771DE243A63AC048A18B59DA29,68D60B8FFB6E69B726E83EABF310E8036BF6BD0125D972DC7B01882A572B504B,1246882430781538,1246882444165326,13383788,
atto,atto-serial,3B6A27BCCEB6A42D62A3A8D02A6F0D73653215771DE243A63AC048A18B59DA29,317,3B6A27BCCEB6A42D62A3A8D02A6F0D73653215771DE243A63AC048A18B59DA29,0DA08B4F6BC772B6A9F37B03F750234CBE75BB9F26079C55C7046E07307830D1,1246882444173681,1246882465467637,21293956,
atto,atto-serial,3B6A27BCCEB6A42D62A3A8D02A6F0D73653215771DE243A63AC048A18B59DA29,318,3B6A27BCCEB6A42D62A3A8D02A6F0D73653215771DE243A63AC048A18B59DA29,21168C3BF00C73D9BF67507962DCE813DEEC7540B6F71AF038C273614FC8B037,1246882465478467,1246882478287239,12808772,
atto,atto-serial,3B6A27BCCEB6A42D62A3A8D02A6F0D73653215771DE243A63AC048A18B59DA29,319,3B6A27BCCEB6A42D62A3A8D02A6F0D73653215771DE243A63AC048A18B59DA29,E495D3D7965DF91A06CA2CBE147820FBDCD40C6FE689DFE0B86DDF6B5CFAE984,1246882478296877,1246882494451669,16154792,
atto,atto-serial,3B6A27BCCEB6A42D62A3A8D02A6F0D73653215771DE243A63AC048A18B59DA29,320,3B6A27BCCEB6A42D62A3A8D02A6F0D73653215771DE243A63AC048A18B59DA29,195FF4E0794A11B2228B89E49BEBBC545FFD745DB0FC1E0116BA64E782B943EF,1246882494462610,1246882511607453,17144843,
atto,atto-serial,3B6A27BCCEB6A42D62A3A8D02A6F0D73653215771DE243A63AC048A18B59DA29,321,3B6A27BCCEB6A42D62A3A8D02A6F0D73653215771DE243A63AC048A18B59DA29,03F61F7E0D530CEFE872216EF5B3D39BA08CDA2FC4295624A7DC4E7A1333A86C,1246882511616911,1246882530799918,19183007,
atto,atto-serial,3B6A27BCCEB6A42D62A3A8D02A6F0D73653215771DE243A63AC048A18B59DA29,322,3B6A27BCCEB6A42D62A3A8D02A6F0D73653215771DE243A63AC048A18B59DA29,074CDF6AF22F606B7F45DB7F3C367E23A8E175DD865D686BF71A8C30D85A742D,1246882530807773,1246882550317410,19509637,
atto,atto-serial,3B6A27BCCEB6A42D62A3A8D02A6F0D73653215771DE243A63AC048A18B59DA29,323,3B6A27BCCEB6A42D62A3A8D02A6F0D73653215771DE243A63AC048A18B59DA29,9D2B33A6399A957F51B025BAFA9809F65E15A04DB4F1DBC7DF62BD9375E5CB88,1246882550329683,1246882568578973,18249290,
atto,atto-serial,3B6A27BCCEB6A42D62A3A8D02A6F0D73653215771DE243A63AC048A18B59DA29,324,3B6A27BCCEB6A42D62A3A8D02A6F0D73653215771DE243A63AC048A18B59DA29,4B7BA50345EF71CFA40022C90B91127594528976354B06E62A6E20E101A7A73D,1246882568587519,1246882581290153,12702634,
atto,atto-serial,3B6A27BCCEB6A42D62A3A8D02A6F0D73653215771DE243A63AC048A18B59DA29,325,3B6A27BCCEB6A42D62A3A8D02A6F0D73653215771DE243A63AC048A18B59DA29,4B12290FB25B0B389C577AF15D5103CB04D3F4F9FBB752081171F2EDE15269B7,1246882581300041,1246882597910987,16610946,
atto,atto-serial,3B6A27BCCEB6A42D62A3A8D02A6F0D73653215771DE243A63AC048A18B59DA29,326,3B6A27BCCEB6A42D62A3A8D02A6F0D73653215771DE243A63AC048A18B59DA29,0253ABCDD3FB261961F9FBAADC1F3E58CABDCF80EDD3B04127CAA2F42521C118,1246882597920985,1246882613700205,15779220,
atto,atto-serial,3B6A27BCCEB6A42D62A3A8D02A6F0D73653215771DE243A63AC048A18B59DA29,327,3B6A27BCCEB6A42D62A3A8D02A6F0D73653215771DE243A63AC048A18B59DA29,58DF3667AAE0AA710D0C8F3ED97AF653464EF34B319402E43348C532BEFE0950,1246882613708290,1246882633257742,19549452,
atto,atto-serial,3B6A27BCCEB6A42D62A3A8D02A6F0D73653215771DE243A63AC048A18B59DA29,328,3B6A27BCCEB6A42D62A3A8D02A6F0D73653215771DE243A63AC048A18B59DA29,EF60B06A56F560A25A651184925CEC8B05E659F5DCEC1098A6989B97C848525B,1246882633266418,1246882646876590,13610172,
atto,atto-serial,3B6A27BCCEB6A42D62A3A8D02A6F0D73653215771DE243A63AC048A18B59DA29,329,3B6A27BCCEB6A42D62A3A8D02A6F0D73653215771DE243A63AC048A18B59DA29,C1F8CE60FAF118617765E4E00E98DB0BBD50F2B509CD75E5F59ABD9DDEA3D614,1246882646885146,1246882668949603,22064457,
atto,atto-serial,3B6A27BCCEB6A42D62A3A8D02A6F0D73653215771DE243A63AC048A18B59DA29,330,3B6A27BCCEB6A42D62A3A8D02A6F0D73653215771DE243A63AC048A18B59DA29,55FECA103F6FE49D44A75BB73B48C63E91BFA0D25C24856C62067E9E3FC0C3FB,1246882668959171,1246882682949153,13989982,
atto,atto-serial,3B6A27BCCEB6A42D62A3A8D02A6F0D73653215771DE243A63AC048A18B59DA29,331,3B6A27BCCEB6A42D62A3A8D02A6F0D73653215771DE243A63AC048A18B59DA29,2E92250BC8F4A9CD3E4EFD6645468A5384E0F0B9397D1DDDFD3DD4C0D8E478B2,1246882682958420,1246882696068185,13109765,
atto,atto-serial,3B6A27BCCEB6A42D62A3A8D02A6F0D73653215771DE243A63AC048A18B59DA29,332,3B6A27BCCEB6A42D62A3A8D02A6F0D73653215771DE243A63AC048A18B59DA29,4EE87A6F1FBB134EE09A202FC32E3574C502BC29D358EDE60FDBF29472492DAF,1246882696076140,1246882716114818,20038678,
atto,atto-serial,3B6A27BCCEB6A42D62A3A8D02A6F0D73653215771DE243A63AC048A18B59DA29,333,3B6A27BCCEB6A42D62A3A8D02A6F0D73653215771DE243A63AC048A18B59DA29,023086571DD6476732A9C1EF191CE62EB77B0DBC04B964641EADBAD45DA08A90,1246882716124596,1246882732393231,16268635,
atto,atto-serial,3B6A27BCCEB6A42D62A3A8D02A6F0D73653215771DE243A63AC048A18B59DA29,334,3B6A27BCCEB6A42D62A3A8D02A6F0D73653215771DE243A63AC048A18B59DA29,0F18445BB4D454806684970FC4F1A33B7A9471377C880B41B63D10B35221B6C9,1246882732419850,1246882753990444,21570594,
atto,atto-serial,3B6A27BCCEB6A42D62A3A8D02A6F0D73653215771DE243A63AC048A18B59DA29,335,3B6A27BCCEB6A42D62A3A8D02A6F0D73653215771DE243A63AC048A18B59DA29,02C962BCE0C4CE6A4DF0DC079EAAFA3519E322D9039AC0C056C9AC4DCB8E2340,1246882754016452,1246882775685149,21668697,
atto,atto-serial,3B6A27BCCEB6A42D62A3A8D02A6F0D73653215771DE243A63AC048A18B59DA29,336,3B6A27BCCEB6A42D62A3A8D02A6F0D73653215771DE243A63AC048A18B59DA29,F753DCFD8CE0A35F6548605CD1A88C0ECA2BB7B8F608FA6EDE14C4BDFA8144EC,1246882775694296,1246882788898348,13204052,
atto,atto-serial,3B6A27BCCEB6A42D62A3A8D02A6F0D73653215771DE243A63AC048A18B59DA29,337,3B6A27BCCEB6A42D62A3A8D02A6F0D73653215771DE243A63AC048A18B59DA29,E7138237589A12CF35CC2D349CB932652CB6F3FC986342773079FC8417851932,1246882788907495,1246882802930459,14022964,
atto,atto-serial,3B6A27BCCEB6A42D62A3A8D02A6F0D73653215771DE243A63AC048A18B59DA29,338,3B6A27BCCEB6A42D62A3A8D02A6F0D73653215771DE243A63AC048A18B59DA29,63556A7E675EAC2D5CF47D38EB5700A8B175787BDFFF8D768D41BAFE94996EAE,1246882802938764,1246882824387780,21449016,
atto,atto-serial,3B6A27BCCEB6A42D62A3A8D02A6F0D73653215771DE243A63AC048A18B59DA29,339,3B6A27BCCEB6A42D62A3A8D02A6F0D73653215771DE243A63AC048A18B59DA29,D052902DE555A57EE76074AD20CA754D198FD8D9EEB0312A8DF8E52FCC999145,1246882824395815,1246882839830420,15434605,
atto,atto-serial,3B6A27BCCEB6A42D62A3A8D02A6F0D73653215771DE243A63AC048A18B59DA29,340,3B6A27BCCEB6A42D62A3A8D02A6F0D73653215771DE243A63AC048A18B59DA29,FD9F54278EBF5CD38181EB70905A11F99EA16EB7CD17616B372233E41FE22FF6,1246882839839226,1246882857096921,17257695,
atto,atto-serial,3B6A27BCCEB6A42D62A3A8D02A6F0D73653215771DE243A63AC048A18B59DA29,341,3B6A27BCCEB6A42D62A3A8D02A6F0D73653215771DE243A63AC048A18B59DA29,72F5558DCACB5035B54E55DAEE8785FC7C2AF6B4222FB43A8084B3578C3ED722,1246882857104956,1246882874311966,17207010,
atto,atto-serial,3B6A27BCCEB6A42D62A3A8D02A6F0D73653215771DE243A63AC048A18B59DA29,342,3B6A27BCCEB6A42D62A3A8D02A6F0D73653215771DE243A63AC048A18B59DA29,5C6FAFC633733C834969346641211C6FBEA255B296E729C3A2F791734FF2D404,1246882874321935,1246882888235955,13914020,
atto,atto-serial,3B6A27BCCEB6A42D62A3A8D02A6F0D73653215771DE243A63AC048A18B59DA29,343,3B6A27BCCEB6A42D62A3A8D02A6F0D73653215771DE243A63AC048A18B59DA29,931BC6B6EECFE7F7FB0283C4BF87ADF6986FB6E79A81CCC10D88E973C3E47C42,1246882888244942,1246882904562838,16317896,
atto,atto-serial,3B6A27BCCEB6A42D62A3A8D02A6F0D73653215771DE243A63AC048A18B59DA29,344,3B6A27BCCEB6A42D62A3A8D02A6F0D73653215771DE243A63AC048A18B59DA29,92CB4874DADCEDE76638E487BEB0CF0AF8C446C1CB23070E3809208527DA9A3F,1246882904570753,1246882921361946,16791193,
atto,atto-serial,3B6A27BCCEB6A42D62A3A8D02A6F0D73653215771DE243A63AC048A18B59DA29,345,3B6A27BCCEB6A42D62A3A8D02A6F0D73653215771DE243A63AC048A18B59DA29,955E59CFE71C719BA358E07E396C6F5BE64425C99E17A3E570ECB21D3A669C71,1246882921370542,1246882938685584,17315042,
atto,atto-serial,3B6A27BCCEB6A42D62A3A8D02A6F0D73653215771DE243A63AC048A18B59DA29,346,3B6A27BCCEB6A42D62A3A8D02A6F0D73653215771DE243A63AC048A18B59DA29,6509F3551D399A58D869B4C3062E1B0BBFD1A861C3C0044BD1877FCF8BDCFF84,1246882938697997,1246882953342924,14644927,
atto,atto-serial,3B6A27BCCEB6A42D62A3A8D02A6F0D73653215771DE243A63AC048A18B59DA29,347,3B6A27BCCEB6A42D62A3A8D02A6F0D73653215771DE243A63AC048A18B59DA29,A158E2CE433A0DD62BA715ACEED351153447460E161ED1718C6FFD3790B33EAD,1246882953354666,1246882966258847,12904181,
atto,atto-serial,3B6A27BCCEB6A42D62A3A8D02A6F0D73653215771DE243A63AC048A18B59DA29,348,3B6A27BCCEB6A42D62A3A8D02A6F0D73653215771DE243A63AC048A18B59DA29,89F371384D12B5734CF2C35B3BFDB9E8F0F0A4FAA0F58B5ADE20EF17C0D9E6B4,1246882966266792,1246882984910439,18643647,
atto,atto-serial,3B6A27BCCEB6A42D62A3A8D02A6F0D73653215771DE243A63AC048A18B59DA29,349,3B6A27BCCEB6A42D62A3A8D02A6F0D73653215771DE243A63AC048A18B59DA29,9A8C25A20046A8516543AA985CD69507249A2893B7DBE1D1787344A69EF7D6F4,1246882984918685,1246883009529726,24611041,
atto,atto-serial,3B6A27BCCEB6A42D62A3A8D02A6F0D73653215771DE243A63AC048A18B59DA29,350,3B6A27BCCEB6A42D62A3A8D02A6F0D73653215771DE243A63AC048A18B59DA29,B9E52608EE752A1D95F62803420D40FD4E9C8BE0C7645D015227A7CEBF12E721,1246883009542370,1246883023868010,14325640,
atto,atto-serial,3B6A27BCCEB6A42D62A3A8D02A6F0D73653215771DE243A63AC048A18B59DA29,351,3B6A27BCCEB6A42D62A3A8D02A6F0D73653215771DE243A63AC048A18B59DA29,DED60D84C187A73AD81BFF733EB3259A627E18093D8B8460FF10177BFAAC9BF0,1246883023876215,1246883043759702,19883487,
atto,atto-serial,3B6A27BCCEB6A42D62A3A8D02A6F0D73653215771DE243A63AC048A18B59DA29,352,3B6A27BCCEB6A42D62A3A8D02A6F0D73653215771DE243A63AC048A18B59DA29,E93EF4196A040B82ED86C39421D437ED06546E42BEE114BC6D29D9A695C90C1A,1246883043767557,1246883056925943,13158386,
atto,atto-serial,3B6A27BCCEB6A42D62A3A8D02A6F0D73653215771DE243A63AC048A18B59DA29,353,3B6A27BCCEB6A42D62A3A8D02A6F0D73653215771DE243A63AC048A18B59DA29,65FAD12C3CF00E6ED319C96EC5B538CD49EEF632497254E351682825EBC4A43B,1246883056937665,1246883069043352,12105687,
atto,atto-serial,3B6A27BCCEB6A42D62A3A8D02A6F0D73653215771DE243A63AC048A18B59DA29,354,3B6A27BCCEB6A42D62A3A8D02A6F0D73653215771DE243A63AC048A18B59DA29,20D184696FF5047FBEE6F5B7863640B39660466848848F1AA90F5C28C2050456,1246883069052499,1246883084719919,15667420,
atto,atto-serial,3B6A27BCCEB6A42D62A3A8D02A6F0D73653215771DE243A63AC048A18B59DA29,355,3B6A27BCCEB6A42D62A3A8D02A6F0D73653215771DE243A63AC048A18B59DA29,565124FBF41E66E22B05511F935ADBEC28BD1A9E1FB2AEC55C43BAC3AD196E5E,1246883084727834,1246883098080303,13352469,
atto,atto-serial,3B6A27BCCEB6A42D62A3A8D02A6F0D73653215771DE243A63AC048A18B59DA29,356,3B6A27BCCEB6A42D62A3A8D02A6F0D73653215771DE243A63AC048A18B59DA29,F3B449C4FAB709D89F1A7C76B8E66A51BB1B828A2D1FABF4A68C0ABA9C486822,1246883098087867,1246883110796071,12708204,
atto,atto-serial,3B6A27BCCEB6A42D62A3A8D02A6F0D73653215771DE243A63AC048A18B59DA29,357,3B6A27BCCEB6A42D62A3A8D02A6F0D73653215771DE243A63AC048A18B59DA29,CA820A8B8D1A330650F32F2909614D82A3BF06BED8346EB72EEB713E588F2C0C,1246883110806020,1246883130475447,19669427,
atto,atto-serial,3B6A27BCCEB6A42D62A3A8D02A6F0D73653215771DE243A63AC048A18B59DA29,358,3B6A27BCCEB6A42D62A3A8D02A6F0D73653215771DE243A63AC048A18B59DA29,EDF0C619B431C690DC3C10207D79C98DF3BDE8489F073B5CBC7BE0DA4C38487E,1246883130485656,1246883144868683,14383027,
atto,atto-serial,3B6A27BCCEB6A42D62A3A8D02A6F0D73653215771DE243A63AC048A18B59DA29,359,3B6A27BCCEB6A42D62A3A8D02A6F0D73653215771DE243A63AC048A18B59DA29,9150B8FC531C07115D6D26C13FADA2D1BA8FAC37D8CD1743E714165D044136AD,1246883144877109,1246883157937331,13060222,
atto,atto-serial,3B6A27BCCEB6A42D62A3A8D02A6F0D73653215771DE243A63AC048A18B59DA29,360,3B6A27BCCEB6A42D62A3A8D02A6F0D73653215771DE243A63AC048A18B59DA29,194E9BB854A8210DFE15B6386BAA9670BA319083B1C5609CC8151803BB16F581,1246883157947380,1246883170523908,12576528,
atto,atto-serial,3B6A27BCCEB6A42D62A3A8D02A6F0D73653215771DE243A63AC048A18B59DA29,361,3B6A27BCCEB6A42D62A3A8D02A6F0D73653215771DE243A63AC048A18B59DA29,41FEB7801B19A12C1EE0609262DAD0F5A4569E8A4D1AD0240E76976A8BA14732,1246883170533095,1246883184242241,13709146,
atto,atto-serial,3B6A27BCCEB6A42D62A3A8D02A6F0D73653215771DE243A63AC048A18B59DA29,362,3B6A27BCCEB6A42D62A3A8D02A6F0D73653215771DE243A63AC048A18B59DA29,F361FFDB19EB4F8A8968D9C97243FB70B2A6F6FCA43CC5D19B86BA105D3DAD49,1246883184250276,1246883196954723,12704447,
atto,atto-serial,3B6A27BCCEB6A42D62A3A8D02A6F0D73653215771DE243A63AC048A18B59DA29,363,3B6A27BCCEB6A42D62A3A8D02A6F0D73653215771DE243A63AC048A18B59DA29,3B2EBCF4B3712FA9D8230E634CB304B53CB4C3BAB05BF07280F9B774F4F91E49,1246883196964101,1246883211988588,15024487,
atto,atto-serial,3B6A27BCCEB6A42D62A3A8D02A6F0D73653215771DE243A63AC048A18B59DA29,364,3B6A27BCCEB6A42D62A3A8D02A6F0D73653215771DE243A63AC048A18B59DA29,C0A48046EF64EAFECE536D19610989E1795405277FD40AFAD56533B05279073E,1246883211997014,1246883225073417,13076403,
atto,atto-serial,3B6A27BCCEB6A42D62A3A8D02A6F0D73653215771DE243A63AC048A18B59DA29,365,3B6A27BCCEB6A42D62A3A8D02A6F0D73653215771DE243A63AC048A18B59DA29,ED0C0B8C48822EB8E60E25875D83B6DA5DF6B95ED69C54647E2D5F3A3B8C6B32,1246883225082574,1246883239740866,14658292,
atto,atto-serial,3B6A27BCCEB6A42D62A3A8D02A6F0D73653215771DE243A63AC048A18B59DA29,366,3B6A27BCCEB6A42D62A3A8D02A6F0D73653215771DE243A63AC048A18B59DA29,364495B46B59173830C1F8F11235D6D90AC0E64468793BE02C214B75C1F356E3,1246883239749312,1246883259507254,19757942,
atto,atto-serial,3B6A27BCCEB6A42D62A3A8D02A6F0D73653215771DE243A63AC048A18B59DA29,367,3B6A27BCCEB6A42D62A3A8D02A6F0D73653215771DE243A63AC048A18B59DA29,8B6792E676561FA8A4B45A1D1D8E1E81D647EFABAC3B41EFB8BC2902098F5708,1246883259515119,1246883278281877,18766758,
atto,atto-serial,3B6A27BCCEB6A42D62A3A8D02A6F0D73653215771DE243A63AC048A18B59DA29,368,3B6A27BCCEB6A42D62A3A8D02A6F0D73653215771DE243A63AC048A18B59DA29,34E5C3109DB0B8932A5539F0E06FD0F81D17DC43F68BC99991B87751FF828776,1246883278291274,1246883294796742,16505468,
atto,atto-serial,3B6A27BCCEB6A42D62A3A8D02A6F0D73653215771DE243A63AC048A18B59DA29,369,3B6A27BCCEB6A42D62A3A8D02A6F0D73653215771DE243A63AC048A18B59DA29,E5FB4216904EA6AC9B635EDCFC74ECD0547B20D3004C9DD699F1225BCD8A88CA,1246883294805468,1246883307539200,12733732,
atto,atto-serial,3B6A27BCCEB6A42D62A3A8D02A6F0D73653215771DE243A63AC048A18B59DA29,370,3B6A27BCCEB6A42D62A3A8D02A6F0D73653215771DE243A63AC048A18B59DA29,B79044072547ACCFA761F806BA98CA683EEAD9FAD530A7BE9F09805F41BE4242,1246883307548858,1246883326939533,19390675,
atto,atto-serial,3B6A27BCCEB6A42D62A3A8D02A6F0D73653215771DE243A63AC048A18B59DA29,371,3B6A27BCCEB6A42D62A3A8D02A6F0D73653215771DE243A63AC048A18B59DA29,B0E302465D3DE9F0B4D11563E6D7AAECD8090BB4C58268AF24F4BF946B53DADF,1246883326948761,1246883350208033,23259272,
atto,atto-serial,3B6A27BCCEB6A42D62A3A8D02A6F0D73653215771DE243A63AC048A18B59DA29,372,3B6A27BCCEB6A42D62A3A8D02A6F0D73653215771DE243A63AC048A18B59DA29,C69C2F3B3E9885FB53B69C9AB2FF5BA13542DBE81E91CBFD2E4F6C469E8ACCAD,1246883350215136,1246883362938519,12723383,
atto,atto-serial,3B6A27BCCEB6A42D62A3A8D02A6F0D73653215771DE243A63AC048A18B59DA29,373,3B6A27BCCEB6A42D62A3A8D02A6F0D73653215771DE243A63AC048A18B59DA29,06AD9269AF7BCA06DF1DD98E8C3394C9B0E976032B74392BE39C5B6F6C509771,1246883362948097,1246883375348525,12400428,
atto,atto-serial,3B6A27BCCEB6A42D62A3A8D02A6F0D73653215771DE243A63AC048A18B59DA29,374,3B6A27BCCEB6A42D62A3A8D02A6F0D73653215771DE243A63AC048A18B59DA29,0CF718AFE26125385C7CA9B267D1462A7C063D6935BA6CA3AB13294FFA458E25,1246883375356851,1246883392149736,16792885,
atto,atto-serial,3B6A27BCCEB6A42D62A3A8D02A6F0D73653215771DE243A63AC048A18B59DA29,375,3B6A27BCCEB6A42D62A3A8D02A6F0D73653215771DE243A63AC048A18B59DA29,11333632E752EF3455B96A7FB0D1D2C7931BC9ABC330B5BEACC436D457DFBFD1,1246883392158673,1246883405953169,13794496,
atto,atto-serial,3B6A27BCCEB6A42D62A3A8D02A6F0D73653215771DE243A63AC048A18B59DA29,376,3B6A27BCCEB6A42D62A3A8D02A6F0D73653215771DE243A63AC048A18B59DA29,6A45320FF0921B1C3E35C40B3D0AFB017CEBE5138AD463269281C8C22303D910,1246883405965001,1246883429298042,23333041,
atto,atto-serial,3B6A27BCCEB6A42D62A3A8D02A6F0D73653215771DE243A63AC048A18B59DA29,377,3B6A27BCCEB6A42D62A3A8D02A6F0D73653215771DE243A63AC048A18B59DA29,391C4C4D1B6B4C7711B9F9F72C6839A97446643250169AB67790E5F4B230CC7D,1246883429305856,1246883442374445,13068589,
atto,atto-serial,3B6A27BCCEB6A42D62A3A8D02A6F0D73653215771DE243A63AC048A18B59DA29,378,3B6A27BCCEB6A42D62A3A8D02A6F0D73653215771DE243A63AC048A18B59DA29,1986CA5E7D08F10EAEEC865714A8A325C4B1F89D48278DB35B3EAAFC886B6B7E,1246883442381989,1246883461730545,19348556,
atto,atto-serial,3B6A27BCCEB6A42D62A3A8D02A6F0D73653215771DE243A63AC048A18B59DA29,379,3B6A27BCCEB6A42D62A3A8D02A6F0D73653215771DE243A63AC048A18B59DA29,DEE55C5F368AB19457F98D7C70F2D33374C83612A1FFD06917567A2A159CD18B,1246883461738099,1246883477221585,15483486,
atto,atto-serial,3B6A27BCCEB6A42D62A3A8D02A6F0D73653215771DE243A63AC048A18B59DA29,380,3B6A27BCCEB6A42D62A3A8D02A6F0D73653215771DE243A63AC048A18B59DA29,0C6D3DD01A8381D18187B55C6343BC74AA3AD0FB5D2B390104CA78275B42E3A2,1246883477230291,1246883493948547,16718256,
atto,atto-serial,3B6A27BCCEB6A42D62A3A8D02A6F0D73653215771DE243A63AC048A18B59DA29,381,3B6A27BCCEB6A42D62A3A8D02A6F0D73653215771DE243A63AC048A18B59DA29,A2F8EE4FD62C7275E930188A7BC95C4138ECE0C95DB89A0000F8DFF05B7F0C53,1246883493958526,1246883508208574,14250048,
atto,atto-serial,3B6A27BCCEB6A42D62A3A8D02A6F0D73653215771DE243A63AC048A18B59DA29,382,3B6A27BCCEB6A42D62A3A8D02A6F0D73653215771DE243A63AC048A18B59DA29,F12325F33AC5685339E08705C9D12862D4B915B71D92392428C9A7F675F55170,1246883508216900,1246883527703314,19486414,
atto,atto-serial,3B6A27BCCEB6A42D62A3A8D02A6F0D73653215771DE243A63AC048A18B59DA29,383,3B6A27BCCEB6A42D62A3A8D02A6F0D73653215771DE243A63AC048A18B59DA29,5032D634D15EDE214D41E8AA53FA2A89E6BACADE232FD4C7863381D531A16051,1246883527713914,1246883540862572,13148658,
atto,atto-serial,3B6A27BCCEB6A42D62A3A8D02A6F0D73653215771DE243A63AC048A18B59DA29,384,3B6A27BCCEB6A42D62A3A8D02A6F0D73653215771DE243A63AC048A18B59DA29,A40DF568457EA0FDEEB1822667EBAF6FF543DA39F5CE2090139ACBF4FB0D6D37,1246883540873392,1246883562424299,21550907,
atto,atto-serial,3B6A27BCCEB6A42D62A3A8D02A6F0D73653215771DE243A63AC048A18B59DA29,385,3B6A27BCCEB6A42D62A3A8D02A6F0D73653215771DE243A63AC048A18B59DA29,C0AC78E5F07560DD6DF8BE68D16E4C6104DC55B095BEE3A572A16C9EF88CC4C7,1246883562455768,1246883575733747,13277979,
atto,atto-serial,3B6A27BCCEB6A42D62A3A8D02A6F0D73653215771DE243A63AC048A18B59DA29,386,3B6A27BCCEB6A42D62A3A8D02A6F0D73653215771DE243A63AC048A18B59DA29,E4F98282B6367FD85E224A4E8CF9552A4966DDA24090EE208A0D29D41EEEF61E,1246883575739208,1246883590997823,15258615,
atto,atto-serial,3B6A27BCCEB6A42D62A3A8D02A6F0D73653215771DE243A63AC048A18B59DA29,387,3B6A27BCCEB6A42D62A3A8D02A6F0D73653215771DE243A63AC048A18B59DA29,446E3BE678DB2FD509638FCAEDE4B080D8FFE1ADEE0EFFC100E6564C273F4D15,1246883591020275,1246883608656759,17636484,
atto,atto-serial,3B6A27BCCEB6A42D62A3A8D02A6F0D73653215771DE243A63AC048A18B59DA29,388,3B6A27BCCEB6A42D62A3A8D02A6F0D73653215771DE243A63AC048A18B59DA29,9A111F83B4A89B0D704125A688C50C5D63B4CA4F8100DA2CF840F546D3F75368,1246883608664123,1246883622640539,13976416,
atto,atto-serial,3B6A27BCCEB6A42D62A3A8D02A6F0D73653215771DE243A63AC048A18B59DA29,389,3B6A27BCCEB6A42D62A3A8D02A6F0D73653215771DE243A63AC048A18B59DA29,836274EE7DF1833E53AC889FC945B8145A6391982728C9428ED60BDB421E46AE,1246883622647372,1246883641548511,18901139,
atto,atto-serial,3B6A27BCCEB6A42D62A3A8D02A6F0D73653215771DE243A63AC048A18B59DA29,390,3B6A27BCCEB6A42D62A3A8D02A6F0D73653215771DE243A63AC048A18B59DA29,F1D1EE20434079C2034ED029654608D0058550113F842103BD7728200AAF2C2C,1246883641554112,1246883654127023,12572911,
atto,atto-serial,3B6A27BCCEB6A42D62A3A8D02A6F0D73653215771DE243A63AC048A18B59DA29,391,3B6A27BCCEB6A42D62A3A8D02A6F0D73653215771DE243A63AC048A18B59DA29,0B950ABD0DE992BA367F60F43F28F49F3A278913A477F9CD9AE7B4AFF640A9AD,1246883654133515,1246883673511586,19378071,
atto,atto-serial,3B6A27BCCEB6A42D62A3A8D02A6F0D73653215771DE243A63AC048A18B59DA29,392,3B6A27BCCEB6A42D62A3A8D02A6F0D73653215771DE243A63AC048A18B59DA29,061125727492D7A9112EDA1E96619A8FC5432FD51FE18AF7C31DE8EC158C49B8,1246883673518169,1246883686522637,13004468,
atto,atto-serial,3B6A27BCCEB6A42D62A3A8D02A6F0D73653215771DE243A63AC048A18B59DA29,393,3B6A27BCCEB6A42D62A3A8D02A6F0D73653215771DE243A63AC048A18B59DA29,5537DC1E575779E2A0B9A5A90E9986FE9063094143ECE0E1E1753EA41A2E9EA4,1246883686528698,1246883699557292,13028594,
atto,atto-serial,3B6A27BCCEB6A42D62A3A8D02A6F0D73653215771DE243A63AC048A18B59DA29,394,3B6A27BCCEB6A42D62A3A8D02A6F0D73653215771DE243A63AC048A18B59DA29,7ED1206AFA7B728A6DB214F2067D41FE36DF2451BD996F571C8E376522E005FA,1246883699563173,1246883718617519,19054346,
atto,atto-serial,3B6A27BCCEB6A42D62A3A8D02A6F0D73653215771DE243A63AC048A18B59DA29,395,3B6A27BCCEB6A42D62A3A8D02A6F0D73653215771DE243A63AC048A18B59DA29,35391305BE8BA58B1419CBC927125D8E382375149548A91CB2279674C1E65B0C,1246883718622648,1246883736153174,17530526,
atto,atto-serial,3B6A27BCCEB6A42D62A3A8D02A6F0D73653215771DE243A63AC048A18B59DA29,396,3B6A27BCCEB6A42D62A3A8D02A6F0D73653215771DE243A63AC048A18B59DA29,AE022B06AC0C52A133FBD03D1D2A0D712C6BB40679AA96383760E924ADBA8D49,1246883736160037,1246883755355937,19195900,
atto,atto-serial,3B6A27BCCEB6A42D62A3A8D02A6F0D73653215771DE243A63AC048A18B59DA29,397,3B6A27BCCEB6A42D62A3A8D02A6F0D73653215771DE243A63AC048A18B59DA29,9E155C0BC7A920CD771C41CC2C9342211ACCAE265FDECFB987A2AE4BCEADDD19,1246883755362339,1246883768901889,13539550,
atto,atto-serial,3B6A27BCCEB6A42D62A3A8D02A6F0D73653215771DE243A63AC048A18B59DA29,398,3B6A27BCCEB6A42D62A3A8D02A6F0D73653215771DE243A63AC048A18B59DA29,C99EFDFF40E32A5909100535CCD0BBA15619E89B57FE621A64DC5A477968850E,1246883768907870,1246883789504241,20596371,
atto,atto-serial,3B6A27BCCEB6A42D62A3A8D02A6F0D73653215771DE243A63AC048A18B59DA29,399,3B6A27BCCEB6A42D62A3A8D02A6F0D73653215771DE243A63AC048A18B59DA29,782A0048ADCF66309A67A00E583BAA2FD8FD4013AF9C2725509F81D3ACFEDF68,1246883789510252,1246883801870254,12360002,
atto,atto-serial,3B6A27BCCEB6A42D62A3A8D02A6F0D73653215771DE243A63AC048A18B59DA29,400,3B6A27BCCEB6A42D62A3A8D02A6F0D73653215771DE243A63AC048A18B59DA29,E86CCC9DF389EEAE3A9BF7534F5E501420EC70E543C9334776B0D2502892F99D,1246883801876586,1246883814195232,12318646,
atto,atto-serial,3B6A27BCCEB6A42D62A3A8D02A6F0D73653215771DE243A63AC048A18B59DA29,401,3B6A27BCCEB6A42D62A3A8D02A6F0D73653215771DE243A63AC048A18B59DA29,AC060E864798D7AFA8E0AA9AC5AEA7EA17BA2BD661D79CD50C0DF790C5A494AE,1246883814202465,1246883826785104,12582639,
atto,atto-serial,3B6A27BCCEB6A42D62A3A8D02A6F0D73653215771DE243A63AC048A18B59DA29,402,3B6A27BCCEB6A42D62A3A8D02A6F0D73653215771DE243A63AC048A18B59DA29,4BE9460579AF896FD913EDC94E694CC2875F8B974B8711E19966A56787D6B178,1246883826792047,1246883839176275,12384228,
atto,atto-serial,3B6A27BCCEB6A42D62A3A8D02A6F0D73653215771DE243A63AC048A18B59DA29,403,3B6A27BCCEB6A42D62A3A8D02A6F0D73653215771DE243A63AC048A18B59DA29,FDB12733038FC53DBC8E98D2CE16687BAA534ACCFA1BD3274140229F332FAC7C,1246883839183559,1246883855657047,16473488,
atto,atto-serial,3B6A27BCCEB6A42D62A3A8D02A6F0D73653215771DE243A63AC048A18B59DA29,404,3B6A27BCCEB6A42D62A3A8D02A6F0D73653215771DE243A63AC048A18B59DA29,539213700CAF69E0D54673DFAB9DEBF5B7C651E506E144BDDA64AE8B0A8072E2,1246883855666034,1246883868922343,13256309,
atto,atto-serial,3B6A27BCCEB6A42D62A3A8D02A6F0D73653215771DE243A63AC048A18B59DA29,405,3B6A27BCCEB6A42D62A3A8D02A6F0D73653215771DE243A63AC048A18B59DA29,7FCEF843778CB012076E80BFE6830B4FFDB16B04C699867C11E2F4E12FD78B90,1246883868927763,1246883892237670,23309907,
atto,atto-serial,3B6A27BCCEB6A42D62A3A8D02A6F0D73653215771DE243A63AC048A18B59DA29,406,3B6A27BCCEB6A42D62A3A8D02A6F0D73653215771DE243A63AC048A18B59DA29,6530E4B8DBC72185E7AC54F238A6C06EF9B097FC0CAD9D8480ABD890A0BC3808,1246883892243531,1246883911954856,19711325,
atto,atto-serial,3B6A27BCCEB6A42D62A3A8D02A6F0D73653215771DE243A63AC048A18B59DA29,407,3B6A27BCCEB6A42D62A3A8D02A6F0D73653215771DE243A63AC048A18B59DA29,DC92418637A2820EC675AD56DDF9E0AD9E60F7E83311CDE7F153754AEE729B97,1246883911965276,1246883924729695,12764419,
atto,atto-serial,3B6A27BCCEB6A42D62A3A8D02A6F0D73653215771DE243A63AC048A18B59DA29,408,3B6A27BCCEB6A42D62A3A8D02A6F0D73653215771DE243A63AC048A18B59DA29,60A4B3909762F0FFE3B327CA8907A966509D7E2FDAA0EC15EE161B9EC1408BEE,1246883924735546,1246883937602908,12867362,
atto,atto-serial,3B6A27BCCEB6A42D62A3A8D02A6F0D73653215771DE243A63AC048A18B59DA29,409,3B6A27BCCEB6A42D62A3A8D02A6F0D73653215771DE243A63AC048A18B59DA29,0134CB3BF40BAF20297E440C3AD8D1F139ED2A0C828953F90FC0226482768981,1246883937611344,1246883951373650,13762306,
atto,atto-serial,3B6A27BCCEB6A42D62A3A8D02A6F0D73653215771DE243A63AC048A18B59DA29,410,3B6A27BCCEB6A42D62A3A8D02A6F0D73653215771DE243A63AC048A18B59DA29,4A5EA8F834416FF50A6F5D5088006CED6FE15F164F0B6DCDB44B7B792955DACB,1246883951383007,1246883970368675,18985668,
atto,atto-serial,3B6A27BCCEB6A42D62A3A8D02A6F0D73653215771DE243A63AC048A18B59DA29,411,3B6A27BCCEB6A42D62A3A8D02A6F0D73653215771DE243A63AC048A18B59DA29,8291970699E21E845E5C8294CD611DC078B7EF0994E49E107324BC45B1A1B4D4,1246883970375457,1246883986616651,16241194,
atto,atto-serial,3B6A27BCCEB6A42D62A3A8D02A6F0D73653215771DE243A63AC048A18B59DA29,412,3B6A27BCCEB6A42D62A3A8D02A6F0D73653215771DE243A63AC048A18B59DA29,13F4F55FB620D2DD6A97C121E0775973CAF0F91D2602D33CC6B6E0530AC1DBD5,1246883986623343,1246883999108570,12485227,
atto,atto-serial,3B6A27BCCEB6A42D62A3A8D02A6F0D73653215771DE243A63AC048A18B59DA29,413,3B6A27BCCEB6A42D62A3A8D02A6F0D73653215771DE243A63AC048A18B59DA29,900C03A7769FCC593EDCEB8EBAF130B9B4AB87FED65E3318CA1C1F9D8B8C15DB,1246883999115483,1246884011755009,12639526,
atto,atto-serial,3B6A27BCCEB6A42D62A3A8D02A6F0D73653215771DE243A63AC048A18B59DA29,414,3B6A27BCCEB6A42D62A3A8D02A6F0D73653215771DE243A63AC048A18B59DA29,6FA895F0496BFD7705896968FB82FCFD22AB36A2F0BC1516CB0E333883913AA1,1246884011763054,1246884030764300,19001246,
atto,atto-serial,3B6A27BCCEB6A42D62A3A8D02A6F0D73653215771DE243A63AC048A18B59DA29,415,3B6A27BCCEB6A42D62A3A8D02A6F0D73653215771DE243A63AC048A18B59DA29,6599702B8C9C9F78B41C06501DB7E570B96C05C0F44CFF4D013260FA0A4388E1,1246884030771173,1246884043444983,12673810,
atto,atto-serial,3B6A27BCCEB6A42D62A3A8D02A6F0D73653215771DE243A63AC048A18B59DA29,416,3B6A27BCCEB6A42D62A3A8D02A6F0D73653215771DE243A63AC048A18B59DA29,B5668686FF541A62AB51D413BE8F6223A64266B2E6214A0CCE60352AA2BC4AF7,1246884043451635,1246884056773948,13322313,
atto,atto-serial,3B6A27BCCEB6A42D62A3A8D02A6F0D73653215771DE243A63AC048A18B59DA29,417,3B6A27BCCEB6A42D62A3A8D02A6F0D73653215771DE243A63AC048A18B59DA29,6B9BDA9BEDF919D755871B1408551A92C5C5FC2A299983B58B6A9DF1070B44E9,1246884056781021,1246884070182562,13401541,
atto,atto-serial,3B6A27BCCEB6A42D62A3A8D02A6F0D73653215771DE243A63AC048A18B59DA29,418,3B6A27BCCEB6A42D62A3A8D02A6F0D73653215771DE243A63AC048A18B59DA29,6C4693459194EF53D4D13BB3CCD1DA1EF3D60F9A67A4607BB97B55B216661398,1246884070187943,1246884092769327,22581384,
atto,atto-serial,3B6A27BCCEB6A42D62A3A8D02A6F0D73653215771DE243A63AC048A18B59DA29,419,3B6A27BCCEB6A42D62A3A8D02A6F0D73653215771DE243A63AC048A18B59DA29,5FB7A7DD0BC7142D6D8B5982C453921C770B1DEC0FA7E80ED83F3043F7D59FA4,1246884092775308,1246884106406328,13631020,
atto,atto-serial,3B6A27BCCEB6A42D62A3A8D02A6F0D73653215771DE243A63AC048A18B59DA29,420,3B6A27BCCEB6A42D62A3A8D02A6F0D73653215771DE243A63AC048A18B59DA29,93A0F3F7A435762CA2B28242F6DDF94BA259A3CC31A867D01DD702C5C6F372C8,1246884106413251,1246884125517320,19104069,
atto,atto-serial,3B6A27BCCEB6A42D62A3A8D02A6F0D73653215771DE243A63AC048A18B59DA29,421,3B6A27BCCEB6A42D62A3A8D02A6F0D73653215771DE243A63AC048A18B59DA29,C05FF518D88D1B8FE99FC1A97146822F7F8DB2A2C5C5E801841A2EBCEDD20D82,1246884125522280,1246884137924862,12402582,
atto,atto-serial,3B6A27BCCEB6A42D62A3A8D02A6F0D73653215771DE243A63AC048A18B59DA29,422,3B6A27BCCEB6A42D62A3A8D02A6F0D73653215771DE243A63AC048A18B59DA29,FDE671537BD285B980DB2C0D85479631B50F4BB7017BCBDD47547B31407903E7,1246884137930733,1246884151085863,13155130,
atto,atto-serial,3B6A27BCCEB6A42D62A3A8D02A6F0D73653215771DE243A63AC048A18B59DA29,423,3B6A27BCCEB6A42D62A3A8D02A6F0D73653215771DE243A63AC048A18B59DA29,E5CE6153D35EF417D5C318E36687BAA5CAD46226BDBF294D16AAE4B29FABC040,1246884151095311,1246884170331647,19236336,
atto,atto-serial,3B6A27BCCEB6A42D62A3A8D02A6F0D73653215771DE243A63AC048A18B59DA29,424,3B6A27BCCEB6A42D62A3A8D02A6F0D73653215771DE243A63AC048A18B59DA29,C7C5555446350494689F97863CCB828840840554395C3C521B3B4B8AD143C7CE,1246884170343599,1246884187370092,17026493,
atto,atto-serial,3B6A27BCCEB6A42D62A3A8D02A6F0D73653215771DE243A63AC048A18B59DA29,425,3B6A27BCCEB6A42D62A3A8D02A6F0D73653215771DE243A63AC048A18B59DA29,7B4E9306570726680FCEA125647EE0A9F3C5C165584C2F524C925667AF13FA48,1246884187380141,1246884200941451,13561310,
atto,atto-serial,3B6A27BCCEB6A42D62A3A8D02A6F0D73653215771DE243A63AC048A18B59DA29,426,3B6A27BCCEB6A42D62A3A8D02A6F0D73653215771DE243A63AC048A18B59DA29,D0A1F5262EDF60BF3E72AD3F51980B3CFCDA132A3730EB61880FA22861F3EEBD,1246884200953053,1246884219874029,18920976,
atto,atto-serial,3B6A27BCCEB6A42D62A3A8D02A6F0D73653215771DE243A63AC048A18B59DA29,427,3B6A27BCCEB6A42D62A3A8D02A6F0D73653215771DE243A63AC048A18B59DA29,A34DB32FF07C151EE5A4316CC0FC7B1267DBCEA9E628387B4A9A79F209AB78F3,1246884219881293,1246884237644022,17762729,
atto,atto-serial,3B6A27BCCEB6A42D62A3A8D02A6F0D73653215771DE243A63AC048A18B59DA29,428,3B6A27BCCEB6A42D62A3A8D02A6F0D73653215771DE243A63AC048A18B59DA29,243073C5F81317CA8D94926547A0A256DD00735637B9E9851A806E71B17236D5,1246884237651657,1246884255464901,17813244,
atto,atto-serial,3B6A27BCCEB6A42D62A3A8D02A6F0D73653215771DE243A63AC048A18B59DA29,429,3B6A27BCCEB6A42D62A3A8D02A6F0D73653215771DE243A63AC048A18B59DA29,3C66C94DE551C58AF7FDD96E3227D162E2787775699D7AE13AEC75820E0A3346,1246884255473768,1246884275533454,20059686,
atto,atto-serial,3B6A27BCCEB6A42D62A3A8D02A6F0D73653215771DE243A63AC048A18B59DA29,430,3B6A27BCCEB6A42D62A3A8D02A6F0D73653215771DE243A63AC048A18B59DA29,3D557CD2B37631342A01ECB1F0FB35B1A0C70C727CB5EE84DB0581B968068751,1246884275544645,1246884291940969,16396324,
atto,atto-serial,3B6A27BCCEB6A42D62A3A8D02A6F0D73653215771DE243A63AC048A18B59DA29,431,3B6A27BCCEB6A42D62A3A8D02A6F0D73653215771DE243A63AC048A18B59DA29,DF224D472C7923A3309BE79C5333040EADD66599A890E07685E319522C3F4D4A,1246884291947902,1246884312455507,20507605,
atto,atto-serial,3B6A27BCCEB6A42D62A3A8D02A6F0D73653215771DE243A63AC048A18B59DA29,432,3B6A27BCCEB6A42D62A3A8D02A6F0D73653215771DE243A63AC048A18B59DA29,5B2C1DC73A58C122A35EDFB81C70A917F52DED93947DDC48F2C00F3194922297,1246884312463562,1246884334145603,21682041,
atto,atto-serial,3B6A27BCCEB6A42D62A3A8D02A6F0D73653215771DE243A63AC048A18B59DA29,433,3B6A27BCCEB6A42D62A3A8D02A6F0D73653215771DE243A63AC048A18B59DA29,A5E306FF33AB24AE93FE19421D23E71BA3A4A1643D60E30A79CBB1F01D534CD2,1246884334151855,1246884347428823,13276968,
atto,atto-serial,3B6A27BCCEB6A42D62A3A8D02A6F0D73653215771DE243A63AC048A18B59DA29,434,3B6A27BCCEB6A42D62A3A8D02A6F0D73653215771DE243A63AC048A18B59DA29,FE4BE8B0887AAC46A12E083C8EE1B6726CA89BE33D6D0F69515F3BC2BD72964D,1246884347438010,1246884363517481,16079471,
atto,atto-serial,3B6A27BCCEB6A42D62A3A8D02A6F0D73653215771DE243A63AC048A18B59DA29,435,3B6A27BCCEB6A42D62A3A8D02A6F0D73653215771DE243A63AC048A18B59DA29,6FE3ACC9A8BEF3A9BF79AA6A259AD46CA18C3180F741E6C097CB2DA726B4812F,1246884363524334,1246884376773400,13249066,
atto,atto-serial,3B6A27BCCEB6A42D62A3A8D02A6F0D73653215771DE243A63AC048A18B59DA29,436,3B6A27BCCEB6A42D62A3A8D02A6F0D73653215771DE243A63AC048A18B59DA29,D6C467207D44624040B300390325FDDC0150EDB7FCE114E51E91F044BD7F476B,1246884376780153,1246884389921206,13141053,
atto,atto-serial,3B6A27BCCEB6A42D62A3A8D02A6F0D73653215771DE243A63AC048A18B59DA29,437,3B6A27BCCEB6A42D62A3A8D02A6F0D73653215771DE243A63AC048A18B59DA29,1B4C33201B667E3460807C02EDB331A6FF0A1056AF66EBE042CB6F8758FE6510,1246884389928049,1246884402074913,12146864,
atto,atto-serial,3B6A27BCCEB6A42D62A3A8D02A6F0D73653215771DE243A63AC048A18B59DA29,438,3B6A27BCCEB6A42D62A3A8D02A6F0D73653215771DE243A63AC048A18B59DA29,5BA3C05C043C12E07016DE21F0484594C085D45646623D3CE52BEF727001E1EB,1246884402081045,1246884415453501,13372456,
atto,atto-serial,3B6A27BCCEB6A42D62A3A8D02A6F0D73653215771DE243A63AC048A18B59DA29,439,3B6A27BCCEB6A42D62A3A8D02A6F0D73653215771DE243A63AC048A18B59DA29,225233A5A62072BC6E68783DCCCFA6511EBF249B6FEA07008E7F4D553D730DD5,1246884415460454,1246884434349160,18888706,
atto,atto-serial,3B6A27BCCEB6A42D62A3A8D02A6F0D73653215771DE243A63AC048A18B59DA29,440,3B6A27BCCEB6A42D62A3A8D02A6F0D73653215771DE243A63AC048A18B59DA29,F79C8356DB919416BAC9595F5359E01248B4AE2C1B1283446E2EEA45C090EC9A,1246884434355823,1246884458379766,24023943,
atto,atto-serial,3B6A27BCCEB6A42D62A3A8D02A6F0D73653215771DE243A63AC048A18B59DA29,441,3B6A27BCCEB6A42D62A3A8D02A6F0D73653215771DE243A63AC048A18B59DA29,036AD9A535CAA40A7AEF830B44CF63F37E8037DFCEA7A0A710E021230E1710C0,1246884458386348,1246884477620070,19233722,
atto,atto-serial,3B6A27BCCEB6A42D62A3A8D02A6F0D73653215771DE243A63AC048A18B59DA29,442,3B6A27BCCEB6A42D62A3A8D02A6F0D73653215771DE243A63AC048A18B59DA29,88F60B7C8E04CF2036EE9FD390E1E60A8E2FB25AE3680CE5A1E02883184F2EA2,1246884477627343,1246884502932483,25305140,
atto,atto-serial,3B6A27BCCEB6A42D62A3A8D02A6F0D73653215771DE243A63AC048A18B59DA29,443,3B6A27BCCEB6A42D62A3A8D02A6F0D73653215771DE243A63AC048A18B59DA29,6EA44430310A236C7E87464419F1D1030C36A4D95A4B375775DAA4373F41F6E8,1246884502939045,1246884519853178,16914133,
atto,atto-serial,3B6A27BCCEB6A42D62A3A8D02A6F0D73653215771DE243A63AC048A18B59DA29,444,3B6A27BCCEB6A42D62A3A8D02A6F0D73653215771DE243A63AC048A18B59DA29,4A779A0CDB08F4CD9C48072CF6301CF7ACD8EF9CB2002B01BD07EC145A43F1D5,1246884519858879,1246884537359207,17500328,
atto,atto-serial,3B6A27BCCEB6A42D62A3A8D02A6F0D73653215771DE243A63AC048A18B59DA29,445,3B6A27BCCEB6A42D62A3A8D02A6F0D73653215771DE243A63AC048A18B59DA29,F2A7EEA78AB1E9845B9FDB8261590B4AF1BE0C61F8FC36522028CE72CF45A47F,1246884537365409,1246884553342769,15977360,
atto,atto-serial,3B6A27BCCEB6A42D62A3A8D02A6F0D73653215771DE243A63AC048A18B59DA29,446,3B6A27BCCEB6A42D62A3A8D02A6F0D73653215771DE243A63AC048A18B59DA29,85B94046DA1A443EB65DCEA64110722EDBFFE5289D3FBBD49E09B86E6323826D,1246884553350523,1246884569787823,16437300,
atto,atto-serial,3B6A27BCCEB6A42D62A3A8D02A6F0D73653215771DE243A63AC048A18B59DA29,447,3B6A27BCCEB6A42D62A3A8D02A6F0D73653215771DE243A63AC048A18B59DA29,B5426CB706FAA747520D3C9CBA694348771EBD8451AE1D2C69ABA8504B78E767,1246884569798353,1246884582570436,12772083,
atto,atto-serial,3B6A27BCCEB6A42D62A3A8D02A6F0D73653215771DE243A63AC048A18B59DA29,448,3B6A27BCCEB6A42D62A3A8D02A6F0D73653215771DE243A63AC048A18B59DA29,F628AFB2C92CA5889431443F2CBD43D8D43F8A9055B8A2EEA5FE30F7E9E26DD9,1246884582576578,1246884596266959,13690381,
atto,atto-serial,3B6A27BCCEB6A42D62A3A8D02A6F0D73653215771DE243A63AC048A18B59DA29,449,3B6A27BCCEB6A42D62A3A8D02A6F0D73653215771DE243A63AC048A18B59DA29,72804509C389367828E47791F634A1779DE1A96639B06B20E079141441E12735,1246884596273361,1246884614901410,18628049,
atto,atto-serial,3B6A27BCCEB6A42D62A3A8D02A6F0D73653215771DE243A63AC048A18B59DA29,450,3B6A27BCCEB6A42D62A3A8D02A6F0D73653215771DE243A63AC048A18B59DA29,ACFC8E0E3941B1A4DCE6F2E2FAE1821DE7532344F96A55173C8DD589CD6C066B,1246884614907181,1246884631851940,16944759,
atto,atto-serial,3B6A27BCCEB6A42D62A3A8D02A6F0D73653215771DE243A63AC048A18B59DA29,451,3B6A27BCCEB6A42D62A3A8D02A6F0D73653215771DE243A63AC048A18B59DA29,D9AB490381B6AD95114DDEBD7AC604E69409B464060393CA85638A3D5B31D0FA,1246884631857781,1246884650652722,18794941,
atto,atto-serial,3B6A27BCCEB6A42D62A3A8D02A6F0D73653215771DE243A63AC048A18B59DA29,452,3B6A27BCCEB6A42D62A3A8D02A6F0D73653215771DE243A63AC048A18B59DA29,61E8203C5AB8D7374D80E7BF2F856395BDC9229E64E5CE4D5B71E3AFF6D7BD53,1246884650658433,1246884668389894,17731461,
atto,atto-serial,3B6A27BCCEB6A42D62A3A8D02A6F0D73653215771DE243A63AC048A18B59DA29,453,3B6A27BCCEB6A42D62A3A8D02A6F0D73653215771DE243A63AC048A18B59DA29,639809A9EA5BDE71381D51771E59A1492A28C88CCC1971ADC8571F9C4BB98F4A,1246884668398540,1246884682775266,14376726,
atto,atto-serial,3B6A27BCCEB6A42D62A3A8D02A6F0D73653215771DE243A63AC048A18B59DA29,454,3B6A27BCCEB6A42D62A3A8D02A6F0D73653215771DE243A63AC048A18B59DA29,BFF726524DFAB648C7C3D783F9149C75DD5831955DD6B751E9B34DA4CF78B8DE,1246884682781558,1246884695378493,12596935,
atto,atto-serial,3B6A27BCCEB6A42D62A3A8D02A6F0D73653215771DE243A63AC048A18B59DA29,455,3B6A27BCCEB6A42D62A3A8D02A6F0D73653215771DE243A63AC048A18B59DA29,586F5A93049ABF159DB57B115755160DF259208F24BCE61E9809D7011D462045,1246884695385366,1246884708511733,13126367,
atto,atto-serial,3B6A27BCCEB6A42D62A3A8D02A6F0D73653215771DE243A63AC048A18B59DA29,456,3B6A27BCCEB6A42D62A3A8D02A6F0D73653215771DE243A63AC048A18B59DA29,5F733F8A916DB6DA85B352544B48A61A8A143BA33D28F995BF8732D116F2C70A,1246884708518766,1246884727927405,19408639,
atto,atto-serial,3B6A27BCCEB6A42D62A3A8D02A6F0D73653215771DE243A63AC048A18B59DA29,457,3B6A27BCCEB6A42D62A3A8D02A6F0D73653215771DE243A63AC048A18B59DA29,FA0CF54A21E6633F7E4726130BA8D60B12F19AC8CB1696927C18D2FE4227DBAA,1246884727934578,1246884745750958,17816380,
atto,atto-serial,3B6A27BCCEB6A42D62A3A8D02A6F0D73653215771DE243A63AC048A18B59DA29,458,3B6A27BCCEB6A42D62A3A8D02A6F0D73653215771DE243A63AC048A18B59DA29,EB0401E8FE850F1DCF47EB073EC1CD06526BB884A843E1F8967997FCD93EC1B9,1246884745756929,1246884758585989,12829060,
atto,atto-serial,3B6A27BCCEB6A42D62A3A8D02A6F0D73653215771DE243A63AC048A18B59DA29,459,3B6A27BCCEB6A42D62A3A8D02A6F0D73653215771DE243A63AC048A18B59DA29,0FC629C93720C2CB70E98E9B883D18FACB8B10438486FA5235731006DCACC2A4,1246884758593574,1246884783385072,24791498,
atto,atto-serial,3B6A27BCCEB6A42D62A3A8D02A6F0D73653215771DE243A63AC048A18B59DA29,460,3B6A27BCCEB6A42D62A3A8D02A6F0D73653215771DE243A63AC048A18B59DA29,5A8428AB2F2E6A0E1060D4EB4902035C998BB4686C653DEDA8F566577B7CB028,1246884783391384,1246884803739010,20347626,
atto,atto-serial,3B6A27BCCEB6A42D62A3A8D02A6F0D73653215771DE243A63AC048A18B59DA29,461,3B6A27BCCEB6A42D62A3A8D02A6F0D73653215771DE243A63AC048A18B59DA29,26BF11A70A8F027690D39A3EBA1093C4A3CA78583F3B1848CE23C9DE6C6D2176,1246884803745442,1246884819423672,15678230,
atto,atto-serial,3B6A27BCCEB6A42D62A3A8D02A6F0D73653215771DE243A63AC048A18B59DA29,462,3B6A27BCCEB6A42D62A3A8D02A6F0D73653215771DE243A63AC048A18B59DA29,E809A064AEE865302011984922B5878E90B7B0DD9D955B3F2F338DB55E81D87D,1246884819429332,1246884833999309,14569977,
atto,atto-serial,3B6A27BCCEB6A42D62A3A8D02A6F0D73653215771DE243A63AC048A18B59DA29,463,3B6A27BCCEB6A42D62A3A8D02A6F0D73653215771DE243A63AC048A18B59DA29,9CF3B7B4417AD0DBB7953B0BA41A66C961E0710BA5160823A61E3C63488CA0C8,1246884834016411,1246884846268222,12251811,
atto,atto-serial,3B6A27BCCEB6A42D62A3A8D02A6F0D73653215771DE243A63AC048A18B59DA29,464,3B6A27BCCEB6A42D62A3A8D02A6F0D73653215771DE243A63AC048A18B59DA29,5F85615A7A7612CB3D89B8F162240CCEE06CA3F4752C39CFF048285A0E44CF0C,1246884846274654,1246884862391565,16116911,
atto,atto-serial,3B6A27BCCEB6A42D62A3A8D02A6F0D73653215771DE243A63AC048A18B59DA29,465,3B6A27BCCEB6A42D62A3A8D02A6F0D73653215771DE243A63AC048A18B59DA29,7D8A316112D6279A8F3F46CFFAA024A32BECD009B9B49A6C6DB564E8663CF243,1246884862397055,1246884881191234,18794179,
atto,atto-serial,3B6A27BCCEB6A42D62A3A8D02A6F0D73653215771DE243A63AC048A18B59DA29,466,3B6A27BCCEB6A42D62A3A8D02A6F0D73653215771DE243A63AC048A18B59DA29,99AA19A0A6FC151D778DC71DAC5BD66B3ADB8C8B83EA84BF0CA94376A084114D,1246884881196113,1246884896705127,15509014,
atto,atto-serial,3B6A27BCCEB6A42D62A3A8D02A6F0D73653215771DE243A63AC048A18B59DA29,467,3B6A27BCCEB6A42D62A3A8D02A6F0D73653215771DE243A63AC048A18B59DA29,B1748D913769DDA7B18CBAB30B784922A0139B573C79DE4B09F6543F162BFDEE,1246884896711239,1246884910830001,14118762,
atto,atto-serial,3B6A27BCCEB6A42D62A3A8D02A6F0D73653215771DE243A63AC048A18B59DA29,468,3B6A27BCCEB6A42D62A3A8D02A6F0D73653215771DE243A63AC048A18B59DA29,06B41F9E65F3940AC65E0A551EE9B6AB433E10640A0165577AD93C6CE488D7D5,1246884910839119,1246884923480207,12641088,
atto,atto-serial,3B6A27BCCEB6A42D62A3A8D02A6F0D73653215771DE243A63AC048A18B59DA29,469,3B6A27BCCEB6A42D62A3A8D02A6F0D73653215771DE243A63AC048A18B59DA29,C4BF0738AC1A94E6645FD7029EEB9ED04BE41903F0AC9DDA0812DAAC72931753,1246884923485497,1246884942293833,18808336,
atto,atto-serial,3B6A27BCCEB6A42D62A3A8D02A6F0D73653215771DE243A63AC048A18B59DA29,470,3B6A27BCCEB6A42D62A3A8D02A6F0D73653215771DE243A63AC048A18B59DA29,CBE3DE063979F5E2F8C773A96D864E70CA1012CC15FE49BE3C885060DE8DBA61,1246884942299493,1246884959319644,17020151,
atto,atto-serial,3B6A27BCCEB6A42D62A3A8D02A6F0D73653215771DE243A63AC048A18B59DA29,471,3B6A27BCCEB6A42D62A3A8D02A6F0D73653215771DE243A63AC048A18B59DA29,A87A7F80F731B222A7A3059EEC04646175749A2A504006312CFEED63A05E6F64,1246884959325044,1246884971688092,12363048,
atto,atto-serial,3B6A27BCCEB6A42D62A3A8D02A6F0D73653215771DE243A63AC048A18B59DA29,472,3B6A27BCCEB6A42D62A3A8D02A6F0D73653215771DE243A63AC048A18B59DA29,58777D019A1FDBCF8D2E1936F2505DBAFC839AB4B2186BBCD068804026A0C8F9,1246884971694995,1246884987555416,15860421,
atto,atto-serial,3B6A27BCCEB6A42D62A3A8D02A6F0D73653215771DE243A63AC048A18B59DA29,473,3B6A27BCCEB6A42D62A3A8D02A6F0D73653215771DE243A63AC048A18B59DA29,E9C83811D9412761FBF6AA6757F8DFFE4973550C72AD376017F4133DFA1FDF9E,1246884987562529,1246885005129754,17567225,
atto,atto-serial,3B6A27BCCEB6A42D62A3A8D02A6F0D73653215771DE243A63AC048A18B59DA29,474,3B6A27BCCEB6A42D62A3A8D02A6F0D73653215771DE243A63AC048A18B59DA29,F5D5F2E436B099C38B6772BDFD0F1BD080C61E62A9315FD9772FD2180EA13937,1246885005135785,1246885018019597,12883812,
atto,atto-serial,3B6A27BCCEB6A42D62A3A8D02A6F0D73653215771DE243A63AC048A18B59DA29,475,3B6A27BCCEB6A42D62A3A8D02A6F0D73653215771DE243A63AC048A18B59DA29,65FCABFB4E8DAA215F649B8A93C3D8D2EFD03536288955D2BA88219854221601,1246885018025679,1246885033026071,15000392,
atto,atto-serial,3B6A27BCCEB6A42D62A3A8D02A6F0D73653215771DE243A63AC048A18B59DA29,476,3B6A27BCCEB6A42D62A3A8D02A6F0D73653215771DE243A63AC048A18B59DA29,4B1B6A86933A25C88D5A7C1C6BDCB78D02FA414B0623EC0B09708B509AE3AFB1,1246885033032212,1246885051377522,18345310,
atto,atto-serial,3B6A27BCCEB6A42D62A3A8D02A6F0D73653215771DE243A63AC048A18B59DA29,477,3B6A27BCCEB6A42D62A3A8D02A6F0D73653215771DE243A63AC048A18B59DA29,96D3BE1B9D96076FF241FDC97A9021373E9E83F5D385150315B2F2E86BDB2B32,1246885051383794,1246885070116758,18732964,
atto,atto-serial,3B6A27BCCEB6A42D62A3A8D02A6F0D73653215771DE243A63AC048A18B59DA29,478,3B6A27BCCEB6A42D62A3A8D02A6F0D73653215771DE243A63AC048A18B59DA29,6877BC5DB0837275218FE441D9E496064687C86AA632C73685BFA1235F51377D,1246885070123311,1246885083915873,13792562,
atto,atto-serial,3B6A27BCCEB6A42D62A3A8D02A6F0D73653215771DE243A63AC048A18B59DA29,479,3B6A27BCCEB6A42D62A3A8D02A6F0D73653215771DE243A63AC048A18B59DA29,13CCF060ECE537D7D557C8383B60E8533654EFA5094F532177F9819B57B45749,1246885083921233,1246885096665024,12743791,
atto,atto-serial,3B6A27BCCEB6A42D62A3A8D02A6F0D73653215771DE243A63AC048A18B59DA29,480,3B6A27BCCEB6A42D62A3A8D02A6F0D73653215771DE243A63AC048A18B59DA29,BCDA7ED667B5930EF277381B4D9A0121BC71DE41C438972F62529954490974FB,1246885096672979,1246885117033238,20360259,
atto,atto-serial,3B6A27BCCEB6A42D62A3A8D02A6F0D73653215771DE243A63AC048A18B59DA29,481,3B6A27BCCEB6A42D62A3A8D02A6F0D73653215771DE243A63AC048A18B59DA29,8B7805CDFEB87886B3FD33D4C5C8E4D6557AB6920A50D16B6FDA3F388E405ACB,1246885117039069,1246885129498457,12459388,
atto,atto-serial,3B6A27BCCEB6A42D62A3A8D02A6F0D73653215771DE243A63AC048A18B59DA29,482,3B6A27BCCEB6A42D62A3A8D02A6F0D73653215771DE243A63AC048A18B59DA29,573192A34CACB385BECCB512EFA052E608F5704563859AB2271E16F6B4ADAD79,1246885129505621,1246885152319189,22813568,
atto,atto-serial,3B6A27BCCEB6A42D62A3A8D02A6F0D73653215771DE243A63AC048A18B59DA29,483,3B6A27BCCEB6A42D62A3A8D02A6F0D73653215771DE243A63AC048A18B59DA29,BA6AB20C7D3267AFB806FEDE09260CCD0EAD5CFA737300969F45559E3CD4B441,1246885152324880,1246885165260309,12935429,
atto,atto-serial,3B6A27BCCEB6A42D62A3A8D02A6F0D73653215771DE243A63AC048A18B59DA29,484,3B6A27BCCEB6A42D62A3A8D02A6F0D73653215771DE243A63AC048A18B59DA29,3EC20202F04452EABD40DBF4A6E83215A28DE1AB6C76005C37B3E7B49AF7BBC8,1246885165266931,1246885188150862,22883931,
atto,atto-serial,3B6A27BCCEB6A42D62A3A8D02A6F0D73653215771DE243A63AC048A18B59DA29,485,3B6A27BCCEB6A42D62A3A8D02A6F0D73653215771DE243A63AC048A18B59DA29,8F06632167E83B0D83735ED28E4F9CC573DE30A8AB3DDE8EE96543DE1C4D5AA0,1246885188157384,1246885204379211,16221827,
atto,atto-serial,3B6A27BCCEB6A42D62A3A8D02A6F0D73653215771DE243A63AC048A18B59DA29,486,3B6A27BCCEB6A42D62A3A8D02A6F0D73653215771DE243A63AC048A18B59DA29,FFB45A027BB36A095B257875782695DAF8C251588AF50C641ABE5BA49143C125,1246885204385904,1246885219212831,14826927,
atto,atto-serial,3B6A27BCCEB6A42D62A3A8D02A6F0D73653215771DE243A63AC048A18B59DA29,487,3B6A27BCCEB6A42D62A3A8D02A6F0D73653215771DE243A63AC048A18B59DA29,1857B5C16BC50425E971B474EA33F455969D4BD2222995B9A776565D284831FA,1246885219218101,1246885231428855,12210754,
atto,atto-serial,3B6A27BCCEB6A42D62A3A8D02A6F0D73653215771DE243A63AC048A18B59DA29,488,3B6A27BCCEB6A42D62A3A8D02A6F0D73653215771DE243A63AC048A18B59DA29,5F60D0FDF36D6FAB272F4EFD05A98B87F3DE9D4A6C7DD775463596D4C5AB1873,1246885231433994,1246885243979183,12545189,
atto,atto-serial,3B6A27BCCEB6A42D62A3A8D02A6F0D73653215771DE243A63AC048A18B59DA29,489,3B6A27BCCEB6A42D62A3A8D02A6F0D73653215771DE243A63AC048A18B59DA29,15B62F61D527426495C8F2F8B96C24BF09BA324F54A511D98839AAB3A498B260,1246885243985635,1246885256769000,12783365,
atto,atto-serial,3B6A27BCCEB6A42D62A3A8D02A6F0D73653215771DE243A63AC048A18B59DA29,490,3B6A27BCCEB6A42D62A3A8D02A6F0D73653215771DE243A63AC048A18B59DA29,7827FF7A5B2EA8FBFAD93F5F6E4AB6BF31667D6FA852A7907D0D458CBF045FB8,1246885256775231,1246885269895316,13120085,
atto,atto-serial,3B6A27BCCEB6A42D62A3A8D02A6F0D73653215771DE243A63AC048A18B59DA29,491,3B6A27BCCEB6A42D62A3A8D02A6F0D73653215771DE243A63AC048A18B59DA29,902021036B1531143869E39497EC72AF7B68FF50C6A267538DC0F11922D841A9,1246885269901708,1246885282883343,12981635,
atto,atto-serial,3B6A27BCCEB6A42D62A3A8D02A6F0D73653215771DE243A63AC048A18B59DA29,492,3B6A27BCCEB6A42D62A3A8D02A6F0D73653215771DE243A63AC048A18B59DA29,E62741B93BB5A1879B58B46B7BD0B61FFC8A359D44051967341202147150687E,1246885282890086,1246885296644177,13754091,
atto,atto-serial,3B6A27BCCEB6A42D62A3A8D02A6F0D73653215771DE243A63AC048A18B59DA29,493,3B6A27BCCEB6A42D62A3A8D02A6F0D73653215771DE243A63AC048A18B59DA29,0213A5646BC423DCA988209D975AB9A365D00F04335D4F1F70F8EC7C51702EB3,1246885296651841,1246885316407509,19755668,
atto,atto-serial,3B6A27BCCEB6A42D62A3A8D02A6F0D73653215771DE243A63AC048A18B59DA29,494,3B6A27BCCEB6A42D62A3A8D02A6F0D73653215771DE243A63AC048A18B59DA29,95232C3CD412723147A6EF8AD5DA83D996C0F484E0049A3B584F201635624F7C,1246885316414352,1246885333187400,16773048,
atto,atto-serial,3B6A27BCCEB6A42D62A3A8D02A6F0D73653215771DE243A63AC048A18B59DA29,495,3B6A27BCCEB6A42D62A3A8D02A6F0D73653215771DE243A63AC048A18B59DA29,53AF6CED32FDA9A79B1B547F235B00575868049A753A4CF1F2EB83DB1A9AAA84,1246885333192239,1246885350684413,17492174,
atto,atto-serial,3B6A27BCCEB6A42D62A3A8D02A6F0D73653215771DE243A63AC048A18B59DA29,496,3B6A27BCCEB6A42D62A3A8D02A6F0D73653215771DE243A63AC048A18B59DA29,35E4162B77135C0AF9E068FA769EBD3ABFC6471F571B57520BA12263221032F7,1246885350690264,1246885367763935,17073671,
atto,atto-serial,3B6A27BCCEB6A42D62A3A8D02A6F0D73653215771DE243A63AC048A18B59DA29,497,3B6A27BCCEB6A42D62A3A8D02A6F0D73653215771DE243A63AC048A18B59DA29,587951AB1FC5421A6D7AAE0C2C7FB4B65922F32C94C1971112CA6475171C52CE,1246885367770617,1246885380452622,12682005,
atto,atto-serial,3B6A27BCCEB6A42D62A3A8D02A6F0D73653215771DE243A63AC048A18B59DA29,498,3B6A27BCCEB6A42D62A3A8D02A6F0D73653215771DE243A63AC048A18B59DA29,0BC2A84E9F39C56201F554983C1845EB0743B7D95EF1398269D1E7D1DFB7C542,1246885380459064,1246885396162191,15703127,
atto,atto-serial,3B6A27BCCEB6A42D62A3A8D02A6F0D73653215771DE243A63AC048A18B59DA29,499,3B6A27BCCEB6A42D62A3A8D02A6F0D73653215771DE243A63AC048A18B59DA29,3E32443BB7A791C63BFA771D8E5A7B0585C2781376B89A651A2D86E77976AC12,1246885396167561,1246885410140290,13972729,
atto,atto-serial,3B6A27BCCEB6A42D62A3A8D02A6F0D73653215771DE243A63AC048A18B59DA29,500,3B6A27BCCEB6A42D62A3A8D02A6F0D73653215771DE243A63AC048A18B59DA29,EE6873F8103B4DB6A3B0AE44FD1744600D3389AA6E8CEF86C3D2F70DA31D57B2,1246885410146883,1246885429296537,19149654,
atto,atto-serial,3B6A27BCCEB6A42D62A3A8D02A6F0D73653215771DE243A63AC048A18B59DA29,501,3B6A27BCCEB6A42D62A3A8D02A6F0D73653215771DE243A63AC048A18B59DA29,89EE59E95B1F20A0680988DEAEDA93669668F57D5EAD75DE6BD982FD3EC3FEEB,1246885429302929,1246885446329622,17026693,
atto,atto-serial,3B6A27BCCEB6A42D62A3A8D02A6F0D73653215771DE243A63AC048A18B59DA29,502,3B6A27BCCEB6A42D62A3A8D02A6F0D73653215771DE243A63AC048A18B59DA29,4FC6A406B0DEEAADB90B7D1735C0D532E1DCE0974276B9779DF424C8B1D6FAE2,1246885446337006,1246885459360269,13023263,
atto,atto-serial,3B6A27BCCEB6A42D62A3A8D02A6F0D73653215771DE243A63AC048A18B59DA29,503,3B6A27BCCEB6A42D62A3A8D02A6F0D73653215771DE243A63AC048A18B59DA29,E8551C27BB30199AA9538B60FC03CC0621A5ED062A38B71F56B7264286E18220,1246885459366421,1246885472806334,13439913,
atto,atto-serial,3B6A27BCCEB6A42D62A3A8D02A6F0D73653215771DE243A63AC048A18B59DA29,504,3B6A27BCCEB6A42D62A3A8D02A6F0D73653215771DE243A63AC048A18B59DA29,D1E2F965CE7600632AC24DD1B6942206B7AA8D8EDAD9DD630665837AD2ABBD01,1246885472812345,1246885485488399,12676054,
atto,atto-serial,3B6A27BCCEB6A42D62A3A8D02A6F0D73653215771DE243A63AC048A18B59DA29,505,3B6A27BCCEB6A42D62A3A8D02A6F0D73653215771DE243A63AC048A18B59DA29,BFB754D582582D344E9240C0C446CB9A7FBE9146E55CE24AE96CE751CFFD85F3,1246885485495943,1246885498940174,13444231,
atto,atto-serial,3B6A27BCCEB6A42D62A3A8D02A6F0D73653215771DE243A63AC048A18B59DA29,506,3B6A27BCCEB6A42D62A3A8D02A6F0D73653215771DE243A63AC048A18B59DA29,DC3CFF0285B543EBC2483798B6D947E5376885EE56A50A9164012E8D36D1BBED,1246885498946305,1246885513163332,14217027,
atto,atto-serial,3B6A27BCCEB6A42D62A3A8D02A6F0D73653215771DE243A63AC048A18B59DA29,507,3B6A27BCCEB6A42D62A3A8D02A6F0D73653215771DE243A63AC048A18B59DA29,9CC6AAE8175836530F18A4DCF4C7609565A681A8C1784621C7EDD1850A2AD09C,1246885513170465,1246885532486341,19315876,
atto,atto-serial,3B6A27BCCEB6A42D62A3A8D02A6F0D73653215771DE243A63AC048A18B59DA29,508,3B6A27BCCEB6A42D62A3A8D02A6F0D73653215771DE243A63AC048A18B59DA29,C67357E42D7DED5A4D84B23CD1383A4F2CD37D3E805DB7368F92EB680058A608,1246885532493694,1246885551078332,18584638,
atto,atto-serial,3B6A27BCCEB6A42D62A3A8D02A6F0D73653215771DE243A63AC048A18B59DA29,509,3B6A27BCCEB6A42D62A3A8D02A6F0D73653215771DE243A63AC048A18B59DA29,13BF47C25FB9046763A9C69B44DAFBEF4553BFFBE621C1A1B926643D2978C829,1246885551084904,1246885567127025,16042121,
atto,atto-serial,3B6A27BCCEB6A42D62A3A8D02A6F0D73653215771DE243A63AC048A18B59DA29,510,3B6A27BCCEB6A42D62A3A8D02A6F0D73653215771DE243A63AC048A18B59DA29,A04C5C965A45499A085C29926CAEC6B985B77C9BF9A078FAFFCA2F621222E059,1246885567133397,1246885587679854,20546457,
atto,atto-serial,3B6A27BCCEB6A42D62A3A8D02A6F0D73653215771DE243A63AC048A18B59DA29,511,3B6A27BCCEB6A42D62A3A8D02A6F0D73653215771DE243A63AC048A18B59DA29,7646FAAAD9600AC4CC5DD6AB7F09C1D92BCD149C20BCF3E01EB8438B7C6F3ECC,1246885587686827,1246885600636132,12949305,
atto,atto-serial,3B6A27BCCEB6A42D62A3A8D02A6F0D73653215771DE243A63AC048A18B59DA29,512,3B6A27BCCEB6A42D62A3A8D02A6F0D73653215771DE243A63AC048A18B59DA29,8B361FE2A1BE6BF2C860498AAF7C1F8BCF374EAC260907A6ADC3A0B77BBD6AFD,1246885600643276,1246885620653590,20010314,
atto,atto-serial,3B6A27BCCEB6A42D62A3A8D02A6F0D73653215771DE243A63AC048A18B59DA29,513,3B6A27BCCEB6A42D62A3A8D02A6F0D73653215771DE243A63AC048A18B59DA29,12696520973931BCA28F1F6EE394A7D1EDDF1D826B8AD84C32B8B36A05425EA2,1246885620660353,1246885636980133,16319780,
atto,atto-serial,3B6A27BCCEB6A42D62A3A8D02A6F0D73653215771DE243A63AC048A18B59DA29,514,3B6A27BCCEB6A42D62A3A8D02A6F0D73653215771DE243A63AC048A18B59DA29,AF31DEB32062819C6D4677171B3C75D30AF775AC210ACBB6B0EECECCB4F51487,1246885636987387,1246885649306723,12319336,
atto,atto-serial,3B6A27BCCEB6A42D62A3A8D02A6F0D73653215771DE243A63AC048A18B59DA29,515,3B6A27BCCEB6A42D62A3A8D02A6F0D73653215771DE243A63AC048A18B59DA29,EFD71DDAB03C33A4F3F352D5C2122928AC2DFE2806FCAF016CF1DD68A355E21D,1246885649312244,1246885662535100,13222856,
atto,atto-serial,3B6A27BCCEB6A42D62A3A8D02A6F0D73653215771DE243A63AC048A18B59DA29,516,3B6A27BCCEB6A42D62A3A8D02A6F0D73653215771DE243A63AC048A18B59DA29,5DAC017849DB6D575B46690E7B350C41DA3A23808097072BD72E82790D83A3B1,1246885662546512,1246885678535203,15988691,
atto,atto-serial,3B6A27BCCEB6A42D62A3A8D02A6F0D73653215771DE243A63AC048A18B59DA29,517,3B6A27BCCEB6A42D62A3A8D02A6F0D73653215771DE243A63AC048A18B59DA29,2BEC8F5D6EEB9820F9144D6096FEDFF0E492E1D4949BF4534942EF7FE4B8E32B,1246885678543028,1246885692743093,14200065,
atto,atto-serial,3B6A27BCCEB6A42D62A3A8D02A6F0D73653215771DE243A63AC048A18B59DA29,518,3B6A27BCCEB6A42D62A3A8D02A6F0D73653215771DE243A63AC048A18B59DA29,1E89214B83984E1B46B72DF3DA133B7FEDB140FA1B3BE48D7AC9741E7447E592,1246885692749294,1246885711128587,18379293,
atto,atto-serial,3B6A27BCCEB6A42D62A3A8D02A6F0D73653215771DE243A63AC048A18B59DA29,519,3B6A27BCCEB6A42D62A3A8D02A6F0D73653215771DE243A63AC048A18B59DA29,181D6D5285A5A4E454AD4D879A09E1CD4CCF52A666F036D452A2D4850859771B,1246885711134939,1246885730099036,18964097,
atto,atto-serial,3B6A27BCCEB6A42D62A3A8D02A6F0D73653215771DE243A63AC048A18B59DA29,520,3B6A27BCCEB6A42D62A3A8D02A6F0D73653215771DE243A63AC048A18B59DA29,C0660C05A8128269B580586EDA9531DD342A5FEC0E1F84A529F2E348DB2B8E81,1246885730105889,1246885743365945,13260056,
atto,atto-serial,3B6A27BCCEB6A42D62A3A8D02A6F0D73653215771DE243A63AC048A18B59DA29,521,3B6A27BCCEB6A42D62A3A8D02A6F0D73653215771DE243A63AC048A18B59DA29,35C8C93F01381B56AE73482722A486258BE20603DDEA1F63B16C7E46B343746B,1246885743371877,1246885762430681,19058804,
atto,atto-serial,3B6A27BCCEB6A42D62A3A8D02A6F0D73653215771DE243A63AC048A18B59DA29,522,3B6A27BCCEB6A42D62A3A8D02A6F0D73653215771DE243A63AC048A18B59DA29,5EF8DAAA3D83443251791B3EB961FCF56A725E6EE11AE571CF7FE4E93365D8B6,1246885762437975,1246885779013353,16575378,
atto,atto-serial,3B6A27BCCEB6A42D62A3A8D02A6F0D73653215771DE243A63AC048A18B59DA29,523,3B6A27BCCEB6A42D62A3A8D02A6F0D73653215771DE243A63AC048A18B59DA29,A1587F1AAA9E994743BF82B2C5BEB2DE875858D91F5833CEB8F9C858AA2549F5,1246885779019765,1246885792151421,13131656,
atto,atto-serial,3B6A27BCCEB6A42D62A3A8D02A6F0D73653215771DE243A63AC048A18B59DA29,524,3B6A27BCCEB6A42D62A3A8D02A6F0D73653215771DE243A63AC048A18B59DA29,B61A84176CD246ADFCD2745FA2110DB83568797A5321308934C0E82FFCB38073,1246885792157573,1246885804907826,12750253,
atto,atto-serial,3B6A27BCCEB6A42D62A3A8D02A6F0D73653215771DE243A63AC048A18B59DA29,525,3B6A27BCCEB6A42D62A3A8D02A6F0D73653215771DE243A63AC048A18B59DA29,4B19EDDF6312D2B4720CBB5F2B3102F9172E33575C75D499FDEEF5B2CCCC1814,1246885804913646,1246885818163083,13249437,
atto,atto-serial,3B6A27BCCEB6A42D62A3A8D02A6F0D73653215771DE243A63AC048A18B59DA29,526,3B6A27BCCEB6A42D62A3A8D02A6F0D73653215771DE243A63AC048A18B59DA29,F6D4490DB7D211E57ADA9EB38923D504EB6096B85BC20751E8EC7B7A7B77088F,1246885818171068,1246885830105745,11934677,
atto,atto-serial,3B6A27BCCEB6A42D62A3A8D02A6F0D73653215771DE243A63AC048A18B59DA29,527,3B6A27BCCEB6A42D62A3A8D02A6F0D73653215771DE243A63AC048A18B59DA29,07B53627E2441F7641196E0C5994B2D8BF32EFCC5280E29F512EE742514D5F40,1246885830111626,1246885843758917,13647291,
atto,atto-serial,3B6A27BCCEB6A42D62A3A8D02A6F0D73653215771DE243A63AC048A18B59DA29,528,3B6A27BCCEB6A42D62A3A8D02A6F0D73653215771DE243A63AC048A18B59DA29,4585ACDF8728023262367F5C1E6C8279DAB0C2DFBB6859B1530CA8FD40B2EF08,1246885843765239,1246885856401698,12636459,
atto,atto-serial,3B6A27BCCEB6A42D62A3A8D02A6F0D73653215771DE243A63AC048A18B59DA29,529,3B6A27BCCEB6A42D62A3A8D02A6F0D73653215771DE243A63AC048A18B59DA29,80FAFB6F79D298D6F8CBE8C35E409C20A58118188B78EAB5C9FD570FD044D01E,1246885856408070,1246885878044898,21636828,
atto,atto-serial,3B6A27BCCEB6A42D62A3A8D02A6F0D73653215771DE243A63AC048A18B59DA29,530,3B6A27BCCEB6A42D62A3A8D02A6F0D73653215771DE243A63AC048A18B59DA29,84F43B0AF0E51E19820912404410AE850CBF68E9F618E8D809DB65263FD55486,1246885878051370,1246885892094952,14043582,
atto,atto-serial,3B6A27BCCEB6A42D62A3A8D02A6F0D73653215771DE243A63AC048A18B59DA29,531,3B6A27BCCEB6A42D62A3A8D02A6F0D73653215771DE243A63AC048A18B59DA29,A8CB36785A796A3DB4A29D2F285DBA08FC2F24815F786D25C73896A2F7FA37C6,1246885892104800,1246885904978223,12873423,
atto,atto-serial,3B6A27BCCEB6A42D62A3A8D02A6F0D73653215771DE243A63AC048A18B59DA29,532,3B6A27BCCEB6A42D62A3A8D02A6F0D73653215771DE243A63AC048A18B59DA29,EF2B8150A48E0C8109A8DDE50B5CCDADFAFF3D8B1D24BF59AF6B028258C979F5,1246885904984525,1246885917926757,12942232,
atto,atto-serial,3B6A27BCCEB6A42D62A3A8D02A6F0D73653215771DE243A63AC048A18B59DA29,533,3B6A27BCCEB6A42D62A3A8D02A6F0D73653215771DE243A63AC048A18B59DA29,E84EF31E0F93CEB60898EC727082D561206E766785719A9CE64E683D29054E67,1246885917932287,1246885937451142,19518855,
atto,atto-serial,3B6A27BCCEB6A42D62A3A8D02A6F0D73653215771DE243A63AC048A18B59DA29,534,3B6A27BCCEB6A42D62A3A8D02A6F0D73653215771DE243A63AC048A18B59DA29,DC96F7BF89F9F0E87AD8E49BC92B25DC227F1C84AD7A28500B405D14B1B80443,1246885937459558,1246885952866100,15406542,
atto,atto-serial,3B6A27BCCEB6A42D62A3A8D02A6F0D73653215771DE243A63AC048A18B59DA29,535,3B6A27BCCEB6A42D62A3A8D02A6F0D73653215771DE243A63AC048A18B59DA29,8C413510352E9F3B9980CE9990A049AFEDAC48C369CFBC019DB0DEE8BE7E4F34,1246885952873424,1246885965949546,13076122,
atto,atto-serial,3B6A27BCCEB6A42D62A3A8D02A6F0D73653215771DE243A63AC048A18B59DA29,536,3B6A27BCCEB6A42D62A3A8D02A6F0D73653215771DE243A63AC048A18B59DA29,8ABBC60C261AFC7191A4548DCB76D9E64FFC9C4CAC7150E57FCCD690B5B66C10,1246885965955317,1246885981479579,15524262,
atto,atto-serial,3B6A27BCCEB6A42D62A3A8D02A6F0D73653215771DE243A63AC048A18B59DA29,537,3B6A27BCCEB6A42D62A3A8D02A6F0D73653215771DE243A63AC048A18B59DA29,5D9D7233AD9A58C5982B4551A605D1A0ED0E4C63C459A9CDA98A144F61645967,1246885981487383,1246886003402912,21915529,
atto,atto-serial,3B6A27BCCEB6A42D62A3A8D02A6F0D73653215771DE243A63AC048A18B59DA29,538,3B6A27BCCEB6A42D62A3A8D02A6F0D73653215771DE243A63AC048A18B59DA29,DECB85FEA7EB293333180B8C59A42D6BB4E12A94C7464AE60DC157760FF79751,1246886003408813,1246886015510603,12101790,
atto,atto-serial,3B6A27BCCEB6A42D62A3A8D02A6F0D73653215771DE243A63AC048A18B59DA29,539,3B6A27BCCEB6A42D62A3A8D02A6F0D73653215771DE243A63AC048A18B59DA29,3AC5F93660D4CDDDBC19BA8564BDB2E761793FCD1C0E9FC7CCF1CAEC463BB075,1246886015519119,1246886031619599,16100480,
atto,atto-serial,3B6A27BCCEB6A42D62A3A8D02A6F0D73653215771DE243A63AC048A18B59DA29,540,3B6A27BCCEB6A42D62A3A8D02A6F0D73653215771DE243A63AC048A18B59DA29,C72B9D090E3450C2D88D9A6349F453BB7E01EB00EA4071B90C68EFC0D57E19DA,1246886031625680,1246886044799535,13173855,
atto,atto-serial,3B6A27BCCEB6A42D62A3A8D02A6F0D73653215771DE243A63AC048A18B59DA29,541,3B6A27BCCEB6A42D62A3A8D02A6F0D73653215771DE243A63AC048A18B59DA29,CED6282555EC0C7ED9CF957D4D296CEBB0C50CD8247C5B66ABB292AAB3B276AE,1246886044805557,1246886057519982,12714425,
atto,atto-serial,3B6A27BCCEB6A42D62A3A8D02A6F0D73653215771DE243A63AC048A18B59DA29,542,3B6A27BCCEB6A42D62A3A8D02A6F0D73653215771DE243A63AC048A18B59DA29,F458EF35AA6EF855471D489E4918CF9015312C59575136DF67B49FC3447881AB,1246886057526565,1246886070932995,13406430,
atto,atto-serial,3B6A27BCCEB6A42D62A3A8D02A6F0D73653215771DE243A63AC048A18B59DA29,543,3B6A27BCCEB6A42D62A3A8D02A6F0D73653215771DE243A63AC048A18B59DA29,7FAFBA447185DFC06CC3290DD27ED527792BBCC1A0724EBEDB2F8882CA667C7B,1246886070939497,1246886083506336,12566839,
atto,atto-serial,3B6A27BCCEB6A42D62A3A8D02A6F0D73653215771DE243A63AC048A18B59DA29,544,3B6A27BCCEB6A42D62A3A8D02A6F0D73653215771DE243A63AC048A18B59DA29,14E63552C8B9DD879CA2EA2C69154AEF52E501358976810A16CD53F0FC8C0B08,1246886083513530,1246886095670272,12156742,
atto,atto-serial,3B6A27BCCEB6A42D62A3A8D02A6F0D73653215771DE243A63AC048A18B59DA29,545,3B6A27BCCEB6A42D62A3A8D02A6F0D73653215771DE243A63AC048A18B59DA29,988D94DD8BAB9852F72AEDF2F7D76D62020BB4F595BDD024C49402CD230CBAD7,1246886095676444,1246886109181899,13505455,
atto,atto-serial,3B6A27BCCEB6A42D62A3A8D02A6F0D73653215771DE243A63AC048A18B59DA29,546,3B6A27BCCEB6A42D62A3A8D02A6F0D73653215771DE243A63AC048A18B59DA29,6117930D5DCBF7122927DA35ABA6ECE401C851E647365F51920CEE60F545A471,1246886109187650,1246886125362088,16174438,
atto,atto-serial,3B6A27BCCEB6A42D62A3A8D02A6F0D73653215771DE243A63AC048A18B59DA29,547,3B6A27BCCEB6A42D62A3A8D02A6F0D73653215771DE243A63AC048A18B59DA29,9CB0C8FE1ACD6B7F1337F655B88883F4E90A451BBA62F97F48B13D8D09B362FD,1246886125369512,1246886138472735,13103223,
atto,atto-serial,3B6A27BCCEB6A42D62A3A8D02A6F0D73653215771DE243A63AC048A18B59DA29,548,3B6A27BCCEB6A42D62A3A8D02A6F0D73653215771DE243A63AC048A18B59DA29,F62231D2C472E2B87F58D9318A137F1EE9941907EA479A11821C383F1086FB1D,1246886138479799,1246886154323338,15843539,
atto,atto-serial,3B6A27BCCEB6A42D62A3A8D02A6F0D73653215771DE243A63AC048A18B59DA29,549,3B6A27BCCEB6A42D62A3A8D02A6F0D73653215771DE243A63AC048A18B59DA29,E7687D9C3779C426DB3BBC4BE2978BE10F0E961A5220D300D5F6EDA8AB776596,1246886154328708,1246886175417330,21088622,
atto,atto-serial,3B6A27BCCEB6A42D62A3A8D02A6F0D73653215771DE243A63AC048A18B59DA29,550,3B6A27BCCEB6A42D62A3A8D02A6F0D73653215771DE243A63AC048A18B59DA29,12053C83EBA540921D05883883429CA80DC05D0D690B249221B69BA609718059,1246886175423892,1246886198078243,22654351,
atto,atto-serial,3B6A27BCCEB6A42D62A3A8D02A6F0D73653215771DE243A63AC048A18B59DA29,551,3B6A27BCCEB6A42D62A3A8D02A6F0D73653215771DE243A63AC048A18B59DA29,F4049FBF038C1CD31E870BC034D45F2515FF7042C55FD286E3729FC8C147A8D2,1246886198085917,1246886214708213,16622296,
atto,atto-serial,3B6A27BCCEB6A42D62A3A8D02A6F0D73653215771DE243A63AC048A18B59DA29,552,3B6A27BCCEB6A42D62A3A8D02A6F0D73653215771DE243A63AC048A18B59DA29,1A691EDE3AC9DD8D8C5FAE8968F5918F7A59B9AB93C0C4A04DBB0BD6A818D0CD,1246886214717050,1246886232267633,17550583,
atto,atto-serial,3B6A27BCCEB6A42D62A3A8D02A6F0D73653215771DE243A63AC048A18B59DA29,553,3B6A27BCCEB6A42D62A3A8D02A6F0D73653215771DE243A63AC048A18B59DA29,287D8C5B681CAB4EC6AF62D920135CDE94C215E229C37309513B54AB6E1479FF,1246886232272512,1246886253231171,20958659,
atto,atto-serial,3B6A27BCCEB6A42D62A3A8D02A6F0D73653215771DE243A63AC048A18B59DA29,554,3B6A27BCCEB6A42D62A3A8D02A6F0D73653215771DE243A63AC048A18B59DA29,D489A0CA1B674DBCB775A2265539A52629C8C717061F9E8F98BA7C7297F9F49A,1246886253238234,1246886271820387,18582153,
atto,atto-serial,3B6A27BCCEB6A42D62A3A8D02A6F0D73653215771DE243A63AC048A18B59DA29,555,3B6A27BCCEB6A42D62A3A8D02A6F0D73653215771DE243A63AC048A18B59DA29,60E385D4DB783A111496FA9BBD268558CDBE91E8F3EDC022D611D0F12A57494B,1246886271826969,1246886285433774,13606805,
atto,atto-serial,3B6A27BCCEB6A42D62A3A8D02A6F0D73653215771DE243A63AC048A18B59DA29,556,3B6A27BCCEB6A42D62A3A8D02A6F0D73653215771DE243A63AC048A18B59DA29,7842363290DB7609AE6F4E4CFB007A9767D678FC2D741CC499D67AA7692B8431,1246886285440747,1246886298538089,13097342,
atto,atto-serial,3B6A27BCCEB6A42D62A3A8D02A6F0D73653215771DE243A63AC048A18B59DA29,557,3B6A27BCCEB6A42D62A3A8D02A6F0D73653215771DE243A63AC048A18B59DA29,37E734323B2333D3A51BD7F844427DCD5CE75B315754ECB9AE8C77E5296A83AF,1246886298544521,1246886314307530,15763009,
atto,atto-serial,3B6A27BCCEB6A42D62A3A8D02A6F0D73653215771DE243A63AC048A18B59DA29,558,3B6A27BCCEB6A42D62A3A8D02A6F0D73653215771DE243A63AC048A18B59DA29,1AF83D9661ED9306C9FA646E33AD10B16907D3A6E7A0393B0E78335EA7003E1E,1246886314315024,1246886334119072,19804048,
atto,atto-serial,3B6A27BCCEB6A42D62A3A8D02A6F0D73653215771DE243A63AC048A18B59DA29,559,3B6A27BCCEB6A42D62A3A8D02A6F0D73653215771DE243A63AC048A18B59DA29,995D3E9B574D2DF7D866624898A54D0BBE47C46A75AF3DAFF2EEAC052F196D42,1246886334125755,1246886351907460,17781705,
atto,atto-serial,3B6A27BCCEB6A42D62A3A8D02A6F0D73653215771DE243A63AC048A18B59DA29,560,3B6A27BCCEB6A42D62A3A8D02A6F0D73653215771DE243A63AC048A18B59DA29,61A3C278641F0E215A0B42D2EC9DF0A142AF7C4911AFAE45FAFA36CFAA299CCC,1246886351914153,1246886368035552,16121399,
atto,atto-serial,3B6A27BCCEB6A42D62A3A8D02A6F0D73653215771DE243A63AC048A18B59DA29,561,3B6A27BCCEB6A42D62A3A8D02A6F0D73653215771DE243A63AC048A18B59DA29,6FA2F5EC5F6C8C7493A7D83A06AFB9CEB9740762323A5593F1A9C70E89F4CEDA,1246886368041583,1246886379812784,11771201,
atto,atto-serial,3B6A27BCCEB6A42D62A3A8D02A6F0D73653215771DE243A63AC048A18B59DA29,562,3B6A27BCCEB6A42D62A3A8D02A6F0D73653215771DE243A63AC048A18B59DA29,396ED78D1D419A2970FF90C463CE93E4DD7C9BCD3BF2CBF94CB1F2C9401762C3,1246886379818154,1246886393211971,13393817,
atto,atto-serial,3B6A27BCCEB6A42D62A3A8D02A6F0D73653215771DE243A63AC048A18B59DA29,563,3B6A27BCCEB6A42D62A3A8D02A6F0D73653215771DE243A63AC048A18B59DA29,75F3D2725B5ACBA2E96F8982B306695BCB54BA7DF033AA3879749F8B7153B78C,1246886393218052,1246886406457981,13239929,
atto,atto-serial,3B6A27BCCEB6A42D62A3A8D02A6F0D73653215771DE243A63AC048A18B59DA29,564,3B6A27BCCEB6A42D62A3A8D02A6F0D73653215771DE243A63AC048A18B59DA29,235C8697D7EEA17C41AF3BD2F7E846A68CB688EC1968D338285ED5D91C76D88C,1246886406466277,1246886422095104,15628827,
atto,atto-serial,3B6A27BCCEB6A42D62A3A8D02A6F0D73653215771DE243A63AC048A18B59DA29,565,3B6A27BCCEB6A42D62A3A8D02A6F0D73653215771DE243A63AC048A18B59DA29,CA2A080A1B0DEE9F3AF4DE02128305C886FCD23EDDBFE511B02584B1A5AA3423,1246886422101717,1246886440286536,18184819,
atto,atto-serial,3B6A27BCCEB6A42D62A3A8D02A6F0D73653215771DE243A63AC048A18B59DA29,566,3B6A27BCCEB6A42D62A3A8D02A6F0D73653215771DE243A63AC048A18B59DA29,E50ADC5A864EFEB96B709040469601645023391123897DEB714982DE710CA0B7,1246886440293199,1246886458907011,18613812,
atto,atto-serial,3B6A27BCCEB6A42D62A3A8D02A6F0D73653215771DE243A63AC048A18B59DA29,567,3B6A27BCCEB6A42D62A3A8D02A6F0D73653215771DE243A63AC048A18B59DA29,E2975FB3B053A6ECF9B970A3114DC27D1045D8C92745A191277DBB50CBE6CE84,1246886458915086,1246886471825628,12910542,
atto,atto-serial,3B6A27BCCEB6A42D62A3A8D02A6F0D73653215771DE243A63AC048A18B59DA29,568,3B6A27BCCEB6A42D62A3A8D02A6F0D73653215771DE243A63AC048A18B59DA29,8ED9D3B3A4ECBFBDDF2AC75347D452E986692663BEAE457DE727EBCF6C2C4F63,1246886471832672,1246886484973846,13141174,
atto,atto-serial,3B6A27BCCEB6A42D62A3A8D02A6F0D73653215771DE243A63AC048A18B59DA29,569,3B6A27BCCEB6A42D62A3A8D02A6F0D73653215771DE243A63AC048A18B59DA29,2A075F0BE50806DBB78DB1EE0D1190D9799DB1E9671C925E5841545A40197FE3,1246886484980147,1246886498237449,13257302,
atto,atto-serial,3B6A27BCCEB6A42D62A3A8D02A6F0D73653215771DE243A63AC048A18B59DA29,570,3B6A27BCCEB6A42D62A3A8D02A6F0D73653215771DE243A63AC048A18B59DA29,E9CEB4DEBB57317661E17E3BCF734420E84F260752F621791A1232C4EB6DC13C,1246886498244211,1246886511563488,13319277,
atto,atto-serial,3B6A27BCCEB6A42D62A3A8D02A6F0D73653215771DE243A63AC048A18B59DA29,571,3B6A27BCCEB6A42D62A3A8D02A6F0D73653215771DE243A63AC048A18B59DA29,841B0DD35110CCCA4B6C83A2061C49EB340166E5EB546EC412B7D510952A6FBD,1246886511570251,1246886524948398,13378147,
atto,atto-serial,3B6A27BCCEB6A42D62A3A8D02A6F0D73653215771DE243A63AC048A18B59DA29,572,3B6A27BCCEB6A42D62A3A8D02A6F0D73653215771DE243A63AC048A18B59DA29,D03BF2ECA2031A267278104E4CACDB47B089DE30E3ECAB73652D93587FE2F440,1246886524955561,1246886537595007,12639446,
atto,atto-serial,3B6A27BCCEB6A42D62A3A8D02A6F0D73653215771DE243A63AC048A18B59DA29,573,3B6A27BCCEB6A42D62A3A8D02A6F0D73653215771DE243A63AC048A18B59DA29,FF7B2123B767E9BDEFE2F5ECC3D3CE04886DDD220B1FB419707991DD1E6CD4D4,1246886537602651,1246886550350670,12748019,
atto,atto-serial,3B6A27BCCEB6A42D62A3A8D02A6F0D73653215771DE243A63AC048A18B59DA29,574,3B6A27BCCEB6A42D62A3A8D02A6F0D73653215771DE243A63AC048A18B59DA29,43CBFAAFD2AAA13D270A70D2B6870AD331263AFC851DD8DA865F64C856897CC2,1246886550357633,1246886563987721,13630088,
atto,atto-serial,3B6A27BCCEB6A42D62A3A8D02A6F0D73653215771DE243A63AC048A18B59DA29,575,3B6A27BCCEB6A42D62A3A8D02A6F0D73653215771DE243A63AC048A18B59DA29,C28092F5FF09B015728B72B67EF02186B8CBE1BD325EF76F498930B735D36218,1246886563994544,1246886576718417,12723873,
atto,atto-serial,3B6A27BCCEB6A42D62A3A8D02A6F0D73653215771DE243A63AC048A18B59DA29,576,3B6A27BCCEB6A42D62A3A8D02A6F0D73653215771DE243A63AC048A18B59DA29,9CFB8B48000B3B6CF0192C08B27F3A8C53EBD6DBE212F8C8F1E5F195D01B3D7C,1246886576723798,1246886589787887,13064089,
atto,atto-serial,3B6A27BCCEB6A42D62A3A8D02A6F0D73653215771DE243A63AC048A18B59DA29,577,3B6A27BCCEB6A42D62A3A8D02A6F0D73653215771DE243A63AC048A18B59DA29,48AB6267CD2451D0B8AB517D457293A75065B46C821658385013528FBD82FE03,1246886589795321,1246886602522250,12726929,
atto,atto-serial,3B6A27BCCEB6A42D62A3A8D02A6F0D73653215771DE243A63AC048A18B59DA29,578,3B6A27BCCEB6A42D62A3A8D02A6F0D73653215771DE243A63AC048A18B59DA29,4FB19B11651E72E51602BA5BE6E6DB1D74135A1728F817952DA9D86D30B96C66,1246886602529183,1246886615720792,13191609,
atto,atto-serial,3B6A27BCCEB6A42D62A3A8D02A6F0D73653215771DE243A63AC048A18B59DA29,579,3B6A27BCCEB6A42D62A3A8D02A6F0D73653215771DE243A63AC048A18B59DA29,91AE588500A3FE3CAC6751E10FFA8CF2EFBBA64DB511E730326F8FB9C3734E86,1246886615728125,1246886629057631,13329506,
atto,atto-serial,3B6A27BCCEB6A42D62A3A8D02A6F0D73653215771DE243A63AC048A18B59DA29,580,3B6A27BCCEB6A42D62A3A8D02A6F0D73653215771DE243A63AC048A18B59DA29,3CA0463D3A9A664DF6DC985D0290891875EA97A60DAD336CD8BA3D2EA1F4D812,1246886629064684,1246886645096065,16031381,
atto,atto-serial,3B6A27BCCEB6A42D62A3A8D02A6F0D73653215771DE243A63AC048A18B59DA29,581,3B6A27BCCEB6A42D62A3A8D02A6F0D73653215771DE243A63AC048A18B59DA29,88662B3AAF6BB1B6540539FC9812B1BCE69274FF7C4A48B142BF978DF79CBE8A,1246886645102467,1246886665030408,19927941,
atto,atto-serial,3B6A27BCCEB6A42D62A3A8D02A6F0D73653215771DE243A63AC048A18B59DA29,582,3B6A27BCCEB6A42D62A3A8D02A6F0D73653215771DE243A63AC048A18B59DA29,D903FB050CD9A64E3189161BAD2BE05E4EAC79B0F8FE160C959E254DC073AC1C,1246886665037080,1246886677699849,12662769,
atto,atto-serial,3B6A27BCCEB6A42D62A3A8D02A6F0D73653215771DE243A63AC048A18B59DA29,583,3B6A27BCCEB6A42D62A3A8D02A6F0D73653215771DE243A63AC048A18B59DA29,9ADA2E9F6B36A649AB0D008EB3E8D2B95F5CB9E26F8BBB3A785D124C90179F56,1246886677706091,1246886691261139,13555048,
atto,atto-serial,3B6A27BCCEB6A42D62A3A8D02A6F0D73653215771DE243A63AC048A18B59DA29,584,3B6A27BCCEB6A42D62A3A8D02A6F0D73653215771DE243A63AC048A18B59DA29,B5A4E3F6E49530A265AF9A73026B7DCBCDF311302028B988628D88AA86DC6259,1246886691268553,1246886705782866,14514313,
atto,atto-serial,3B6A27BCCEB6A42D62A3A8D02A6F0D73653215771DE243A63AC048A18B59DA29,585,3B6A27BCCEB6A42D62A3A8D02A6F0D73653215771DE243A63AC048A18B59DA29,C69D9A55EE596C299C6AEEAD5B95AF29126846451144B11E15467CBCFFDAE003,1246886705790029,1246886727186858,21396829,
atto,atto-serial,3B6A27BCCEB6A42D62A3A8D02A6F0D73653215771DE243A63AC048A18B59DA29,586,3B6A27BCCEB6A42D62A3A8D02A6F0D73653215771DE243A63AC048A18B59DA29,5D6342525B7FE403479F4D7F95EADA1B7EFBBBD049531F97A5BB9CDF7FE037ED,1246886727193580,1246886749253208,22059628,
atto,atto-serial,3B6A27BCCEB6A42D62A3A8D02A6F0D73653215771DE243A63AC048A18B59DA29,587,3B6A27BCCEB6A42D62A3A8D02A6F0D73653215771DE243A63AC048A18B59DA29,F8E156C9E146B932C92840C0A99BCC8E6E149B5B5BA1A0AC8340E84BE095B705,1246886749260833,1246886771576299,22315466,
atto,atto-serial,3B6A27BCCEB6A42D62A3A8D02A6F0D73653215771DE243A63AC048A18B59DA29,588,3B6A27BCCEB6A42D62A3A8D02A6F0D73653215771DE243A63AC048A18B59DA29,AD54497929F2488B29B88988A414E5E60C6B115607A26CA1FC95535DE3D9D583,1246886771583713,1246886785605795,14022082,
atto,atto-serial,3B6A27BCCEB6A42D62A3A8D02A6F0D73653215771DE243A63AC048A18B59DA29,589,3B6A27BCCEB6A42D62A3A8D02A6F0D73653215771DE243A63AC048A18B59DA29,B505F10B93BE55FD162418BB69558CB1CDD1D7D0BF006AAB948F4736EFF29C6A,1246886785613109,1246886802045600,16432491,
atto,atto-serial,3B6A27BCCEB6A42D62A3A8D02A6F0D73653215771DE243A63AC048A18B59DA29,590,3B6A27BCCEB6A42D62A3A8D02A6F0D73653215771DE243A63AC048A18B59DA29,79EFA05B7C084B5C8E3CAFB3EC40E2470912C4A3AE33E780493749F1D2CCF62B,1246886802053355,1246886820917235,18863880,
atto,atto-serial,3B6A27BCCEB6A42D62A3A8D02A6F0D73653215771DE243A63AC048A18B59DA29,591,3B6A27BCCEB6A42D62A3A8D02A6F0D73653215771DE243A63AC048A18B59DA29,3EFAA684E56E574787E7E69CBC3697E3207C2E566C4E988421B6E3C027C67221,1246886820922795,1246886833936541,13013746,
atto,atto-serial,3B6A27BCCEB6A42D62A3A8D02A6F0D73653215771DE243A63AC048A18B59DA29,592,3B6A27BCCEB6A42D62A3A8D02A6F0D73653215771DE243A63AC048A18B59DA29,E9134C9CDCEE15C4A45E3975AC8BEBE39C8F33BCBC668FD5D1A4FFA8B2B7B87A,1246886833941470,1246886845695789,11754319,
atto,atto-serial,3B6A27BCCEB6A42D62A3A8D02A6F0D73653215771DE243A63AC048A18B59DA29,593,3B6A27BCCEB6A42D62A3A8D02A6F0D73653215771DE243A63AC048A18B59DA29,F92DB26217CD57F34BA5422E389E32B2DEE939DF2F1471432132640E88B15BFA,1246886845702562,1246886860240399,14537837,
atto,atto-serial,3B6A27BCCEB6A42D62A3A8D02A6F0D73653215771DE243A63AC048A18B59DA29,594,3B6A27BCCEB6A42D62A3A8D02A6F0D73653215771DE243A63AC048A18B59DA29,967D2338B0C513C164C748079911225C1A66EC7947DDEA91AA858254C1623428,1246886860245839,1246886873201225,12955386,
atto,atto-serial,3B6A27BCCEB6A42D62A3A8D02A6F0D73653215771DE243A63AC048A18B59DA29,595,3B6A27BCCEB6A42D62A3A8D02A6F0D73653215771DE243A63AC048A18B59DA29,D414ECAB54C08FD3ADDFB4C1BD5530F829C5E30ED59C65B8FCEA65F4078FE231,1246886873208088,1246886885690560,12482472,
atto,atto-serial,3B6A27BCCEB6A42D62A3A8D02A6F0D73653215771DE243A63AC048A18B59DA29,596,3B6A27BCCEB6A42D62A3A8D02A6F0D73653215771DE243A63AC048A18B59DA29,9B521181EBDABFE4A613F34CCCBD2697C9FC78B83FDC12F0A00D1CFCB7ED1D06,1246886885696882,1246886906390765,20693883,
atto,atto-serial,3B6A27BCCEB6A42D62A3A8D02A6F0D73653215771DE243A63AC048A18B59DA29,597,3B6A27BCCEB6A42D62A3A8D02A6F0D73653215771DE243A63AC048A18B59DA29,C4531A2BF900147B134084120C2941745E7C1A45025FF88F31AD8A65576663D6,1246886906395925,1246886924679609,18283684,
atto,atto-serial,3B6A27BCCEB6A42D62A3A8D02A6F0D73653215771DE243A63AC048A18B59DA29,598,3B6A27BCCEB6A42D62A3A8D02A6F0D73653215771DE243A63AC048A18B59DA29,E1FBE14127FD82093FAB786F689DAB7141FA90931E22C4D687EF10D7766DBE84,1246886924686652,1246886938084045,13397393,
atto,atto-serial,3B6A27BCCEB6A42D62A3A8D02A6F0D73653215771DE243A63AC048A18B59DA29,599,3B6A27BCCEB6A42D62A3A8D02A6F0D73653215771DE243A63AC048A18B59DA29,9B50F5F622A8984D255B8498D3BAAE6584D8D7ACCF985BDA8DF07BCEF7091517,1246886938089756,1246886958249901,20160145,
atto,atto-serial,3B6A27BCCEB6A42D62A3A8D02A6F0D73653215771DE243A63AC048A18B59DA29,600,3B6A27BCCEB6A42D62A3A8D02A6F0D73653215771DE243A63AC048A18B59DA29,C6DBAF634FEF49E8EE15C5252FF531D392CB6B2AD51E78EBC5DB69685481EAA1,1246886958256403,1246886972413027,14156624,
atto,atto-serial,3B6A27BCCEB6A42D62A3A8D02A6F0D73653215771DE243A63AC048A18B59DA29,601,3B6A27BCCEB6A42D62A3A8D02A6F0D73653215771DE243A63AC048A18B59DA29,959F4EBB0A481B455229AD40BE9F062F71440600A7BC9EA38B5B7E008A55B77C,1246886972420220,1246886990783484,18363264,
atto,atto-serial,3B6A27BCCEB6A42D62A3A8D02A6F0D73653215771DE243A63AC048A18B59DA29,602,3B6A27BCCEB6A42D62A3A8D02A6F0D73653215771DE243A63AC048A18B59DA29,1039520AEAA0997BAA419680D750FF6544F75DFC220C25ACA68821C761B72BBD,1246886990790236,1246887007637273,16847037,
atto,atto-serial,3B6A27BCCEB6A42D62A3A8D02A6F0D73653215771DE243A63AC048A18B59DA29,603,3B6A27BCCEB6A42D62A3A8D02A6F0D73653215771DE243A63AC048A18B59DA29,F593BB39EC2433577ED1A87CEA2BC9DB9365EE354F42C566E51B7F2FE6873EA8,1246887007644156,1246887024858419,17214263,
atto,atto-serial,3B6A27BCCEB6A42D62A3A8D02A6F0D73653215771DE243A63AC048A18B59DA29,604,3B6A27BCCEB6A42D62A3A8D02A6F0D73653215771DE243A63AC048A18B59DA29,BCA7FE8FA96742DC67326E6DB736CFD6C397BF54FFC7F9D2238B31AEE9C62F73,1246887024865964,1246887042621640,17755676,
atto,atto-serial,3B6A27BCCEB6A42D62A3A8D02A6F0D73653215771DE243A63AC048A18B59DA29,605,3B6A27BCCEB6A42D62A3A8D02A6F0D73653215771DE243A63AC048A18B59DA29,61E0AC23E5B067F39E9061485A3C0D8905D706D03FD06128A196FD0DEE96030F,1246887042628854,1246887062257655,19628801,
atto,atto-serial,3B6A27BCCEB6A42D62A3A8D02A6F0D73653215771DE243A63AC048A18B59DA29,606,3B6A27BCCEB6A42D62A3A8D02A6F0D73653215771DE243A63AC048A18B59DA29,C5DC70951A4C95F81FCC0E2794744A96F6A7A2AB9EA149ACEB5A49D7E2AC8561,1246887062264668,1246887080280441,18015773,
atto,atto-serial,3B6A27BCCEB6A42D62A3A8D02A6F0D73653215771DE243A63AC048A18B59DA29,607,3B6A27BCCEB6A42D62A3A8D02A6F0D73653215771DE243A63AC048A18B59DA29,C46D6B9345BD18E19D093A03BBBD09D788DEFF9004B851C7F77D26A898F6719B,1246887080286662,1246887098582820,18296158,
atto,atto-serial,3B6A27BCCEB6A42D62A3A8D02A6F0D73653215771DE243A63AC048A18B59DA29,608,3B6A27BCCEB6A42D62A3A8D02A6F0D73653215771DE243A63AC048A18B59DA29,64D7D452B0240A1744B93AFFEF971F46D5C1F7E3898AE8F42E92C2F07132EFA9,1246887098589242,1246887121961576,23372334,
atto,atto-serial,3B6A27BCCEB6A42D62A3A8D02A6F0D73653215771DE243A63AC048A18B59DA29,609,3B6A27BCCEB6A42D62A3A8D02A6F0D73653215771DE243A63AC048A18B59DA29,A65B59DF6B4C934C15635AEAC718A05AB7383B09582E525A62D02167E855B2AF,1246887121967878,1246887138089247,16121369,
atto,atto-serial,3B6A27BCCEB6A42D62A3A8D02A6F0D73653215771DE243A63AC048A18B59DA29,610,3B6A27BCCEB6A42D62A3A8D02A6F0D73653215771DE243A63AC048A18B59DA29,5F9EF1883042A018E34F04E6E8AD7E2517B078D9117D40F91F092BED8CDFCBF0,1246887138099055,1246887150360453,12261398,
atto,atto-serial,3B6A27BCCEB6A42D62A3A8D02A6F0D73653215771DE243A63AC048A18B59DA29,611,3B6A27BCCEB6A42D62A3A8D02A6F0D73653215771DE243A63AC048A18B59DA29,EA6C0034BB4046DAFC6A41F0357AA0AEE1A1760B12A5B483B9C3B5AB04FFD4D8,1246887150366895,1246887168544682,18177787,
atto,atto-serial,3B6A27BCCEB6A42D62A3A8D02A6F0D73653215771DE243A63AC048A18B59DA29,612,3B6A27BCCEB6A42D62A3A8D02A6F0D73653215771DE243A63AC048A18B59DA29,77760D80361F7809B72849BDF9F8217A8917089D44CD7D2EBAC4FD9AB25E130D,1246887168551655,1246887182549932,13998277,
atto,atto-serial,3B6A27BCCEB6A42D62A3A8D02A6F0D73653215771DE243A63AC048A18B59DA29,613,3B6A27BCCEB6A42D62A3A8D02A6F0D73653215771DE243A63AC048A18B59DA29,047861A7F29C8EC75296AC7CBD50996433E302A0D5640B0C74C7C7F54AB7B25C,1246887182557316,1246887201043359,18486043,
atto,atto-serial,3B6A27BCCEB6A42D62A3A8D02A6F0D73653215771DE243A63AC048A18B59DA29,614,3B6A27BCCEB6A42D62A3A8D02A6F0D73653215771DE243A63AC048A18B59DA29,FEDC29D6F9F6D66268FDD1977A81BE8C467AE16486A652E9F641B0147E7F8735,1246887201050563,1246887213308745,12258182,
atto,atto-serial,3B6A27BCCEB6A42D62A3A8D02A6F0D73653215771DE243A63AC048A18B59DA29,615,3B6A27BCCEB6A42D62A3A8D02A6F0D73653215771DE243A63AC048A18B59DA29,01C6D0F2D006595BCC7CAEB068A335812F98C664C1230B896AD42F26196C3D3B,1246887213315217,1246887229111047,15795830,
atto,atto-serial,3B6A27BCCEB6A42D62A3A8D02A6F0D73653215771DE243A63AC048A18B59DA29,616,3B6A27BCCEB6A42D62A3A8D02A6F0D73653215771DE243A63AC048A18B59DA29,22A8525E19521B8AA86A3A46FD77658B1FB2FD8C481571573FF0019CB8E99256,1246887229118341,1246887247083359,17965018,
atto,atto-serial,3B6A27BCCEB6A42D62A3A8D02A6F0D73653215771DE243A63AC048A18B59DA29,617,3B6A27BCCEB6A42D62A3A8D02A6F0D73653215771DE243A63AC048A18B59DA29,F35D810F1CF20C1BA4E154C547B075A7D4895F4879AE6E782C5C8F4D5009B727,1246887247093237,1246887262450958,15357721,
atto,atto-serial,3B6A27BCCEB6A42D62A3A8D02A6F0D73653215771DE243A63AC048A18B59DA29,618,3B6A27BCCEB6A42D62A3A8D02A6F0D73653215771DE243A63AC048A18B59DA29,85F2A0073EEBF664C9289C40B4FE1746D548A3FFB0C5C54FEF0BA5731AE514D2,1246887262457731,1246887281255547,18797816,
atto,atto-serial,3B6A27BCCEB6A42D62A3A8D02A6F0D73653215771DE243A63AC048A18B59DA29,619,3B6A27BCCEB6A42D62A3A8D02A6F0D73653215771DE243A63AC048A18B59DA29,D5E3C5C5D1B95822BA6147B3BA60553BD0A314A756DB23AAC09DF4FBF0D77A04,1246887281262580,1246887299687949,18425369,
atto,atto-serial,3B6A27BCCEB6A42D62A3A8D02A6F0D73653215771DE243A63AC048A18B59DA29,620,3B6A27BCCEB6A42D62A3A8D02A6F0D73653215771DE243A63AC048A18B59DA29,6232562A0DB908634D05481850C488D42C8B916970DCC85353826DF412E26D7D,1246887299694131,1246887321981686,22287555,
atto,atto-serial,3B6A27BCCEB6A42D62A3A8D02A6F0D73653215771DE243A63AC048A18B59DA29,621,3B6A27BCCEB6A42D62A3A8D02A6F0D73653215771DE243A63AC048A18B59DA29,32CA58B34EC72C364729DD5122D63B7312B5D6AF3F5EC03FFA700C1839B428E0,1246887321987957,1246887338416221,16428264,
atto,atto-serial,3B6A27BCCEB6A42D62A3A8D02A6F0D73653215771DE243A63AC048A18B59DA29,622,3B6A27BCCEB6A42D62A3A8D02A6F0D73653215771DE243A63AC048A18B59DA29,205EDBFDC141C4CB51CE3EFAD669A9B8D67249008174E2EE029AAF65A0A380D1,1246887338423094,1246887352210126,13787032,
atto,atto-serial,3B6A27BCCEB6A42D62A3A8D02A6F0D73653215771DE243A63AC048A18B59DA29,623,3B6A27BCCEB6A42D62A3A8D02A6F0D73653215771DE243A63AC048A18B59DA29,8A38181A10D9EE677409315479B50F79A04C2ED536CFED5D597D8A7286D361BD,1246887352217179,1246887370341816,18124637,
atto,atto-serial,3B6A27BCCEB6A42D62A3A8D02A6F0D73653215771DE243A63AC048A18B59DA29,624,3B6A27BCCEB6A42D62A3A8D02A6F0D73653215771DE243A63AC048A18B59DA29,0E63A6844C282730E93B77B35E4FC08D596CFAA06669ED6D9525E2DDD19CE4CD,1246887370349630,1246887389297688,18948058,
atto,atto-serial,3B6A27BCCEB6A42D62A3A8D02A6F0D73653215771DE243A63AC048A18B59DA29,625,3B6A27BCCEB6A42D62A3A8D02A6F0D73653215771DE243A63AC048A18B59DA29,8F1784ECFE30DB1FD6C172A59A3861898F3A7BDD50E2C1CAB9387481103239E3,1246887389304861,1246887410515661,21210800,
atto,atto-serial,3B6A27BCCEB6A42D62A3A8D02A6F0D73653215771DE243A63AC048A18B59DA29,626,3B6A27BCCEB6A42D62A3A8D02A6F0D73653215771DE243A63AC048A18B59DA29,740A81A189EFDBB2478C651EE477F406CD83A24BE42452BEE28AA9354DDF097C,1246887410522243,1246887429310572,18788329,
atto,atto-serial,3B6A27BCCEB6A42D62A3A8D02A6F0D73653215771DE243A63AC048A18B59DA29,627,3B6A27BCCEB6A42D62A3A8D02A6F0D73653215771DE243A63AC048A18B59DA29,8CAFE266C1FAB5CC02DDDE8C01B99718F66336F3E479B3250BF11A3F5FE63BC2,1246887429317836,1246887444262864,14945028,
atto,atto-serial,3B6A27BCCEB6A42D62A3A8D02A6F0D73653215771DE243A63AC048A18B59DA29,628,3B6A27BCCEB6A42D62A3A8D02A6F0D73653215771DE243A63AC048A18B59DA29,06A91B364A8227528279D6898BC65D04968C82B9435CAD3A130F0DB747179762,1246887444269507,1246887460559271,16289764,
atto,atto-serial,3B6A27BCCEB6A42D62A3A8D02A6F0D73653215771DE243A63AC048A18B59DA29,629,3B6A27BCCEB6A42D62A3A8D02A6F0D73653215771DE243A63AC048A18B59DA29,5BD8B6CD1A15F86AFB2EBAFB1D6045F5E9F9ABBD2806594ED0C130A0589657E3,1246887460569510,1246887477091529,16522019,
atto,atto-serial,3B6A27BCCEB6A42D62A3A8D02A6F0D73653215771DE243A63AC048A18B59DA29,630,3B6A27BCCEB6A42D62A3A8D02A6F0D73653215771DE243A63AC048A18B59DA29,BE03A85CD644E92B720A044E474C6689146EE19B88F1EC202CCE43D98A492BDA,1246887477098101,1246887493497280,16399179,
atto,atto-serial,3B6A27BCCEB6A42D62A3A8D02A6F0D73653215771DE243A63AC048A18B59DA29,631,3B6A27BCCEB6A42D62A3A8D02A6F0D73653215771DE243A63AC048A18B59DA29,2622E3A147D68331DB294364CFFEBAB9D7E1539E4F64EED46CA2D4043481E6B1,1246887493505655,1246887506860239,13354584,
atto,atto-serial,3B6A27BCCEB6A42D62A3A8D02A6F0D73653215771DE243A63AC048A18B59DA29,632,3B6A27BCCEB6A42D62A3A8D02A6F0D73653215771DE243A63AC048A18B59DA29,E6B7191D9A729AD79C8DC70E07D22B50EB06DE62D87E08E86642D61C3EF72A2E,1246887506866070,1246887519756995,12890925,
atto,atto-serial,3B6A27BCCEB6A42D62A3A8D02A6F0D73653215771DE243A63AC048A18B59DA29,633,3B6A27BCCEB6A42D62A3A8D02A6F0D73653215771DE243A63AC048A18B59DA29,8A6F83BB31C9DFA160B73699049E508BD16C015B7B25E03F88B25F2FFCC39400,1246887519763498,1246887533908750,14145252,
atto,atto-serial,3B6A27BCCEB6A42D62A3A8D02A6F0D73653215771DE243A63AC048A18B59DA29,634,3B6A27BCCEB6A42D62A3A8D02A6F0D73653215771DE243A63AC048A18B59DA29,A99CF9E30D0E08851A5278046CC48E60519BDF886D1556484EF5D9E06B4C0C6C,1246887533914190,1246887545947181,12032991,
atto,atto-serial,3B6A27BCCEB6A42D62A3A8D02A6F0D73653215771DE243A63AC048A18B59DA29,635,3B6A27BCCEB6A42D62A3A8D02A6F0D73653215771DE243A63AC048A18B59DA29,3C3669F608C03589D313EC15C51B37CB52DF7CC7E66DFC5EAA808EE3B16DA3CB,1246887545953814,1246887561220584,15266770,
atto,atto-serial,3B6A27BCCEB6A42D62A3A8D02A6F0D73653215771DE243A63AC048A18B59DA29,636,3B6A27BCCEB6A42D62A3A8D02A6F0D73653215771DE243A63AC048A18B59DA29,3C28B41A8959578126641012D41200DBE975EF66D183604CE747B20F60DB04FB,1246887561227116,1246887576974786,15747670,
atto,atto-serial,3B6A27BCCEB6A42D62A3A8D02A6F0D73653215771DE243A63AC048A18B59DA29,637,3B6A27BCCEB6A42D62A3A8D02A6F0D73653215771DE243A63AC048A18B59DA29,6F2FEB7A2EAEE629E2561B96AEC60A2FA59BB63C282BC1286671B95E44DBD428,1246887576981669,1246887592340532,15358863,
atto,atto-serial,3B6A27BCCEB6A42D62A3A8D02A6F0D73653215771DE243A63AC048A18B59DA29,638,3B6A27BCCEB6A42D62A3A8D02A6F0D73653215771DE243A63AC048A18B59DA29,C1B61697967F738382C149D64D4F941B6925702CFC60AB688D0424A3BCAB1D5D,1246887592346944,1246887608378014,16031070,
atto,atto-serial,3B6A27BCCEB6A42D62A3A8D02A6F0D73653215771DE243A63AC048A18B59DA29,639,3B6A27BCCEB6A42D62A3A8D02A6F0D73653215771DE243A63AC048A18B59DA29,B8EE6341E4AB3B1711FA521DD200507B74EDA48841D79D13482075E056F89121,1246887608383535,1246887621748788,13365253,
atto,atto-serial,3B6A27BCCEB6A42D62A3A8D02A6F0D73653215771DE243A63AC048A18B59DA29,640,3B6A27BCCEB6A42D62A3A8D02A6F0D73653215771DE243A63AC048A18B59DA29,FC760E4F32BED226E07038147D5EE5F79835E93A7B9F7095AE6DF81738FF9A75,1246887621754979,1246887639846915,18091936,
atto,atto-serial,3B6A27BCCEB6A42D62A3A8D02A6F0D73653215771DE243A63AC048A18B59DA29,641,3B6A27BCCEB6A42D62A3A8D02A6F0D73653215771DE243A63AC048A18B59DA29,3A7265CF749E8FF9BAEDEE4E42E2C20340EC70821F497F50848FF303E4C48EBE,1246887639857344,1246887661349411,21492067,
atto,atto-serial,3B6A27BCCEB6A42D62A3A8D02A6F0D73653215771DE243A63AC048A18B59DA29,642,3B6A27BCCEB6A42D62A3A8D02A6F0D73653215771DE243A63AC048A18B59DA29,C69EA881E1F702F1BEC7E7530C7F1199E1F77F5C29E26955B6CED7E55965C167,1246887661356193,1246887679988921,18632728,
atto,atto-serial,3B6A27BCCEB6A42D62A3A8D02A6F0D73653215771DE243A63AC048A18B59DA29,643,3B6A27BCCEB6A42D62A3A8D02A6F0D73653215771DE243A63AC048A18B59DA29,EB31277E00F9052EFCDAFABE0BF513DD0285AFE870D05BCED996005DED4FADF5,1246887679998349,1246887692183314,12184965,
atto,atto-serial,3B6A27BCCEB6A42D62A3A8D02A6F0D73653215771DE243A63AC048A18B59DA29,644,3B6A27BCCEB6A42D62A3A8D02A6F0D73653215771DE243A63AC048A18B59DA29,EC04C7D8A8B2002E59AAAE8DBDD8406F370CDC8A4A5B5787FB03F4132C1C3D5A,1246887692190217,1246887703485988,11295771,
atto,atto-serial,3B6A27BCCEB6A42D62A3A8D02A6F0D73653215771DE243A63AC048A18B59DA29,645,3B6A27BCCEB6A42D62A3A8D02A6F0D73653215771DE243A63AC048A18B59DA29,2F6E50F4E60E681334C83707724DC1952D4B2003131B4DC8FE01535917FA56CE,1246887703494444,1246887715617534,12123090,
atto,atto-serial,3B6A27BCCEB6A42D62A3A8D02A6F0D73653215771DE243A63AC048A18B59DA29,646,3B6A27BCCEB6A42D62A3A8D02A6F0D73653215771DE243A63AC048A18B59DA29,C273A08E241DF531275DE2CEA3F8265F8FEA00577F4C0C21D1AF8C448B204242,1246887715624366,1246887728873492,13249126,
atto,atto-serial,3B6A27BCCEB6A42D62A3A8D02A6F0D73653215771DE243A63AC048A18B59DA29,647,3B6A27BCCEB6A42D62A3A8D02A6F0D73653215771DE243A63AC048A18B59DA29,8716E903A80B4CFB50E3C34B0FA54FFC7141A5D210AB89B061B2060E18C496FB,1246887728880776,1246887746931134,18050358,
atto,atto-serial,3B6A27BCCEB6A42D62A3A8D02A6F0D73653215771DE243A63AC048A18B59DA29,648,3B6A27BCCEB6A42D62A3A8D02A6F0D73653215771DE243A63AC048A18B59DA29,A0C8777784272F744F1635FA543F4F777B5B4CCDA8F5FE41467B82A58B929F8F,1246887746937315,1246887767407440,20470125,
atto,atto-serial,3B6A27BCCEB6A42D62A3A8D02A6F0D73653215771DE243A63AC048A18B59DA29,649,3B6A27BCCEB6A42D62A3A8D02A6F0D73653215771DE243A63AC048A18B59DA29,0DE08184467A4334109935B32C3EB66F98B2F24B888C66A3D6E82BBDCB5F7AC5,1246887767421446,1246887803391137,35969691,
atto,atto-serial,3B6A27BCCEB6A42D62A3A8D02A6F0D73653215771DE243A63AC048A18B59DA29,650,3B6A27BCCEB6A42D62A3A8D02A6F0D73653215771DE243A63AC048A18B59DA29,2D9109E6BA4D2C42B0AA9A531137158FA4A163AA4A9C98AF1E1D143C791FF4D0,1246887803396787,1246887826998371,23601584,
atto,atto-serial,3B6A27BCCEB6A42D62A3A8D02A6F0D73653215771DE243A63AC048A18B59DA29,651,3B6A27BCCEB6A42D62A3A8D02A6F0D73653215771DE243A63AC048A18B59DA29,3A168297053A5AAFB9BFD86D00709711627F1AB181CA74F443C9C777C8E4A2A3,1246887827015392,1246887862855671,35840279,
atto,atto-serial,3B6A27BCCEB6A42D62A3A8D02A6F0D73653215771DE243A63AC048A18B59DA29,652,3B6A27BCCEB6A42D62A3A8D02A6F0D73653215771DE243A63AC048A18B59DA29,0BD9A01F9C585F49577B46793A93FAB379E712EF715489F234E53DDC9FE6688A,1246887862863816,1246887891400061,28536245,
atto,atto-serial,3B6A27BCCEB6A42D62A3A8D02A6F0D73653215771DE243A63AC048A18B59DA29,653,3B6A27BCCEB6A42D62A3A8D02A6F0D73653215771DE243A63AC048A18B59DA29,A760D0DDB3334385F4B6619CDF8D0DE909104977B7DDA85B4452E13821E6D857,1246887891405551,1246887909047034,17641483,
atto,atto-serial,3B6A27BCCEB6A42D62A3A8D02A6F0D73653215771DE243A63AC048A18B59DA29,654,3B6A27BCCEB6A42D62A3A8D02A6F0D73653215771DE243A63AC048A18B59DA29,15545867CB131B0B3C4023CFC006A0F4BDE5B4B6E8292D91C9462B3911D96C25,1246887909055560,1246887923109261,14053701,
atto,atto-serial,3B6A27BCCEB6A42D62A3A8D02A6F0D73653215771DE243A63AC048A18B59DA29,655,3B6A27BCCEB6A42D62A3A8D02A6F0D73653215771DE243A63AC048A18B59DA29,6A3BF22AB31737C471D1850FED155FAF06EC3E22FBAD38BAF0525A2B8133F990,1246887923115583,1246887935592013,12476430,
atto,atto-serial,3B6A27BCCEB6A42D62A3A8D02A6F0D73653215771DE243A63AC048A18B59DA29,656,3B6A27BCCEB6A42D62A3A8D02A6F0D73653215771DE243A63AC048A18B59DA29,F5892FDA99698CEEFC173B27CB32C9532D0FB400D04529B2FC0FD43ED74080D0,1246887935598315,1246887948265202,12666887,
atto,atto-serial,3B6A27BCCEB6A42D62A3A8D02A6F0D73653215771DE243A63AC048A18B59DA29,657,3B6A27BCCEB6A42D62A3A8D02A6F0D73653215771DE243A63AC048A18B59DA29,E4A0FDD67C138BCEA489072EB89B663A8290588A7F2ADE98405EE70422EA1980,1246887948270492,1246887961782039,13511547,
atto,atto-serial,3B6A27BCCEB6A42D62A3A8D02A6F0D73653215771DE243A63AC048A18B59DA29,658,3B6A27BCCEB6A42D62A3A8D02A6F0D73653215771DE243A63AC048A18B59DA29,2C82CFD41616ECF9711618A92F40A8533849A9953DF346977025887F1B0984D5,1246887961789112,1246887974169492,12380380,
atto,atto-serial,3B6A27BCCEB6A42D62A3A8D02A6F0D73653215771DE243A63AC048A18B59DA29,659,3B6A27BCCEB6A42D62A3A8D02A6F0D73653215771DE243A63AC048A18B59DA29,3342D4C5CA62071E41BDFFF561636413C71B9C8D29EDF8D78068429F96D9292A,1246887974176616,1246887986913784,12737168,
atto,atto-serial,3B6A27BCCEB6A42D62A3A8D02A6F0D73653215771DE243A63AC048A18B59DA29,660,3B6A27BCCEB6A42D62A3A8D02A6F0D73653215771DE243A63AC048A18B59DA29,5674FDEE9C946441288A480B185D343324767B66BD61877931DA186623E40F9A,1246887986920777,1246888005466441,18545664,
atto,atto-serial,3B6A27BCCEB6A42D62A3A8D02A6F0D73653215771DE243A63AC048A18B59DA29,661,3B6A27BCCEB6A42D62A3A8D02A6F0D73653215771DE243A63AC048A18B59DA29,9F27E6A29AF98C95F41BCAABB6D962E4F587C878E11C3C0444C7632162A44906,1246888005475328,1246888022673883,17198555,
atto,atto-serial,3B6A27BCCEB6A42D62A3A8D02A6F0D73653215771DE243A63AC048A18B59DA29,662,3B6A27BCCEB6A42D62A3A8D02A6F0D73653215771DE243A63AC048A18B59DA29,378E893E0D6000DF3C129364D7A88BECA4CAB14C70427696301137A34A27B7C6,1246888022680625,1246888036232948,13552323,
atto,atto-serial,3B6A27BCCEB6A42D62A3A8D02A6F0D73653215771DE243A63AC048A18B59DA29,663,3B6A27BCCEB6A42D62A3A8D02A6F0D73653215771DE243A63AC048A18B59DA29,0CDC75FF0D6C41BD2FE70842E3078A4283B317E8C1D35FCD6809045879984DBD,1246888036240332,1246888048552164,12311832,
atto,atto-serial,3B6A27BCCEB6A42D62A3A8D02A6F0D73653215771DE243A63AC048A18B59DA29,664,3B6A27BCCEB6A42D62A3A8D02A6F0D73653215771DE243A63AC048A18B59DA29,2F5D919B1B840AADC32A440DDF4C5C7F700D1A26A55707E2E973EB649D734AD6,1246888048557645,1246888065440869,16883224,
atto,atto-serial,3B6A27BCCEB6A42D62A3A8D02A6F0D73653215771DE243A63AC048A18B59DA29,665,3B6A27BCCEB6A42D62A3A8D02A6F0D73653215771DE243A63AC048A18B59DA29,6C87423230E875CA847F8272DD12BBBE2F76C2ECA225CCA2E52991673D4518FA,1246888065447982,1246888080578608,15130626,
atto,atto-serial,3B6A27BCCEB6A42D62A3A8D02A6F0D73653215771DE243A63AC048A18B59DA29,666,3B6A27BCCEB6A42D62A3A8D02A6F0D73653215771DE243A63AC048A18B59DA29,69DA2A2821E992D364B2E8DE94236520872A550D012BB9C7E4233A6DF481E0A2,1246888080585301,1246888092960812,12375511,
atto,atto-serial,3B6A27BCCEB6A42D62A3A8D02A6F0D73653215771DE243A63AC048A18B59DA29,667,3B6A27BCCEB6A42D62A3A8D02A6F0D73653215771DE243A63AC048A18B59DA29,53D6A042994027225F718CDE070D4E7DF31277C459425D6C3B49B13D6CE802D4,1246888092968387,1246888105371851,12403464,
atto,atto-serial,3B6A27BCCEB6A42D62A3A8D02A6F0D73653215771DE243A63AC048A18B59DA29,668,3B6A27BCCEB6A42D62A3A8D02A6F0D73653215771DE243A63AC048A18B59DA29,6F96AA08DA79947F294CFE77CB0E2293817558B1DB9C0CFF3D832A3D88A396BD,1246888105378323,1246888122956557,17578234,
atto,atto-serial,3B6A27BCCEB6A42D62A3A8D02A6F0D73653215771DE243A63AC048A18B59DA29,669,3B6A27BCCEB6A42D62A3A8D02A6F0D73653215771DE243A63AC048A18B59DA29,C1D9C85D6D75AE71A26E647D022C5D7FB118D8814705D0DBEE749BBDD7A1A1DE,1246888122962298,1246888135212034,12249736,
atto,atto-serial,3B6A27BCCEB6A42D62A3A8D02A6F0D73653215771DE243A63AC048A18B59DA29,670,3B6A27BCCEB6A42D62A3A8D02A6F0D73653215771DE243A63AC048A18B59DA29,C0594E69EDCEF0AA9033D069A9FE2354F461EE14651737F21DC35C5F1056D1EF,1246888135218356,1246888161245527,26027171,
atto,atto-serial,3B6A27BCCEB6A42D62A3A8D02A6F0D73653215771DE243A63AC048A18B59DA29,671,3B6A27BCCEB6A42D62A3A8D02A6F0D73653215771DE243A63AC048A18B59DA29,7C6DB5E8C9ADC7021E868A3EB691704FABDE6E0E600EC2AFB0458F5F5AE2ED20,1246888161252009,1246888173436232,12184223,
atto,atto-serial,3B6A27BCCEB6A42D62A3A8D02A6F0D73653215771DE243A63AC048A18B59DA29,672,3B6A27BCCEB6A42D62A3A8D02A6F0D73653215771DE243A63AC048A18B59DA29,A037C9A509E917A6964EA10408423AC99BA163B9ED712874DDC0E9508A3C0D6F,1246888173443155,1246888187281985,13838830,
atto,atto-serial,3B6A27BCCEB6A42D62A3A8D02A6F0D73653215771DE243A63AC048A18B59DA29,673,3B6A27BCCEB6A42D62A3A8D02A6F0D73653215771DE243A63AC048A18B59DA29,3A8E25C23A4351D748C6E079D0430D22CA9FE10BA374BDEEBC2D7E3618900455,1246888187288507,1246888205944788,18656281,
atto,atto-serial,3B6A27BCCEB6A42D62A3A8D02A6F0D73653215771DE243A63AC048A18B59DA29,674,3B6A27BCCEB6A42D62A3A8D02A6F0D73653215771DE243A63AC048A18B59DA29,6A670662D6517687D9BCCAED0FE52E39F58F053240E31EE43BC50C48D166F448,1246888205952513,1246888222740609,16788096,
atto,atto-serial,3B6A27BCCEB6A42D62A3A8D02A6F0D73653215771DE243A63AC048A18B59DA29,675,3B6A27BCCEB6A42D62A3A8D02A6F0D73653215771DE243A63AC048A18B59DA29,FB61FDF71541BBBE0A802926C37D6E273FFE50A6268553DFC2508A3E0EB0E3ED,1246888222746210,1246888235588655,12842445,
atto,atto-serial,3B6A27BCCEB6A42D62A3A8D02A6F0D73653215771DE243A63AC048A18B59DA29,676,3B6A27BCCEB6A42D62A3A8D02A6F0D73653215771DE243A63AC048A18B59DA29,CE302A3E3F0C229D22B3831C2EE1252AC697CF5729FEF95FBC0D0AF92F11AFD9,1246888235596189,1246888248285417,12689228,
atto,atto-serial,3B6A27BCCEB6A42D62A3A8D02A6F0D73653215771DE243A63AC048A18B59DA29,677,3B6A27BCCEB6A42D62A3A8D02A6F0D73653215771DE243A63AC048A18B59DA29,8FA1ECCF7CEE58CE6D886420206346EEE602CB0662B0AFD006644350A7D63339,1246888248291359,1246888261177004,12885645,
atto,atto-serial,3B6A27BCCEB6A42D62A3A8D02A6F0D73653215771DE243A63AC048A18B59DA29,678,3B6A27BCCEB6A42D62A3A8D02A6F0D73653215771DE243A63AC048A18B59DA29,EB1A1D099B3B6C4E7040F9E6FFFD65A79A5B69E9D68349FB5E57C1A20DDFFAD6,1246888261183717,1246888274218882,13035165,
atto,atto-serial,3B6A27BCCEB6A42D62A3A8D02A6F0D73653215771DE243A63AC048A18B59DA29,679,3B6A27BCCEB6A42D62A3A8D02A6F0D73653215771DE243A63AC048A18B59DA29,7820AE5A4FD9CD605CACA5176F77043909D66A90503242FD8381FDA4EBA617CF,1246888274225385,1246888286599393,12374008,
atto,atto-serial,3B6A27BCCEB6A42D62A3A8D02A6F0D73653215771DE243A63AC048A18B59DA29,680,3B6A27BCCEB6A42D62A3A8D02A6F0D73653215771DE243A63AC048A18B59DA29,B27F188D6D38FA6CC28A70D528AA6D4E339F01A85B24BE99FFBFE05B1A10F264,1246888286605936,1246888299605384,12999448,
atto,atto-serial,3B6A27BCCEB6A42D62A3A8D02A6F0D73653215771DE243A63AC048A18B59DA29,681,3B6A27BCCEB6A42D62A3A8D02A6F0D73653215771DE243A63AC048A18B59DA29,BF33058CE03A0961E2C2116BEF8248BA8402DA32A5A033222A96D6887BA0600A,1246888299612478,1246888317444217,17831739,
atto,atto-serial,3B6A27BCCEB6A42D62A3A8D02A6F0D73653215771DE243A63AC048A18B59DA29,682,3B6A27BCCEB6A42D62A3A8D02A6F0D73653215771DE243A63AC048A18B59DA29,035EEEDA1DC3D23BFD8F8D43A4B3138C34FA292E90955FA2A443FE675558F7D9,1246888317453675,1246888336842687,19389012,
atto,atto-serial,3B6A27BCCEB6A42D62A3A8D02A6F0D73653215771DE243A63AC048A18B59DA29,683,3B6A27BCCEB6A42D62A3A8D02A6F0D73653215771DE243A63AC048A18B59DA29,B278A0B12EFE45280546696D46F93456B28041BE6112681D08AEDD36D358ACCA,1246888336849930,1246888349993979,13144049,
atto,atto-serial,3B6A27BCCEB6A42D62A3A8D02A6F0D73653215771DE243A63AC048A18B59DA29,684,3B6A27BCCEB6A42D62A3A8D02A6F0D73653215771DE243A63AC048A18B59DA29,EE598130516096010EA30B5941828D523795BCA2143B005469F6A69DE1D7A1AD,1246888350017113,1246888369766850,19749737,
atto,atto-serial,3B6A27BCCEB6A42D62A3A8D02A6F0D73653215771DE243A63AC048A18B59DA29,685,3B6A27BCCEB6A42D62A3A8D02A6F0D73653215771DE243A63AC048A18B59DA29,5E0EDF4E81EFA3C24228B6AF1CA9F50F259E305B0B46828A9EF360C47987FDD3,1246888369773472,1246888382851328,13077856,
atto,atto-serial,3B6A27BCCEB6A42D62A3A8D02A6F0D73653215771DE243A63AC048A18B59DA29,686,3B6A27BCCEB6A42D62A3A8D02A6F0D73653215771DE243A63AC048A18B59DA29,0E955B3C35D9BA2296ADE1AAB2C7FD555BE568B31240E2887B55262C6DDCCE33,1246888382857539,1246888395033638,12176099,
atto,atto-serial,3B6A27BCCEB6A42D62A3A8D02A6F0D73653215771DE243A63AC048A18B59DA29,687,3B6A27BCCEB6A42D62A3A8D02A6F0D73653215771DE243A63AC048A18B59DA29,4BACD34FC52C694686EE51B1DB8E645DFEA16120C98CF9EB0931262229806E41,1246888395040230,1246888407157799,12117569,
atto,atto-serial,3B6A27BCCEB6A42D62A3A8D02A6F0D73653215771DE243A63AC048A18B59DA29,688,3B6A27BCCEB6A42D62A3A8D02A6F0D73653215771DE243A63AC048A18B59DA29,56A3FAEB4DF76E3D19D4976F4F397D721AED2F724F6669D5AA18DAB8AFBEB0D3,1246888407163269,1246888419858118,12694849,
atto,atto-serial,3B6A27BCCEB6A42D62A3A8D02A6F0D73653215771DE243A63AC048A18B59DA29,689,3B6A27BCCEB6A42D62A3A8D02A6F0D73653215771DE243A63AC048A18B59DA29,688B7871E4F4E104C1C7211D2A11B12FA4C6E3CEC54185CCBA12A9314F77435A,1246888419866224,1246888431651581,11785357,
atto,atto-serial,3B6A27BCCEB6A42D62A3A8D02A6F0D73653215771DE243A63AC048A18B59DA29,690,3B6A27BCCEB6A42D62A3A8D02A6F0D73653215771DE243A63AC048A18B59DA29,DB058A4B539DA62E083A7CCD838D444872428F289FFA133A21AF3AB2D3EBCD51,1246888431659085,1246888453071202,21412117,
atto,atto-serial,3B6A27BCCEB6A42D62A3A8D02A6F0D73653215771DE243A63AC048A18B59DA29,691,3B6A27BCCEB6A42D62A3A8D02A6F0D73653215771DE243A63AC048A18B59DA29,A81BC17BDF0DB38B340F700AD3090A2802FAC277DC02A0D72C9C8A0ABFD1F73B,1246888453077313,1246888468463878,15386565,
atto,atto-serial,3B6A27BCCEB6A42D62A3A8D02A6F0D73653215771DE243A63AC048A18B59DA29,692,3B6A27BCCEB6A42D62A3A8D02A6F0D73653215771DE243A63AC048A18B59DA29,C1099EB87A263982327D1F7917A995F33B639AA6552155BE3FFFC2429FA15779,1246888468471062,1246888486550654,18079592,
atto,atto-serial,3B6A27BCCEB6A42D62A3A8D02A6F0D73653215771DE243A63AC048A18B59DA29,693,3B6A27BCCEB6A42D62A3A8D02A6F0D73653215771DE243A63AC048A18B59DA29,E9E9F6006DB4B1C0B38B72A56610E347DFC2409A6A6735FEB26C735FB8634D44,1246888486557707,1246888499189107,12631400,
atto,atto-serial,3B6A27BCCEB6A42D62A3A8D02A6F0D73653215771DE243A63AC048A18B59DA29,694,3B6A27BCCEB6A42D62A3A8D02A6F0D73653215771DE243A63AC048A18B59DA29,CE81BFE516924FF2AA0CD30C3A7CC72DD7B23E42A9FD4ACB6DDDED3EC0152D64,1246888499195299,1246888518307323,19112024,
atto,atto-serial,3B6A27BCCEB6A42D62A3A8D02A6F0D73653215771DE243A63AC048A18B59DA29,695,3B6A27BCCEB6A42D62A3A8D02A6F0D73653215771DE243A63AC048A18B59DA29,1A7799B0A0D3214A79A74E4529090928384BC8AE771EEC507E0D2FCCCA1E9BEE,1246888518314537,1246888535143680,16829143,
atto,atto-serial,3B6A27BCCEB6A42D62A3A8D02A6F0D73653215771DE243A63AC048A18B59DA29,696,3B6A27BCCEB6A42D62A3A8D02A6F0D73653215771DE243A63AC048A18B59DA29,F3FBC14A75B77FFBBEE2DC90DA2B6FFC162BE21F04AD3804ED7646C38C3FFD3A,1246888535151515,1246888554074064,18922549,
atto,atto-serial,3B6A27BCCEB6A42D62A3A8D02A6F0D73653215771DE243A63AC048A18B59DA29,697,3B6A27BCCEB6A42D62A3A8D02A6F0D73653215771DE243A63AC048A18B59DA29,0FCEF6FABEE012146220FF461BCC381C0D007B2C85F3941E8EE6B2DC0CEC53D9,1246888554081228,1246888569078965,14997737,
atto,atto-serial,3B6A27BCCEB6A42D62A3A8D02A6F0D73653215771DE243A63AC048A18B59DA29,698,3B6A27BCCEB6A42D62A3A8D02A6F0D73653215771DE243A63AC048A18B59DA29,A952D0733C4369892F1B9AF24E31C7FA030C7E9F89C2CEC84CE5CBB93CADD936,1246888569085978,1246888588143109,19057131,
atto,atto-serial,3B6A27BCCEB6A42D62A3A8D02A6F0D73653215771DE243A63AC048A18B59DA29,699,3B6A27BCCEB6A42D62A3A8D02A6F0D73653215771DE243A63AC048A18B59DA29,CA416EE8AABF1431EF7AD2653E47ADD2523CBC46D62D79CFABB29BB86D14EEB6,1246888588150192,1246888602850824,14700632,
atto,atto-serial,3B6A27BCCEB6A42D62A3A8D02A6F0D73653215771DE243A63AC048A18B59DA29,700,3B6A27BCCEB6A42D62A3A8D02A6F0D73653215771DE243A63AC048A18B59DA29,B2E9C95164AEB820555F36DAD52535A89C248873E655BD6DDA7FFA42BCD40CAB,1246888602858639,1246888618380466,15521827,
atto,atto-serial,3B6A27BCCEB6A42D62A3A8D02A6F0D73653215771DE243A63AC048A18B59DA29,701,3B6A27BCCEB6A42D62A3A8D02A6F0D73653215771DE243A63AC048A18B59DA29,55DC16A87162D4EE31C118D22E97FC283D59306AD28CF01A37AE1D99C4C711C1,1246888618387239,1246888636986133,18598894,
atto,atto-serial,3B6A27BCCEB6A42D62A3A8D02A6F0D73653215771DE243A63AC048A18B59DA29,702,3B6A27BCCEB6A42D62A3A8D02A6F0D73653215771DE243A63AC048A18B59DA29,79D412C71C5D51B5344CA18E8240A957F5ADC605F144EDFD237F494BF3D9D497,1246888636993246,1246888650644985,13651739,
atto,atto-serial,3B6A27BCCEB6A42D62A3A8D02A6F0D73653215771DE243A63AC048A18B59DA29,703,3B6A27BCCEB6A42D62A3A8D02A6F0D73653215771DE243A63AC048A18B59DA29,08454A5C22307F63DD40A58608C23F9701BA8E5DE3D0F2BBC5818F544BF37589,1246888650652650,1246888662104042,11451392,
atto,atto-serial,3B6A27BCCEB6A42D62A3A8D02A6F0D73653215771DE243A63AC048A18B59DA29,704,3B6A27BCCEB6A42D62A3A8D02A6F0D73653215771DE243A63AC048A18B59DA29,D2E4EDC8E4D21294EE0BC6AA34F9C785BB6D9F0CF48D93EF57587FD91A0A9A59,1246888662110775,1246888679674242,17563467,
atto,atto-serial,3B6A27BCCEB6A42D62A3A8D02A6F0D73653215771DE243A63AC048A18B59DA29,705,3B6A27BCCEB6A42D62A3A8D02A6F0D73653215771DE243A63AC048A18B59DA29,5B93677F160325FFF43764A5DEE384D6486C27E2BB230BF2AFD0367B031D8DF9,1246888679683128,1246888696223281,16540153,
atto,atto-serial,3B6A27BCCEB6A42D62A3A8D02A6F0D73653215771DE243A63AC048A18B59DA29,706,3B6A27BCCEB6A42D62A3A8D02A6F0D73653215771DE243A63AC048A18B59DA29,3A37FC93116D343F7B4BFF76E51515E067B814A425EC9B2CE7C8192E57AB7002,1246888696229964,1246888713023741,16793777,
atto,atto-serial,3B6A27BCCEB6A42D62A3A8D02A6F0D73653215771DE243A63AC048A18B59DA29,707,3B6A27BCCEB6A42D62A3A8D02A6F0D73653215771DE243A63AC048A18B59DA29,B34E2B1C8B06B3BD01234322D2DD55488117AA09AEDC6EB116BC3A972D6CDC16,1246888713034691,1246888734865601,21830910,
atto,atto-serial,3B6A27BCCEB6A42D62A3A8D02A6F0D73653215771DE243A63AC048A18B59DA29,708,3B6A27BCCEB6A42D62A3A8D02A6F0D73653215771DE243A63AC048A18B59DA29,02E78D2D2B42A70FC0C2C3F7039B99F775F84A4DAC3049D3F7B8604CD0A1C53D,1246888734872715,1246888748106141,13233426,
atto,atto-serial,3B6A27BCCEB6A42D62A3A8D02A6F0D73653215771DE243A63AC048A18B59DA29,709,3B6A27BCCEB6A42D62A3A8D02A6F0D73653215771DE243A63AC048A18B59DA29,BD00169291AF47C6756FBB54A8756FB13F008593B005D9DB282863A85FBA41CB,1246888748113315,1246888764400564,16287249,
atto,atto-serial,3B6A27BCCEB6A42D62A3A8D02A6F0D73653215771DE243A63AC048A18B59DA29,710,3B6A27BCCEB6A42D62A3A8D02A6F0D73653215771DE243A63AC048A18B59DA29,67F00FCE854D472D1B3EE5F7151D6DEBC58B0441E2DFE3958E977EAFD8A013E0,1246888764407928,1246888782388486,17980558,
atto,atto-serial,3B6A27BCCEB6A42D62A3A8D02A6F0D73653215771DE243A63AC048A18B59DA29,711,3B6A27BCCEB6A42D62A3A8D02A6F0D73653215771DE243A63AC048A18B59DA29,730320935784C3F42E8A036690AE1E0541D1CD2653BB994DE75A64A319C7E2DD,1246888782395048,1246888797990273,15595225,
atto,atto-serial,3B6A27BCCEB6A42D62A3A8D02A6F0D73653215771DE243A63AC048A18B59DA29,712,3B6A27BCCEB6A42D62A3A8D02A6F0D73653215771DE243A63AC048A18B59DA29,BA909C116270120D4AB681C8B3345B78829E830F94B29CC5E6337907E8DC0EA6,1246888797996875,1246888810190667,12193792,
atto,atto-serial,3B6A27BCCEB6A42D62A3A8D02A6F0D73653215771DE243A63AC048A18B59DA29,713,3B6A27BCCEB6A42D62A3A8D02A6F0D73653215771DE243A63AC048A18B59DA29,CDA1751358315F1F3B28A4D8551C1616231F7EACBE6A48A8A6B6D45875840320,1246888810197630,1246888823481821,13284191,
atto,atto-serial,3B6A27BCCEB6A42D62A3A8D02A6F0D73653215771DE243A63AC048A18B59DA29,714,3B6A27BCCEB6A42D62A3A8D02A6F0D73653215771DE243A63AC048A18B59DA29,5F139372F96DCB283F8F81D1613359F1D27F6A578F40EE256E56936A35524396,1246888823490477,1246888848033301,24542824,
atto,atto-serial,3B6A27BCCEB6A42D62A3A8D02A6F0D73653215771DE243A63AC048A18B59DA29,715,3B6A27BCCEB6A42D62A3A8D02A6F0D73653215771DE243A63AC048A18B59DA29,FAE7E839D2EAD29DD81243592E1D2192412544A3B597EA4A1555F2A794F2BCC1,1246888848040084,1246888868431511,20391427,
atto,atto-serial,3B6A27BCCEB6A42D62A3A8D02A6F0D73653215771DE243A63AC048A18B59DA29,716,3B6A27BCCEB6A42D62A3A8D02A6F0D73653215771DE243A63AC048A18B59DA29,420986C1B565B1927C7DB8AB25E6E57FFDB0940A80D642F966079135E1DC5615,1246888868438274,1246888880141267,11702993,
atto,atto-serial,3B6A27BCCEB6A42D62A3A8D02A6F0D73653215771DE243A63AC048A18B59DA29,717,3B6A27BCCEB6A42D62A3A8D02A6F0D73653215771DE243A63AC048A18B59DA29,ECED1448489F8FE269FBEB234EBD905BD08CBE0845BF31FF2379A7832300508A,1246888880148972,1246888894494108,14345136,
atto,atto-serial,3B6A27BCCEB6A42D62A3A8D02A6F0D73653215771DE243A63AC048A18B59DA29,718,3B6A27BCCEB6A42D62A3A8D02A6F0D73653215771DE243A63AC048A18B59DA29,BD99E296642834764BEB40FF9983FE2D58750CE6D0722501F59F992246D93F75,1246888894501983,1246888918277341,23775358,
atto,atto-serial,3B6A27BCCEB6A42D62A3A8D02A6F0D73653215771DE243A63AC048A18B59DA29,719,3B6A27BCCEB6A42D62A3A8D02A6F0D73653215771DE243A63AC048A18B59DA29,0D6A69DAE40FE89A708E755690E580F9E03A1058EF543C4404444E6AA95D381C,1246888918283122,1246888936206091,17922969,
atto,atto-serial,3B6A27BCCEB6A42D62A3A8D02A6F0D73653215771DE243A63AC048A18B59DA29,720,3B6A27BCCEB6A42D62A3A8D02A6F0D73653215771DE243A63AC048A18B59DA29,45CA3ACAD648952489AA69EE99F94430FFBE511BA3FE273359278F702B86F56C,1246888936213395,1246888957594324,21380929,
atto,atto-serial,3B6A27BCCEB6A42D62A3A8D02A6F0D73653215771DE243A63AC048A18B59DA29,721,3B6A27BCCEB6A42D62A3A8D02A6F0D73653215771DE243A63AC048A18B59DA29,E331FEFD0D9DD7E35D0A28C4CF3818BE3F697030B0C335B87DD5537811DE3AC4,1246888957601517,1246888969652752,12051235,
atto,atto-serial,3B6A27BCCEB6A42D62A3A8D02A6F0D73653215771DE243A63AC048A18B59DA29,722,3B6A27BCCEB6A42D62A3A8D02A6F0D73653215771DE243A63AC048A18B59DA29,584D56E18A28B41F046DF1A1BD24102953962F266F5A6089E7D2EB0E8AD15DC7,1246888969658974,1246888982257983,12599009,
atto,atto-serial,3B6A27BCCEB6A42D62A3A8D02A6F0D73653215771DE243A63AC048A18B59DA29,723,3B6A27BCCEB6A42D62A3A8D02A6F0D73653215771DE243A63AC048A18B59DA29,E2073A20B4E201D9D25946C35B6595C4FBAADFD11D97B1C3C2C2A35110760FE4,1246888982264065,1246888994909972,12645907,
atto,atto-serial,3B6A27BCCEB6A42D62A3A8D02A6F0D73653215771DE243A63AC048A18B59DA29,724,3B6A27BCCEB6A42D62A3A8D02A6F0D73653215771DE243A63AC048A18B59DA29,FE0A1F488620BF7BC41BEBBFCC18147CB5E2315AB9B647CAA9F78ED446CF8F13,1246888994916324,1246889007269454,12353130,
atto,atto-serial,3B6A27BCCEB6A42D62A3A8D02A6F0D73653215771DE243A63AC048A18B59DA29,725,3B6A27BCCEB6A42D62A3A8D02A6F0D73653215771DE243A63AC048A18B59DA29,9D34F85499DCC23755CE767B8906E04E3F5272C1E7EE9BAA5F554A3D13D574A0,1246889007276226,1246889023555080,16278854,
atto,atto-serial,3B6A27BCCEB6A42D62A3A8D02A6F0D73653215771DE243A63AC048A18B59DA29,726,3B6A27BCCEB6A42D62A3A8D02A6F0D73653215771DE243A63AC048A18B59DA29,DD82961C7FF519850311A441FABA23EF266C3B409E37D7B044E2A604B0F07662,1246889023560821,1246889047298058,23737237,
atto,atto-serial,3B6A27BCCEB6A42D62A3A8D02A6F0D73653215771DE243A63AC048A18B59DA29,727,3B6A27BCCEB6A42D62A3A8D02A6F0D73653215771DE243A63AC048A18B59DA29,F6F2810D56CD14FF5622B4ECEA362347BF56ABB942A03B73BA3595276200FE44,1246889047304980,1246889060192460,12887480,
atto,atto-serial,3B6A27BCCEB6A42D62A3A8D02A6F0D73653215771DE243A63AC048A18B59DA29,728,3B6A27BCCEB6A42D62A3A8D02A6F0D73653215771DE243A63AC048A18B59DA29,CACBAD3E24623AE53BA268F7050BB00DA372C5D84B636D7B751F723A96FBAA28,1246889060199122,1246889075275437,15076315,
atto,atto-serial,3B6A27BCCEB6A42D62A3A8D02A6F0D73653215771DE243A63AC048A18B59DA29,729,3B6A27BCCEB6A42D62A3A8D02A6F0D73653215771DE243A63AC048A18B59DA29,9D4D3AAFFC2B3F0989FA9DEDDEB6EC9B835DD67E1568FA2E86400679D070C0B5,1246889075280797,1246889087931052,12650255,
atto,atto-serial,3B6A27BCCEB6A42D62A3A8D02A6F0D73653215771DE243A63AC048A18B59DA29,730,3B6A27BCCEB6A42D62A3A8D02A6F0D73653215771DE243A63AC048A18B59DA29,66E88FD056244BE12E7AEE12C94EF25D529D76428DA999C3312BCFF3FD5EF8DD,1246889087938286,1246889099886217,11947931,
atto,atto-serial,3B6A27BCCEB6A42D62A3A8D02A6F0D73653215771DE243A63AC048A18B59DA29,731,3B6A27BCCEB6A42D62A3A8D02A6F0D73653215771DE243A63AC048A18B59DA29,C83D2178937890CC6BC6134F2F708957832143D8160E1E1A786C8134A111DCAE,1246889099892890,1246889111897227,12004337,
atto,atto-serial,3B6A27BCCEB6A42D62A3A8D02A6F0D73653215771DE243A63AC048A18B59DA29,732,3B6A27BCCEB6A42D62A3A8D02A6F0D73653215771DE243A63AC048A18B59DA29,57AB68B92120FCD3EAD8CA01B529245259D502D3CF5A59A637DCB2279E49CB92,1246889111904351,1246889137268591,25364240,
atto,atto-serial,3B6A27BCCEB6A42D62A3A8D02A6F0D73653215771DE243A63AC048A18B59DA29,733,3B6A27BCCEB6A42D62A3A8D02A6F0D73653215771DE243A63AC048A18B59DA29,4A2931F40C545D15BAA62A8371F455F98C1086F879DD083B443C3BF838D06476,1246889137276035,1246889158978896,21702861,
atto,atto-serial,3B6A27BCCEB6A42D62A3A8D02A6F0D73653215771DE243A63AC048A18B59DA29,734,3B6A27BCCEB6A42D62A3A8D02A6F0D73653215771DE243A63AC048A18B59DA29,3EC53321818CFA93499E5C901D6A552FA91A2C7CE976CA3F4696EF4890CD8703,1246889158985177,1246889171204317,12219140,
atto,atto-serial,3B6A27BCCEB6A42D62A3A8D02A6F0D73653215771DE243A63AC048A18B59DA29,735,3B6A27BCCEB6A42D62A3A8D02A6F0D73653215771DE243A63AC048A18B59DA29,C74F922A989900728C4564D1C823B2546B022BF1502C3AEB7920B67F4CC98CAD,1246889171210157,1246889184427233,13217076,
atto,atto-serial,3B6A27BCCEB6A42D62A3A8D02A6F0D73653215771DE243A63AC048A18B59DA29,736,3B6A27BCCEB6A42D62A3A8D02A6F0D73653215771DE243A63AC048A18B59DA29,3CB057B94DD1C763357386C07B8A7D803ACC9403D140F18CC7A94E7D7DADBCCB,1246889184435479,1246889196723146,12287667,
atto,atto-serial,3B6A27BCCEB6A42D62A3A8D02A6F0D73653215771DE243A63AC048A18B59DA29,737,3B6A27BCCEB6A42D62A3A8D02A6F0D73653215771DE243A63AC048A18B59DA29,2AFA26368A74B28285E99B78F9ABB388FC7D0322AB6B6F13B746A836AB9B95C5,1246889196732022,1246889209902231,13170209,
atto,atto-serial,3B6A27BCCEB6A42D62A3A8D02A6F0D73653215771DE243A63AC048A18B59DA29,738,3B6A27BCCEB6A42D62A3A8D02A6F0D73653215771DE243A63AC048A18B59DA29,DA7CE116884310B245A2A3E4F838B3484F737646B3D8720CDEFA73E696773801,1246889209907611,1246889228343951,18436340,
atto,atto-serial,3B6A27BCCEB6A42D62A3A8D02A6F0D73653215771DE243A63AC048A18B59DA29,739,3B6A27BCCEB6A42D62A3A8D02A6F0D73653215771DE243A63AC048A18B59DA29,49259CB5B190640AFAE2E455A01373FBA5BCB413D6C7AF3BE9609DD7BC23713B,1246889228351655,1246889240745251,12393596,
atto,atto-serial,3B6A27BCCEB6A42D62A3A8D02A6F0D73653215771DE243A63AC048A18B59DA29,740,3B6A27BCCEB6A42D62A3A8D02A6F0D73653215771DE243A63AC048A18B59DA29,63C851429E593574D40ABE7AC96B9A0B2AB53D9AA05E2AC4760BB717331508E7,1246889240751042,1246889256065631,15314589,
atto,atto-serial,3B6A27BCCEB6A42D62A3A8D02A6F0D73653215771DE243A63AC048A18B59DA29,741,3B6A27BCCEB6A42D62A3A8D02A6F0D73653215771DE243A63AC048A18B59DA29,9D79ECB2EF65E98119F102B3EEC118B8CF45E059CEB37E181E967D82A071CD78,1246889256073205,1246889274674364,18601159,
atto,atto-serial,3B6A27BCCEB6A42D62A3A8D02A6F0D73653215771DE243A63AC048A18B59DA29,742,3B6A27BCCEB6A42D62A3A8D02A6F0D73653215771DE243A63AC048A18B59DA29,BA9EA9752101E14231D2A6F1DBBCFE82F8203389B432D1B26E84909DF259E55E,1246889274681107,1246889291768092,17086985,
atto,atto-serial,3B6A27BCCEB6A42D62A3A8D02A6F0D73653215771DE243A63AC048A18B59DA29,743,3B6A27BCCEB6A42D62A3A8D02A6F0D73653215771DE243A63AC048A18B59DA29,85E4BB1FED10D93E431734F17E5B5DD6785BF58CE22EA51F43504B60000453BE,1246889291775285,1246889304338067,12562782,
atto,atto-serial,3B6A27BCCEB6A42D62A3A8D02A6F0D73653215771DE243A63AC048A18B59DA29,744,3B6A27BCCEB6A42D62A3A8D02A6F0D73653215771DE243A63AC048A18B59DA29,F3BD4435B2B6E55BA7AA2FA0CBECE85B62D89C633ED34D3A9D461CB3D7EF2DCA,1246889304344119,1246889325123913,20779794,
atto,atto-serial,3B6A27BCCEB6A42D62A3A8D02A6F0D73653215771DE243A63AC048A18B59DA29,745,3B6A27BCCEB6A42D62A3A8D02A6F0D73653215771DE243A63AC048A18B59DA29,92E3E9CE93B918633C5CE9342656A3D3086A994D76D1581918E772903B1A689A,1246889325129954,1246889342580800,17450846,
atto,atto-serial,3B6A27BCCEB6A42D62A3A8D02A6F0D73653215771DE243A63AC048A18B59DA29,746,3B6A27BCCEB6A42D62A3A8D02A6F0D73653215771DE243A63AC048A18B59DA29,72C119BCC614DE69FA4B14134FFEF302E6977B0F4C2D3CD5CD9BB91EB8766BCF,1246889342587733,1246889354993492,12405759,
atto,atto-serial,3B6A27BCCEB6A42D62A3A8D02A6F0D73653215771DE243A63AC048A18B59DA29,747,3B6A27BCCEB6A42D62A3A8D02A6F0D73653215771DE243A63AC048A18B59DA29,F00ADCB269581EB48DADA1DCB2CFD929CE9C76F24D37027482A80224E8E8EB20,1246889355018569,1246889367987520,12968951,
atto,atto-serial,3B6A27BCCEB6A42D62A3A8D02A6F0D73653215771DE243A63AC048A18B59DA29,748,3B6A27BCCEB6A42D62A3A8D02A6F0D73653215771DE243A63AC048A18B59DA29,292EA6D2786947E8CFF253115EF42F7D15E380E90E7C12B9FE5B212CC3374BD0,1246889367995225,1246889380970739,12975514,
atto,atto-serial,3B6A27BCCEB6A42D62A3A8D02A6F0D73653215771DE243A63AC048A18B59DA29,749,3B6A27BCCEB6A42D62A3A8D02A6F0D73653215771DE243A63AC048A18B59DA29,237045BC66DCDFE2D50FB9C182D2DB7460842E77A01F00B40F6912BB98B93FEA,1246889380976920,1246889393709540,12732620,
atto,atto-serial,3B6A27BCCEB6A42D62A3A8D02A6F0D73653215771DE243A63AC048A18B59DA29,750,3B6A27BCCEB6A42D62A3A8D02A6F0D73653215771DE243A63AC048A18B59DA29,271F6B61DBAE60C9B1638AB61ABD532658939AE58388FD159866131C589438B6,1246889393716513,1246889405904043,12187530,
atto,atto-serial,3B6A27BCCEB6A42D62A3A8D02A6F0D73653215771DE243A63AC048A18B59DA29,751,3B6A27BCCEB6A42D62A3A8D02A6F0D73653215771DE243A63AC048A18B59DA29,79C534AAF21BAAFE7D5396059AB90C786C1B8AA0644C7320EC37FF5AF332C03D,1246889405911477,1246889419195118,13283641,
atto,atto-serial,3B6A27BCCEB6A42D62A3A8D02A6F0D73653215771DE243A63AC048A18B59DA29,752,3B6A27BCCEB6A42D62A3A8D02A6F0D73653215771DE243A63AC048A18B59DA29,5E20D7941834C30AA327C2A820702F6E674F2105EC01DC112AA4305F03CE4692,1246889419202511,1246889439033550,19831039,
atto,atto-serial,3B6A27BCCEB6A42D62A3A8D02A6F0D73653215771DE243A63AC048A18B59DA29,753,3B6A27BCCEB6A42D62A3A8D02A6F0D73653215771DE243A63AC048A18B59DA29,4E9E61CA14702C31DE0E613AEF0FE5D353E138911C7CD7DFA5B12134A757E330,1246889439039822,1246889452803461,13763639,
atto,atto-serial,3B6A27BCCEB6A42D62A3A8D02A6F0D73653215771DE243A63AC048A18B59DA29,754,3B6A27BCCEB6A42D62A3A8D02A6F0D73653215771DE243A63AC048A18B59DA29,75CE16ED14DA44347F77BD0A4E60E04DBB6D258E49083B6C47B8C442F91286D7,1246889452810073,1246889465074837,12264764,
atto,atto-serial,3B6A27BCCEB6A42D62A3A8D02A6F0D73653215771DE243A63AC048A18B59DA29,755,3B6A27BCCEB6A42D62A3A8D02A6F0D73653215771DE243A63AC048A18B59DA29,1333AF3764DF90110EAB389ACE1A35E6498280778EE7D68D00351918A7465F65,1246889465080167,1246889481623836,16543669,
atto,atto-serial,3B6A27BCCEB6A42D62A3A8D02A6F0D73653215771DE243A63AC048A18B59DA29,756,3B6A27BCCEB6A42D62A3A8D02A6F0D73653215771DE243A63AC048A18B59DA29,E6690F2514D7E55EE78CF6E8687ED9A6883E60954375D453D1636D1CB49BDED6,1246889481632392,1246889494986915,13354523,
atto,atto-serial,3B6A27BCCEB6A42D62A3A8D02A6F0D73653215771DE243A63AC048A18B59DA29,757,3B6A27BCCEB6A42D62A3A8D02A6F0D73653215771DE243A63AC048A18B59DA29,17279487679B77BFF3E632B0744D06680ABB46C2118645E48A27CAB4B0AB0778,1246889494993538,1246889507456273,12462735,
atto,atto-serial,3B6A27BCCEB6A42D62A3A8D02A6F0D73653215771DE243A63AC048A18B59DA29,758,3B6A27BCCEB6A42D62A3A8D02A6F0D73653215771DE243A63AC048A18B59DA29,B20D4C54411F14592CC23FE4394DBBA5FC35C0A8A26C65F4AD53ECF9E33153F1,1246889507463136,1246889520480328,13017192,
atto,atto-serial,3B6A27BCCEB6A42D62A3A8D02A6F0D73653215771DE243A63AC048A18B59DA29,759,3B6A27BCCEB6A42D62A3A8D02A6F0D73653215771DE243A63AC048A18B59DA29,CC731C9ECB314676A7CC7EDC4FFCAA7E6CF991479DCA64858F1068F439EEB779,1246889520488573,1246889540143122,19654549,
atto,atto-serial,3B6A27BCCEB6A42D62A3A8D02A6F0D73653215771DE243A63AC048A18B59DA29,760,3B6A27BCCEB6A42D62A3A8D02A6F0D73653215771DE243A63AC048A18B59DA29,67FB2FD959F528EFCA5AC7377BFFDA820BFBA038DC4A2F4BB27FB6706606504B,1246889540149664,1246889559788384,19638720,
atto,atto-serial,3B6A27BCCEB6A42D62A3A8D02A6F0D73653215771DE243A63AC048A18B59DA29,761,3B6A27BCCEB6A42D62A3A8D02A6F0D73653215771DE243A63AC048A18B59DA29,C32BA0B0F6C0C4A483DEE23FA89446DF64D0FDB145366D642B3FCD2641666E0E,1246889559795357,1246889575679803,15884446,
atto,atto-serial,3B6A27BCCEB6A42D62A3A8D02A6F0D73653215771DE243A63AC048A18B59DA29,762,3B6A27BCCEB6A42D62A3A8D02A6F0D73653215771DE243A63AC048A18B59DA29,C63B65E65686AC7DEF60159657ACC0B92016B088BD2BB559CADF946EFCB3F340,1246889575687136,1246889589699139,14012003,
atto,atto-serial,3B6A27BCCEB6A42D62A3A8D02A6F0D73653215771DE243A63AC048A18B59DA29,763,3B6A27BCCEB6A42D62A3A8D02A6F0D73653215771DE243A63AC048A18B59DA29,5E84330D2DDF6C8836D7D7D0DACD909BA315FF443204BA66B242A4145CA024A7,1246889589705752,1246889609205742,19499990,
atto,atto-serial,3B6A27BCCEB6A42D62A3A8D02A6F0D73653215771DE243A63AC048A18B59DA29,764,3B6A27BCCEB6A42D62A3A8D02A6F0D73653215771DE243A63AC048A18B59DA29,D8828864909567383F3475193A992A41BE0884E7AD3D804929378D8ED33009FF,1246889609212494,1246889626546081,17333587,
atto,atto-serial,3B6A27BCCEB6A42D62A3A8D02A6F0D73653215771DE243A63AC048A18B59DA29,765,3B6A27BCCEB6A42D62A3A8D02A6F0D73653215771DE243A63AC048A18B59DA29,FBCB2B2FE284F21FB9E1FC74D54E9821716BD350B0E60EF2D15407411C5FFF46,1246889626568243,1246889644324951,17756708,
atto,atto-serial,3B6A27BCCEB6A42D62A3A8D02A6F0D73653215771DE243A63AC048A18B59DA29,766,3B6A27BCCEB6A42D62A3A8D02A6F0D73653215771DE243A63AC048A18B59DA29,3EC5A33F421863BA66A0326387BB4BF08BB6C651C1CCE5FE28B0B87BBC0D785D,1246889644331894,1246889657480191,13148297,
atto,atto-serial,3B6A27BCCEB6A42D62A3A8D02A6F0D73653215771DE243A63AC048A18B59DA29,767,3B6A27BCCEB6A42D62A3A8D02A6F0D73653215771DE243A63AC048A18B59DA29,11529B502B0ED75FC9D68775BBA4AD2EAD7E6BD0BA2123C55EAAE462603B3A44,1246889657488287,1246889670270429,12782142,
atto,atto-serial,3B6A27BCCEB6A42D62A3A8D02A6F0D73653215771DE243A63AC048A18B59DA29,768,3B6A27BCCEB6A42D62A3A8D02A6F0D73653215771DE243A63AC048A18B59DA29,86553594B44395AE8ADCBA1BADD3612405592B012622A0B36EE8A403282373A9,1246889670276560,1246889686568859,16292299,
atto,atto-serial,3B6A27BCCEB6A42D62A3A8D02A6F0D73653215771DE243A63AC048A18B59DA29,769,3B6A27BCCEB6A42D62A3A8D02A6F0D73653215771DE243A63AC048A18B59DA29,8A5EAB72F72F3DEB05ABA70DECE3404EEF061ABCBBBCBCBEC282FBD47DF1036C,1246889686577806,1246889710888676,24310870,
atto,atto-serial,3B6A27BCCEB6A42D62A3A8D02A6F0D73653215771DE243A63AC048A18B59DA29,770,3B6A27BCCEB6A42D62A3A8D02A6F0D73653215771DE243A63AC048A18B59DA29,EC09D448226994C5330BD73F59ACD61291093BBFB70770B24C7019DF245D5BBD,1246889710900909,1246889724568948,13668039,
atto,atto-serial,3B6A27BCCEB6A42D62A3A8D02A6F0D73653215771DE243A63AC048A18B59DA29,771,3B6A27BCCEB6A42D62A3A8D02A6F0D73653215771DE243A63AC048A18B59DA29,FDE7A8482DFAEEA1E28A2CB3FACF9DD52F5FC92D7C605165426DAFEB2BC7EF24,1246889724575741,1246889746015520,21439779,
atto,atto-serial,3B6A27BCCEB6A42D62A3A8D02A6F0D73653215771DE243A63AC048A18B59DA29,772,3B6A27BCCEB6A42D62A3A8D02A6F0D73653215771DE243A63AC048A18B59DA29,AA4EC4670E522AB8DE47A41D44721E1B8D066E94BAA9A2E332F1919891615AB4,1246889746020589,1246889762206099,16185510,
atto,atto-serial,3B6A27BCCEB6A42D62A3A8D02A6F0D73653215771DE243A63AC048A18B59DA29,773,3B6A27BCCEB6A42D62A3A8D02A6F0D73653215771DE243A63AC048A18B59DA29,14ED4CA09F374FE71F39C488CDF694980BB7D1811833B91C25654D6364B5385E,1246889762211128,1246889779140148,16929020,
atto,atto-serial,3B6A27BCCEB6A42D62A3A8D02A6F0D73653215771DE243A63AC048A18B59DA29,774,3B6A27BCCEB6A42D62A3A8D02A6F0D73653215771DE243A63AC048A18B59DA29,140B20A1EB01A294EA38D2B5F5851CD043460F5D64ECD2DF29D303A18E733326,1246889779144947,1246889795782602,16637655,
atto,atto-serial,3B6A27BCCEB6A42D62A3A8D02A6F0D73653215771DE243A63AC048A18B59DA29,775,3B6A27BCCEB6A42D62A3A8D02A6F0D73653215771DE243A63AC048A18B59DA29,B73A84BA4511E75CB8EE4CF440A4323F582E0CFDA26BBBAEC233519826751371,1246889795790767,1246889808105114,12314347,
atto,atto-serial,3B6A27BCCEB6A42D62A3A8D02A6F0D73653215771DE243A63AC048A18B59DA29,776,3B6A27BCCEB6A42D62A3A8D02A6F0D73653215771DE243A63AC048A18B59DA29,462DC89F0DFD4726F5062A442EAB9028B25242A0751A8CF21848C94E713CA59F,1246889808110214,1246889820518467,12408253,
atto,atto-serial,3B6A27BCCEB6A42D62A3A8D02A6F0D73653215771DE243A63AC048A18B59DA29,777,3B6A27BCCEB6A42D62A3A8D02A6F0D73653215771DE243A63AC048A18B59DA29,4CCF6CCE3833BFDD037C461B7E11427510D1D4958B8D3B42E8DDED6E1A9D6942,1246889820523286,1246889834026878,13503592,
atto,atto-serial,3B6A27BCCEB6A42D62A3A8D02A6F0D73653215771DE243A63AC048A18B59DA29,778,3B6A27BCCEB6A42D62A3A8D02A6F0D73653215771DE243A63AC048A18B59DA29,BA2F00414B65B8286F6344FE2E37829251472412B3C906587EA4697C133BBC1E,1246889834031867,1246889846449979,12418112,
atto,atto-serial,3B6A27BCCEB6A42D62A3A8D02A6F0D73653215771DE243A63AC048A18B59DA29,779,3B6A27BCCEB6A42D62A3A8D02A6F0D73653215771DE243A63AC048A18B59DA29,4CAB3B6B257B97EE475A077E4CEA84759547392CD1764F1C54BFA2B8AF0C3959,1246889846453545,1246889871379205,24925660,
atto,atto-serial,3B6A27BCCEB6A42D62A3A8D02A6F0D73653215771DE243A63AC048A18B59DA29,780,3B6A27BCCEB6A42D62A3A8D02A6F0D73653215771DE243A63AC048A18B59DA29,A99FCD54A0AFB8765C9146BFE01EEC7470A07D82E857B9E6FEFAB4B2F90B038F,1246889871387400,1246889884641345,13253945,
atto,atto-serial,3B6A27BCCEB6A42D62A3A8D02A6F0D73653215771DE243A63AC048A18B59DA29,781,3B6A27BCCEB6A42D62A3A8D02A6F0D73653215771DE243A63AC048A18B59DA29,058EC1C1736AE783AA82FDC0AFE189A2F7144124782947F0765FADCCB7BE1195,1246889884645463,1246889897313522,12668059,
atto,atto-serial,3B6A27BCCEB6A42D62A3A8D02A6F0D73653215771DE243A63AC048A18B59DA29,782,3B6A27BCCEB6A42D62A3A8D02A6F0D73653215771DE243A63AC048A18B59DA29,0F66FD42CAADBA2A4663221AC12C7FEB854F86C75EF3C4673A6B5F8F0FFFD0B1,1246889897317810,1246889909932659,12614849,
atto,atto-serial,3B6A27BCCEB6A42D62A3A8D02A6F0D73653215771DE243A63AC048A18B59DA29,783,3B6A27BCCEB6A42D62A3A8D02A6F0D73653215771DE243A63AC048A18B59DA29,1542558812F13CC60DC1BF50F3B45C70E652C8DAF1782B3859883A7A3D11C348,1246889909938009,1246889923022948,13084939,
atto,atto-serial,3B6A27BCCEB6A42D62A3A8D02A6F0D73653215771DE243A63AC048A18B59DA29,784,3B6A27BCCEB6A42D62A3A8D02A6F0D73653215771DE243A63AC048A18B59DA29,9CD170543422DE9AC490A9A9B382F153FB858B8722090854FD07E0D2D9260945,1246889923029771,1246889936034570,13004799,
atto,atto-serial,3B6A27BCCEB6A42D62A3A8D02A6F0D73653215771DE243A63AC048A18B59DA29,785,3B6A27BCCEB6A42D62A3A8D02A6F0D73653215771DE243A63AC048A18B59DA29,CEABA68AE335402D99D979E70FCF017C2ED7BB5065905A403CFC36B604210AA4,1246889936039609,1246889948102035,12062426,
atto,atto-serial,3B6A27BCCEB6A42D62A3A8D02A6F0D73653215771DE243A63AC048A18B59DA29,786,3B6A27BCCEB6A42D62A3A8D02A6F0D73653215771DE243A63AC048A18B59DA29,65C8957448ABA0AC9A7FEB9BC8EFD3E17C93A880D17AB41CB3F1ECA33778B158,1246889948107345,1246889960320042,12212697,
atto,atto-serial,3B6A27BCCEB6A42D62A3A8D02A6F0D73653215771DE243A63AC048A18B59DA29,787,3B6A27BCCEB6A42D62A3A8D02A6F0D73653215771DE243A63AC048A18B59DA29,2CED2A03C9B0B1857EFC264F582B9ACD209602ACF3C0D54EC6B6E62B33AD3BE7,1246889960323989,1246889975676550,15352561,
atto,atto-serial,3B6A27BCCEB6A42D62A3A8D02A6F0D73653215771DE243A63AC048A18B59DA29,788,3B6A27BCCEB6A42D62A3A8D02A6F0D73653215771DE243A63AC048A18B59DA29,A660243654307766D8BD97B4D41889CB13E6D7C2A6D3F0A04E9E043792344016,1246889975681850,1246889993260886,17579036,
atto,atto-serial,3B6A27BCCEB6A42D62A3A8D02A6F0D73653215771DE243A63AC048A18B59DA29,789,3B6A27BCCEB6A42D62A3A8D02A6F0D73653215771DE243A63AC048A18B59DA29,AAEF418FC7513BC60E138AD09A6D13A2DCE491AB558712089D63F6A67FF2ACDE,1246889993265505,1246890005785106,12519601,
atto,atto-serial,3B6A27BCCEB6A42D62A3A8D02A6F0D73653215771DE243A63AC048A18B59DA29,790,3B6A27BCCEB6A42D62A3A8D02A6F0D73653215771DE243A63AC048A18B59DA29,F6976D715DBF17091A52709FB2373B115BD305BE5B3716C0437323D1E416B760,1246890005789655,1246890020558373,14768718,
atto,atto-serial,3B6A27BCCEB6A42D62A3A8D02A6F0D73653215771DE243A63AC048A18B59DA29,791,3B6A27BCCEB6A42D62A3A8D02A6F0D73653215771DE243A63AC048A18B59DA29,C7B82C01EF36747AE3333D3A751F6BCB953954743E82B4DC0D55FF772E28D8D6,1246890020563283,1246890038869399,18306116,
atto,atto-serial,3B6A27BCCEB6A42D62A3A8D02A6F0D73653215771DE243A63AC048A18B59DA29,792,3B6A27BCCEB6A42D62A3A8D02A6F0D73653215771DE243A63AC048A18B59DA29,F5A463818166B0D7A2045288CF2A2E526E9DBEEAB89A66122950CC83551E3233,1246890038874598,1246890059687485,20812887,
atto,atto-serial,3B6A27BCCEB6A42D62A3A8D02A6F0D73653215771DE243A63AC048A18B59DA29,793,3B6A27BCCEB6A42D62A3A8D02A6F0D73653215771DE243A63AC048A18B59DA29,DDD5FB00A4162FA9FE007ACB8E8B92B2DEB8BE1B5598DDB90A2E111F8752D4DE,1246890059692334,1246890077171773,17479439,
atto,atto-serial,3B6A27BCCEB6A42D62A3A8D02A6F0D73653215771DE243A63AC048A18B59DA29,794,3B6A27BCCEB6A42D62A3A8D02A6F0D73653215771DE243A63AC048A18B59DA29,03106BBB752455A1CFD49127D4468F9C7CDEBB5AD251ACD1071B122F7AAA671E,1246890077176612,1246890089906797,12730185,
atto,atto-serial,3B6A27BCCEB6A42D62A3A8D02A6F0D73653215771DE243A63AC048A18B59DA29,795,3B6A27BCCEB6A42D62A3A8D02A6F0D73653215771DE243A63AC048A18B59DA29,44EC35C1CBFBAD1A5174A32DA8C2F31A7782679B66CB5F445B6EE0BF6AFB6DC2,1246890089911236,1246890102691144,12779908,
atto,atto-serial,3B6A27BCCEB6A42D62A3A8D02A6F0D73653215771DE243A63AC048A18B59DA29,796,3B6A27BCCEB6A42D62A3A8D02A6F0D73653215771DE243A63AC048A18B59DA29,FE89025BB8B0C122335169518CA2B23876742665977EF08C8CE603248CC211FB,1246890102696093,1246890115473897,12777804,
atto,atto-serial,3B6A27BCCEB6A42D62A3A8D02A6F0D73653215771DE243A63AC048A18B59DA29,797,3B6A27BCCEB6A42D62A3A8D02A6F0D73653215771DE243A63AC048A18B59DA29,BFE9F10917D3880CF9E02E183611EE15F79976E399F1D31F3181062A0B75A3C8,1246890115479328,1246890128821808,13342480,
atto,atto-serial,3B6A27BCCEB6A42D62A3A8D02A6F0D73653215771DE243A63AC048A18B59DA29,798,3B6A27BCCEB6A42D62A3A8D02A6F0D73653215771DE243A63AC048A18B59DA29,6FE7031B32404342CCA9B968F92BFA5DA0D207F79EBE376E3BD38EE98F4A43F8,1246890128826407,1246890141524302,12697895,
atto,atto-serial,3B6A27BCCEB6A42D62A3A8D02A6F0D73653215771DE243A63AC048A18B59DA29,799,3B6A27BCCEB6A42D62A3A8D02A6F0D73653215771DE243A63AC048A18B59DA29,84657CCC3E3C83B8231E91F9F4FEFC43E470138FE5394DFAE28610791C95E878,1246890141531094,1246890160813517,19282423,
atto,atto-serial,3B6A27BCCEB6A42D62A3A8D02A6F0D73653215771DE243A63AC048A18B59DA29,800,3B6A27BCCEB6A42D62A3A8D02A6F0D73653215771DE243A63AC048A18B59DA29,929BCC1714B988E2D213B8EA50B75E7005C590B1CB15774354DEC3C901739CBB,1246890160818466,1246890173600799,12782333,
atto,atto-serial,3B6A27BCCEB6A42D62A3A8D02A6F0D73653215771DE243A63AC048A18B59DA29,801,3B6A27BCCEB6A42D62A3A8D02A6F0D73653215771DE243A63AC048A18B59DA29,839784234C0958F7C6EEFB49EE618B721C3C13DCFF73B70E8900803110564C3F,1246890173605367,1246890185326084,11720717,
atto,atto-serial,3B6A27BCCEB6A42D62A3A8D02A6F0D73653215771DE243A63AC048A18B59DA29,802,3B6A27BCCEB6A42D62A3A8D02A6F0D73653215771DE243A63AC048A18B59DA29,72AB6CBC1A96E90863D1ACF9E535EE679A8890B5B58169D7F8DDE212536642D7,1246890185331073,1246890198167547,12836474,
atto,atto-serial,3B6A27BCCEB6A42D62A3A8D02A6F0D73653215771DE243A63AC048A18B59DA29,803,3B6A27BCCEB6A42D62A3A8D02A6F0D73653215771DE243A63AC048A18B59DA29,F6E9E164530B54E644E273E910CB04BC74AA61082DE39819E69976A2DD4F92A5,1246890198171916,1246890211308802,13136886,
atto,atto-serial,3B6A27BCCEB6A42D62A3A8D02A6F0D73653215771DE243A63AC048A18B59DA29,804,3B6A27BCCEB6A42D62A3A8D02A6F0D73653215771DE243A63AC048A18B59DA29,625E6D284CB0A6414AC8FD9AAAFC44A25FEECEDBF617DED87BD3F172731C12F1,1246890211313791,1246890223790933,12477142,
atto,atto-serial,3B6A27BCCEB6A42D62A3A8D02A6F0D73653215771DE243A63AC048A18B59DA29,805,3B6A27BCCEB6A42D62A3A8D02A6F0D73653215771DE243A63AC048A18B59DA29,511139724365E07D3099F6D13F59304EF0F57145AB5648EF2CD6853A10DC4DD2,1246890223797104,1246890244423070,20625966,
atto,atto-serial,3B6A27BCCEB6A42D62A3A8D02A6F0D73653215771DE243A63AC048A18B59DA29,806,3B6A27BCCEB6A42D62A3A8D02A6F0D73653215771DE243A63AC048A18B59DA29,D950864D6850133DBDDC8746B0539CB6A399DCD5B44D8D9C1335E05052D6142F,1246890244427979,1246890259640248,15212269,
atto,atto-serial,3B6A27BCCEB6A42D62A3A8D02A6F0D73653215771DE243A63AC048A18B59DA29,807,3B6A27BCCEB6A42D62A3A8D02A6F0D73653215771DE243A63AC048A18B59DA29,6DF85DAAE0893EDFE7638C3A568E716C8CEA95332ABD0DCEF31ACDF00C255C18,1246890259644215,1246890277888155,18243940,
atto,atto-serial,3B6A27BCCEB6A42D62A3A8D02A6F0D73653215771DE243A63AC048A18B59DA29,808,3B6A27BCCEB6A42D62A3A8D02A6F0D73653215771DE243A63AC048A18B59DA29,4E7B4BB3943907B31EA34F3E29ED3C353D57C04DFDF748042A5BF8E545833707,1246890277893044,1246890292201232,14308188,
atto,atto-serial,3B6A27BCCEB6A42D62A3A8D02A6F0D73653215771DE243A63AC048A18B59DA29,809,3B6A27BCCEB6A42D62A3A8D02A6F0D73653215771DE243A63AC048A18B59DA29,991240F8F197A94CC770D629AA07F0B649409A8B6F6E7F35159FFA6A5F4C17F3,1246890292205910,1246890305252718,13046808,
atto,atto-serial,3B6A27BCCEB6A42D62A3A8D02A6F0D73653215771DE243A63AC048A18B59DA29,810,3B6A27BCCEB6A42D62A3A8D02A6F0D73653215771DE243A63AC048A18B59DA29,AAD0A8C935CD1EEFE9483044E24730D11463554B3E3A786BA48B0B1D9932C0F2,1246890305257787,1246890329352122,24094335,
atto,atto-serial,3B6A27BCCEB6A42D62A3A8D02A6F0D73653215771DE243A63AC048A18B59DA29,811,3B6A27BCCEB6A42D62A3A8D02A6F0D73653215771DE243A63AC048A18B59DA29,FD980F957D42048F1788786CCEBDB4A62FA3220BD53317E55457404413249A22,1246890329356801,1246890341867165,12510364,
atto,atto-serial,3B6A27BCCEB6A42D62A3A8D02A6F0D73653215771DE243A63AC048A18B59DA29,812,3B6A27BCCEB6A42D62A3A8D02A6F0D73653215771DE243A63AC048A18B59DA29,AB305B3CAF350E122E6A250488565D0F2D6332F1F47600E2DB29FCE783988446,1246890341872745,1246890354640431,12767686,
atto,atto-serial,3B6A27BCCEB6A42D62A3A8D02A6F0D73653215771DE243A63AC048A18B59DA29,813,3B6A27BCCEB6A42D62A3A8D02A6F0D73653215771DE243A63AC048A18B59DA29,8787C06A33560AB4CBBB1AB3A94FC173885DEAB0A3F2421FADE5D0B29A96E1AE,1246890354644829,1246890367418145,12773316,
atto,atto-serial,3B6A27BCCEB6A42D62A3A8D02A6F0D73653215771DE243A63AC048A18B59DA29,814,3B6A27BCCEB6A42D62A3A8D02A6F0D73653215771DE243A63AC048A18B59DA29,64CE20EE1CDAE6780880254C9DBB4DA51D99B330003DE59B8ED45D0B3F64335A,1246890367422593,1246890380533229,13110636,
atto,atto-serial,3B6A27BCCEB6A42D62A3A8D02A6F0D73653215771DE243A63AC048A18B59DA29,815,3B6A27BCCEB6A42D62A3A8D02A6F0D73653215771DE243A63AC048A18B59DA29,6618D3B402A7B59DD60798F12E98E8D89575CAAACB9131D4EEA41D0EB7AD9423,1246890380543228,1246890393804857,13261629,
atto,atto-serial,3B6A27BCCEB6A42D62A3A8D02A6F0D73653215771DE243A63AC048A18B59DA29,816,3B6A27BCCEB6A42D62A3A8D02A6F0D73653215771DE243A63AC048A18B59DA29,6947A399DC7E65AE81133E4406814282B6F3F74ED97498FC5CFCAA95B6070B38,1246890393809917,1246890406361528,12551611,
atto,atto-serial,3B6A27BCCEB6A42D62A3A8D02A6F0D73653215771DE243A63AC048A18B59DA29,817,3B6A27BCCEB6A42D62A3A8D02A6F0D73653215771DE243A63AC048A18B59DA29,32F3BFEA1A39DF0E3544A45BF58CCD6D0EEFC152AC967B624460D38B6565AAA8,1246890406373320,1246890418258665,11885345,
atto,atto-serial,3B6A27BCCEB6A42D62A3A8D02A6F0D73653215771DE243A63AC048A18B59DA29,818,3B6A27BCCEB6A42D62A3A8D02A6F0D73653215771DE243A63AC048A18B59DA29,FEBD7081CA8F2B3B034621FA73C17D47A43F490F4E76AB297033383ADAA18FD0,1246890418263444,1246890430361486,12098042,
atto,atto-serial,3B6A27BCCEB6A42D62A3A8D02A6F0D73653215771DE243A63AC048A18B59DA29,819,3B6A27BCCEB6A42D62A3A8D02A6F0D73653215771DE243A63AC048A18B59DA29,7737962DC32184BA87EA687F3816987453A740620A8E9D8E5E47828E59D7A66D,1246890430367057,1246890443375663,13008606,
atto,atto-serial,3B6A27BCCEB6A42D62A3A8D02A6F0D73653215771DE243A63AC048A18B59DA29,820,3B6A27BCCEB6A42D62A3A8D02A6F0D73653215771DE243A63AC048A18B59DA29,7D5D50DC1E0908819E56751D5645A294075B91106B9A5C69FC12FF1D237F1DF7,1246890443380061,1246890465274540,21894479,
atto,atto-serial,3B6A27BCCEB6A42D62A3A8D02A6F0D73653215771DE243A63AC048A18B59DA29,821,3B6A27BCCEB6A42D62A3A8D02A6F0D73653215771DE243A63AC048A18B59DA29,DE89A659BF8BEDE44CD7C00D2C1708C54DAF54F0EBDCFAC513073E6FEFC5AD3E,1246890465280301,1246890482310991,17030690,
atto,atto-serial,3B6A27BCCEB6A42D62A3A8D02A6F0D73653215771DE243A63AC048A18B59DA29,822,3B6A27BCCEB6A42D62A3A8D02A6F0D73653215771DE243A63AC048A18B59DA29,D4A7BDA9A3603C14BA2EB5061AD96107C8DEA550915CDB6709C872BEF4A73BC6,1246890482315850,1246890496088356,13772506,
atto,atto-serial,3B6A27BCCEB6A42D62A3A8D02A6F0D73653215771DE243A63AC048A18B59DA29,823,3B6A27BCCEB6A42D62A3A8D02A6F0D73653215771DE243A63AC048A18B59DA29,034229962336C7571B58157706194D54801BBA57A272219C72BC4CAD9768DEC3,1246890496092774,1246890509109786,13017012,
atto,atto-serial,3B6A27BCCEB6A42D62A3A8D02A6F0D73653215771DE243A63AC048A18B59DA29,824,3B6A27BCCEB6A42D62A3A8D02A6F0D73653215771DE243A63AC048A18B59DA29,927066E2BF8211114BF979B9DE76325BC971243FC180569DF34967B45A56B73F,1246890509114534,1246890532115373,23000839,
atto,atto-serial,3B6A27BCCEB6A42D62A3A8D02A6F0D73653215771DE243A63AC048A18B59DA29,825,3B6A27BCCEB6A42D62A3A8D02A6F0D73653215771DE243A63AC048A18B59DA29,0B721923027BC79DA0A1417D9B3AFAD2E96CB7469B56E2C7DAB7C85E5736CA15,1246890532123889,1246890547486819,15362930,
atto,atto-serial,3B6A27BCCEB6A42D62A3A8D02A6F0D73653215771DE243A63AC048A18B59DA29,826,3B6A27BCCEB6A42D62A3A8D02A6F0D73653215771DE243A63AC048A18B59DA29,094E8E7F803D0F320B1869A7465B24D5894F6AFB633CC28B78E9DBFD6C25F1FC,1246890547491899,1246890560027019,12535120,
atto,atto-serial,3B6A27BCCEB6A42D62A3A8D02A6F0D73653215771DE243A63AC048A18B59DA29,827,3B6A27BCCEB6A42D62A3A8D02A6F0D73653215771DE243A63AC048A18B59DA29,5C42599A8561A25CF4BF7FD8F35F10A2FF771530F4165ECF78A089F26917388C,1246890560031848,1246890572834288,12802440,
atto,atto-serial,3B6A27BCCEB6A42D62A3A8D02A6F0D73653215771DE243A63AC048A18B59DA29,828,3B6A27BCCEB6A42D62A3A8D02A6F0D73653215771DE243A63AC048A18B59DA29,55F090326C10D1BD2DA13C8CC393BF3251255D68BC8B6FD703004BD54FEFAE97,1246890572839087,1246890585939355,13100268,
atto,atto-serial,3B6A27BCCEB6A42D62A3A8D02A6F0D73653215771DE243A63AC048A18B59DA29,829,3B6A27BCCEB6A42D62A3A8D02A6F0D73653215771DE243A63AC048A18B59DA29,E17709D2ACCCA8C72DBFB7976CBEE7371BF1CB0B5351D5348A728F1417FF68D7,1246890585944104,1246890598427076,12482972,
atto,atto-serial,3B6A27BCCEB6A42D62A3A8D02A6F0D73653215771DE243A63AC048A18B59DA29,830,3B6A27BCCEB6A42D62A3A8D02A6F0D73653215771DE243A63AC048A18B59DA29,ECD17075C1558F75B53DF22FC544111D233141CB5EC149875DA59B266AFF9BCD,1246890598431475,1246890616626633,18195158,
atto,atto-serial,3B6A27BCCEB6A42D62A3A8D02A6F0D73653215771DE243A63AC048A18B59DA29,831,3B6A27BCCEB6A42D62A3A8D02A6F0D73653215771DE243A63AC048A18B59DA29,2B1372F6DB0A24DE368DC341DE9548FCB8CA65D29A445021556766377E6FA5C4,1246890616630230,1246890632331273,15701043,
atto,atto-serial,3B6A27BCCEB6A42D62A3A8D02A6F0D73653215771DE243A63AC048A18B59DA29,832,3B6A27BCCEB6A42D62A3A8D02A6F0D73653215771DE243A63AC048A18B59DA29,BA67A2E98BC8B16294992CF3E4C2B88DAD6FA00EB6FFC41BEC577002CA1F7B5B,1246890632336603,1246890645082277,12745674,
atto,atto-serial,3B6A27BCCEB6A42D62A3A8D02A6F0D73653215771DE243A63AC048A18B59DA29,833,3B6A27BCCEB6A42D62A3A8D02A6F0D73653215771DE243A63AC048A18B59DA29,9885A0B00C9239F960D12F17B8EC982C8F27E5C0A8BA0F5BEB0CCED4AA5D7A76,1246890645086355,1246890663178802,18092447,
atto,atto-serial,3B6A27BCCEB6A42D62A3A8D02A6F0D73653215771DE243A63AC048A18B59DA29,834,3B6A27BCCEB6A42D62A3A8D02A6F0D73653215771DE243A63AC048A18B59DA29,324D0145631B64EE79A5F0FB6ED63C0DC59F753DE1CB9C981422E72D7E596874,1246890663183611,1246890676985861,13802250,
atto,atto-serial,3B6A27BCCEB6A42D62A3A8D02A6F0D73653215771DE243A63AC048A18B59DA29,835,3B6A27BCCEB6A42D62A3A8D02A6F0D73653215771DE243A63AC048A18B59DA29,78D56B5B8165822CC46F86EE5B4FD814378B9C9352B09BA7353BC93CBCDA56E6,1246890676990069,1246890689744730,12754661,
atto,atto-serial,3B6A27BCCEB6A42D62A3A8D02A6F0D73653215771DE243A63AC048A18B59DA29,836,3B6A27BCCEB6A42D62A3A8D02A6F0D73653215771DE243A63AC048A18B59DA29,54F939B29ABC4E357AF2D87C359F9595416A50E1AD935CD9B88AE4AB186DBD72,1246890689774095,1246890702542782,12768687,
atto,atto-serial,3B6A27BCCEB6A42D62A3A8D02A6F0D73653215771DE243A63AC048A18B59DA29,837,3B6A27BCCEB6A42D62A3A8D02A6F0D73653215771DE243A63AC048A18B59DA29,687587162EDABAF71767ED4417DA814BE7A3E6F198B909CED11B3B2C551D149F,1246890702546829,1246890717338541,14791712,
atto,atto-serial,3B6A27BCCEB6A42D62A3A8D02A6F0D73653215771DE243A63AC048A18B59DA29,838,3B6A27BCCEB6A42D62A3A8D02A6F0D73653215771DE243A63AC048A18B59DA29,B415701BEE97E812160A1D38139F25055B2D229E17A26DCF50DD10814FED5689,1246890717342889,1246890734612166,17269277,
atto,atto-serial,3B6A27BCCEB6A42D62A3A8D02A6F0D73653215771DE243A63AC048A18B59DA29,839,3B6A27BCCEB6A42D62A3A8D02A6F0D73653215771DE243A63AC048A18B59DA29,5EC46FF139670B069D86454A89A7B8092861BA72C304670500075162005B7F8D,1246890734617486,1246890747304781,12687295,
atto,atto-serial,3B6A27BCCEB6A42D62A3A8D02A6F0D73653215771DE243A63AC048A18B59DA29,840,3B6A27BCCEB6A42D62A3A8D02A6F0D73653215771DE243A63AC048A18B59DA29,87D8C1D04737CE8CBD9598D2538A044E73F324180E933F4F0FD259E16E8D6514,1246890747308788,1246890763079381,15770593,
atto,atto-serial,3B6A27BCCEB6A42D62A3A8D02A6F0D73653215771DE243A63AC048A18B59DA29,841,3B6A27BCCEB6A42D62A3A8D02A6F0D73653215771DE243A63AC048A18B59DA29,A39B58CFA617E83D6A91CE83C87FDC2C33CF0C602EF1906AAB6B339B2B0CC3A9,1246890763086384,1246890775987369,12900985,
atto,atto-serial,3B6A27BCCEB6A42D62A3A8D02A6F0D73653215771DE243A63AC048A18B59DA29,842,3B6A27BCCEB6A42D62A3A8D02A6F0D73653215771DE243A63AC048A18B59DA29,BF008C3B8F78E15DE796A7EC65FE2BFA4810AD1FCD853E3D1AC1017D43E08FC8,1246890775991938,1246890789028967,13037029,
atto,atto-serial,3B6A27BCCEB6A42D62A3A8D02A6F0D73653215771DE243A63AC048A18B59DA29,843,3B6A27BCCEB6A42D62A3A8D02A6F0D73653215771DE243A63AC048A18B59DA29,E242BD32179EB606F2608D7F112B8A99D15C964E16A651422FBFE77EC5671F72,1246890789034207,1246890801409658,12375451,
atto,atto-serial,3B6A27BCCEB6A42D62A3A8D02A6F0D73653215771DE243A63AC048A18B59DA29,844,3B6A27BCCEB6A42D62A3A8D02A6F0D73653215771DE243A63AC048A18B59DA29,D1ADE81E7A2774F7F38A38177D6FF171E0C52583822C6691C5ACCD272751E33A,1246890801413916,1246890814636322,13222406,
atto,atto-serial,3B6A27BCCEB6A42D62A3A8D02A6F0D73653215771DE243A63AC048A18B59DA29,845,3B6A27BCCEB6A42D62A3A8D02A6F0D73653215771DE243A63AC048A18B59DA29,43B5BD72F456CC48622E0F54212A5C723C14EDF9CE77ACB7648276D4251F8814,1246890814640700,1246890828244630,13603930,
atto,atto-serial,3B6A27BCCEB6A42D62A3A8D02A6F0D73653215771DE243A63AC048A18B59DA29,846,3B6A27BCCEB6A42D62A3A8D02A6F0D73653215771DE243A63AC048A18B59DA29,A2C03C0DD23E443832281F2CC144B6641D4CC21FFEE1D125C07BB69AED4ADD00,1246890828249209,1246890841252484,13003275,
atto,atto-serial,3B6A27BCCEB6A42D62A3A8D02A6F0D73653215771DE243A63AC048A18B59DA29,847,3B6A27BCCEB6A42D62A3A8D02A6F0D73653215771DE243A63AC048A18B59DA29,5C5D52C18C86504BFFCBED058009F3691E4B7276733A99792A83168CE492B518,1246890841256592,1246890854767898,13511306,
atto,atto-serial,3B6A27BCCEB6A42D62A3A8D02A6F0D73653215771DE243A63AC048A18B59DA29,848,3B6A27BCCEB6A42D62A3A8D02A6F0D73653215771DE243A63AC048A18B59DA29,0F80B87149C71158FF76526F2BA24284FA9292088BB7FA3DB2180804F356049A,1246890854772397,1246890871056490,16284093,
atto,atto-serial,3B6A27BCCEB6A42D62A3A8D02A6F0D73653215771DE243A63AC048A18B59DA29,849,3B6A27BCCEB6A42D62A3A8D02A6F0D73653215771DE243A63AC048A18B59DA29,D7A4D4209CF0B4182A685112D7047AB4C4BFC565F1327CA4E715734EC62C2FC1,1246890871060698,1246890884506933,13446235,
atto,atto-serial,3B6A27BCCEB6A42D62A3A8D02A6F0D73653215771DE243A63AC048A18B59DA29,850,3B6A27BCCEB6A42D62A3A8D02A6F0D73653215771DE243A63AC048A18B59DA29,6829711997DBD4BFBAAFDA56EF00488E70045EEC7FBDB0F0030B6EC8241A0B02,1246890884511672,1246890900373676,15862004,
atto,atto-serial,3B6A27BCCEB6A42D62A3A8D02A6F0D73653215771DE243A63AC048A18B59DA29,851,3B6A27BCCEB6A42D62A3A8D02A6F0D73653215771DE243A63AC048A18B59DA29,FB1EC6EEA87958A9BD6D797BFE43476173985F982F63DCAA95F5CD3EF5BF9B8C,1246890900378345,1246890912889430,12511085,
atto,atto-serial,3B6A27BCCEB6A42D62A3A8D02A6F0D73653215771DE243A63AC048A18B59DA29,852,3B6A27BCCEB6A42D62A3A8D02A6F0D73653215771DE243A63AC048A18B59DA29,7DB730D0C019F5A0C1F253B45E915ADC1D1BC3DD170331E57C9BB953CB39BF3E,1246890912893507,1246890926360250,13466743,
atto,atto-serial,3B6A27BCCEB6A42D62A3A8D02A6F0D73653215771DE243A63AC048A18B59DA29,853,3B6A27BCCEB6A42D62A3A8D02A6F0D73653215771DE243A63AC048A18B59DA29,05475D12B2235342663A6B7D19F69881CD66A8A2EFBA62274B2B072E87188DED,1246890926364729,1246890939364799,13000070,
atto,atto-serial,3B6A27BCCEB6A42D62A3A8D02A6F0D73653215771DE243A63AC048A18B59DA29,854,3B6A27BCCEB6A42D62A3A8D02A6F0D73653215771DE243A63AC048A18B59DA29,ADD330862F312542DF312A46837C721D11E62C2CB7EC765638E77D6125440511,1246890939369197,1246890952146410,12777213,
atto,atto-serial,3B6A27BCCEB6A42D62A3A8D02A6F0D73653215771DE243A63AC048A18B59DA29,855,3B6A27BCCEB6A42D62A3A8D02A6F0D73653215771DE243A63AC048A18B59DA29,74D409947662E6F5E5FAAC213395E10457872454326CA48CE4346D9FA1EB4C64,1246890952150327,1246890967842354,15692027,
atto,atto-serial,3B6A27BCCEB6A42D62A3A8D02A6F0D73653215771DE243A63AC048A18B59DA29,856,3B6A27BCCEB6A42D62A3A8D02A6F0D73653215771DE243A63AC048A18B59DA29,48EC0995A0CD418130C54C0E501F83EEDC2BE1E92708390EEF0620B22D248CC0,1246890967846852,1246890981256879,13410027,
atto,atto-serial,3B6A27BCCEB6A42D62A3A8D02A6F0D73653215771DE243A63AC048A18B59DA29,857,3B6A27BCCEB6A42D62A3A8D02A6F0D73653215771DE243A63AC048A18B59DA29,88C6F7D8C73F8D3951B3AF85E317958EBA29489D4836BC7E07CFEE2C9852CE51,1246890981261588,1246890994429532,13167944,
atto,atto-serial,3B6A27BCCEB6A42D62A3A8D02A6F0D73653215771DE243A63AC048A18B59DA29,858,3B6A27BCCEB6A42D62A3A8D02A6F0D73653215771DE243A63AC048A18B59DA29,7C88D19067A8FECDC0BC644D0FDE0DD66E1CF92585386CA13EB412471DBD225A,1246890994434241,1246891006593578,12159337,
atto,atto-serial,3B6A27BCCEB6A42D62A3A8D02A6F0D73653215771DE243A63AC048A18B59DA29,859,3B6A27BCCEB6A42D62A3A8D02A6F0D73653215771DE243A63AC048A18B59DA29,DAF72A7F745941E8E043025DD4F9D35769C276547B0EB71C91E9309799F67922,1246891006598567,1246891019404574,12806007,
atto,atto-serial,3B6A27BCCEB6A42D62A3A8D02A6F0D73653215771DE243A63AC048A18B59DA29,860,3B6A27BCCEB6A42D62A3A8D02A6F0D73653215771DE243A63AC048A18B59DA29,F0D643511D749048CCCC80A2B371BB54ED6FB7EE5A8CFEE867A1CC480FDBF0F5,1246891019410736,1246891032283617,12872881,
atto,atto-serial,3B6A27BCCEB6A42D62A3A8D02A6F0D73653215771DE243A63AC048A18B59DA29,861,3B6A27BCCEB6A42D62A3A8D02A6F0D73653215771DE243A63AC048A18B59DA29,4785DFE970C05BD50B90097F24080C2D17F44B11934F886CA0515567E09C55C0,1246891032288146,1246891045479033,13190887,
atto,atto-serial,3B6A27BCCEB6A42D62A3A8D02A6F0D73653215771DE243A63AC048A18B59DA29,862,3B6A27BCCEB6A42D62A3A8D02A6F0D73653215771DE243A63AC048A18B59DA29,A2F578031E86BF9AD1B376A96A0F6CA43C845D230EE1E5CF15DF527585098F23,1246891045483541,1246891061333413,15849872,
atto,atto-serial,3B6A27BCCEB6A42D62A3A8D02A6F0D73653215771DE243A63AC048A18B59DA29,863,3B6A27BCCEB6A42D62A3A8D02A6F0D73653215771DE243A63AC048A18B59DA29,974C1D92AD0AE8376C46186899887B034FC155CB2875CA532A7DDE14F28C2D87,1246891061337731,1246891079280577,17942846,
atto,atto-serial,3B6A27BCCEB6A42D62A3A8D02A6F0D73653215771DE243A63AC048A18B59DA29,864,3B6A27BCCEB6A42D62A3A8D02A6F0D73653215771DE243A63AC048A18B59DA29,DA144821A20EED41C5F1BFD033E1B298DEC14A57148C0B7D45B2C9304B45B4CF,1246891079285406,1246891091762648,12477242,
atto,atto-serial,3B6A27BCCEB6A42D62A3A8D02A6F0D73653215771DE243A63AC048A18B59DA29,865,3B6A27BCCEB6A42D62A3A8D02A6F0D73653215771DE243A63AC048A18B59DA29,9055CB0FABDB6BD2E3D9FC65A3A05CFD3A02208EA96F791E39A69245648BF654,1246891091767508,1246891104713046,12945538,
atto,atto-serial,3B6A27BCCEB6A42D62A3A8D02A6F0D73653215771DE243A63AC048A18B59DA29,866,3B6A27BCCEB6A42D62A3A8D02A6F0D73653215771DE243A63AC048A18B59DA29,5203122CED9298269E6E85C8B7A06CBEA6C94ED7819002B464C529BF7E3D2E63,1246891104717744,1246891117363712,12645968,
atto,atto-serial,3B6A27BCCEB6A42D62A3A8D02A6F0D73653215771DE243A63AC048A18B59DA29,867,3B6A27BCCEB6A42D62A3A8D02A6F0D73653215771DE243A63AC048A18B59DA29,AA451DCECD18749ACAD49AE6BC6340C15648F0A0D7F57CF1AF9A30DCD398B49E,1246891117367599,1246891136413370,19045771,
atto,atto-serial,3B6A27BCCEB6A42D62A3A8D02A6F0D73653215771DE243A63AC048A18B59DA29,868,3B6A27BCCEB6A42D62A3A8D02A6F0D73653215771DE243A63AC048A18B59DA29,6C5C8103E3BCA68E26CF7ACFE64B2C322F82E8A4C8BF9FE664567561F3C9E9D9,1246891136418098,1246891149188479,12770381,
atto,atto-serial,3B6A27BCCEB6A42D62A3A8D02A6F0D73653215771DE243A63AC048A18B59DA29,869,3B6A27BCCEB6A42D62A3A8D02A6F0D73653215771DE243A63AC048A18B59DA29,021BE5AEFE9B17A9FC119B3A8638D21F27359FF604151566CE6ABD6DB4ED258F,1246891149192837,1246891161263869,12071032,
atto,atto-serial,3B6A27BCCEB6A42D62A3A8D02A6F0D73653215771DE243A63AC048A18B59DA29,870,3B6A27BCCEB6A42D62A3A8D02A6F0D73653215771DE243A63AC048A18B59DA29,259E08E6F962BB59B9129EE42A40D6E9A71F4D16EBA8D93C4A17DFEB9842B61E,1246891161267936,1246891173304193,12036257,
atto,atto-serial,3B6A27BCCEB6A42D62A3A8D02A6F0D73653215771DE243A63AC048A18B59DA29,871,3B6A27BCCEB6A42D62A3A8D02A6F0D73653215771DE243A63AC048A18B59DA29,E424284688CB94959D6CDECFEF6BE0C9A223A58D7EFF5A37DB6E903559A74ED1,1246891173308080,1246891198823033,25514953,
atto,atto-serial,3B6A27BCCEB6A42D62A3A8D02A6F0D73653215771DE243A63AC048A18B59DA29,872,3B6A27BCCEB6A42D62A3A8D02A6F0D73653215771DE243A63AC048A18B59DA29,6ADE8BA5E040D7E74CDB19A4DE238CA4D843667024E01D3A033296D9D85A3FC5,1246891198828042,1246891215091567,16263525,
atto,atto-serial,3B6A27BCCEB6A42D62A3A8D02A6F0D73653215771DE243A63AC048A18B59DA29,873,3B6A27BCCEB6A42D62A3A8D02A6F0D73653215771DE243A63AC048A18B59DA29,9FDF36033CD8D19F081EF1C828F9A4B2D18DB6E944A6596865BD315297198EE8,1246891215095946,1246891228905630,13809684,
atto,atto-serial,3B6A27BCCEB6A42D62A3A8D02A6F0D73653215771DE243A63AC048A18B59DA29,874,3B6A27BCCEB6A42D62A3A8D02A6F0D73653215771DE243A63AC048A18B59DA29,C00EF61DD00CDFF44B802E1B3373D6822886779F11CA13FA422A0DEEAD4FCDD3,1246891228910479,1246891241152401,12241922,
atto,atto-serial,3B6A27BCCEB6A42D62A3A8D02A6F0D73653215771DE243A63AC048A18B59DA29,875,3B6A27BCCEB6A42D62A3A8D02A6F0D73653215771DE243A63AC048A18B59DA29,368794139F5CB3F55CFDBBF98CDCD324D3A396B69755645408C86C94ABD3F306,1246891241157791,1246891253671932,12514141,
atto,atto-serial,3B6A27BCCEB6A42D62A3A8D02A6F0D73653215771DE243A63AC048A18B59DA29,876,3B6A27BCCEB6A42D62A3A8D02A6F0D73653215771DE243A63AC048A18B59DA29,B45289AEB33867D6016578DF99D77D9F92779E45C1D7346E7CEE74F03B81343F,1246891253676661,1246891266518134,12841473,
atto,atto-serial,3B6A27BCCEB6A42D62A3A8D02A6F0D73653215771DE243A63AC048A18B59DA29,877,3B6A27BCCEB6A42D62A3A8D02A6F0D73653215771DE243A63AC048A18B59DA29,D8644A4A6AEB0A6211ABBC2C2DE06FCB32091D521764AEAEA265C52B6B32EFC2,1246891266523083,1246891288827139,22304056,
atto,atto-serial,3B6A27BCCEB6A42D62A3A8D02A6F0D73653215771DE243A63AC048A18B59DA29,878,3B6A27BCCEB6A42D62A3A8D02A6F0D73653215771DE243A63AC048A18B59DA29,FE02EA6BD25B2D771A9F8DA14038C6DE7E78549D56A6897ED17729FAFF011B43,1246891288834643,1246891301380603,12545960,
atto,atto-serial,3B6A27BCCEB6A42D62A3A8D02A6F0D73653215771DE243A63AC048A18B59DA29,879,3B6A27BCCEB6A42D62A3A8D02A6F0D73653215771DE243A63AC048A18B59DA29,1243F135998997AEACBDC1E2B45234AB4DBC61A7F9814CDA45710D3035D48A3B,1246891301384421,1246891314879566,13495145,
atto,atto-serial,3B6A27BCCEB6A42D62A3A8D02A6F0D73653215771DE243A63AC048A18B59DA29,880,3B6A27BCCEB6A42D62A3A8D02A6F0D73653215771DE243A63AC048A18B59DA29,147462846153587767EFABFD873A4081772FBDADAC2D07CE05A9291B566D9995,1246891314884025,1246891333618423,18734398,
atto,atto-serial,3B6A27BCCEB6A42D62A3A8D02A6F0D73653215771DE243A63AC048A18B59DA29,881,3B6A27BCCEB6A42D62A3A8D02A6F0D73653215771DE243A63AC048A18B59DA29,ECBC2AE5BFF70A5C572A89DF0E51B3ECDB67781BC0832EEFF9391D3AAA45575B,1246891333622981,1246891363604369,29981388,
atto,atto-serial,3B6A27BCCEB6A42D62A3A8D02A6F0D73653215771DE243A63AC048A18B59DA29,882,3B6A27BCCEB6A42D62A3A8D02A6F0D73653215771DE243A63AC048A18B59DA29,23D3D2477AD0C92D50A271FC10E2FA227F072DBA71EE3C8F0A895ACFCB0A34AA,1246891363609268,1246891376735945,13126677,
atto,atto-serial,3B6A27BCCEB6A42D62A3A8D02A6F0D73653215771DE243A63AC048A18B59DA29,883,3B6A27BCCEB6A42D62A3A8D02A6F0D73653215771DE243A63AC048A18B59DA29,68811282F977FC69800E6555C409E3E5E7F4AC7CD7076E7C038E6630AC9F299E,1246891376740263,1246891389357657,12617394,
atto,atto-serial,3B6A27BCCEB6A42D62A3A8D02A6F0D73653215771DE243A63AC048A18B59DA29,884,3B6A27BCCEB6A42D62A3A8D02A6F0D73653215771DE243A63AC048A18B59DA29,B552B38CEEE95AA535EEFBBB565998ADD220E88CF03E49C94D142476F6CF5E09,1246891389362035,1246891402141202,12779167,
atto,atto-serial,3B6A27BCCEB6A42D62A3A8D02A6F0D73653215771DE243A63AC048A18B59DA29,885,3B6A27BCCEB6A42D62A3A8D02A6F0D73653215771DE243A63AC048A18B59DA29,3EE1E1337AFBCDDD6D3F27EBA3EB24490E5FCD7644BFC0D9EFA9A5DC6DD53A2E,1246891402146111,1246891415294509,13148398,
atto,atto-serial,3B6A27BCCEB6A42D62A3A8D02A6F0D73653215771DE243A63AC048A18B59DA29,886,3B6A27BCCEB6A42D62A3A8D02A6F0D73653215771DE243A63AC048A18B59DA29,A1006779CCCBDD3003F2D84C0C576EA747A881004717B6BCEB2029F2E6CED848,1246891415301953,1246891427314515,12012562,
atto,atto-serial,3B6A27BCCEB6A42D62A3A8D02A6F0D73653215771DE243A63AC048A18B59DA29,887,3B6A27BCCEB6A42D62A3A8D02A6F0D73653215771DE243A63AC048A18B59DA29,C0AE5361C16312EA3D517DCD383896AE6554DDBC91AB8D75DD48D39A98E3C9EA,1246891427318573,1246891443254165,15935592,
atto,atto-serial,3B6A27BCCEB6A42D62A3A8D02A6F0D73653215771DE243A63AC048A18B59DA29,888,3B6A27BCCEB6A42D62A3A8D02A6F0D73653215771DE243A63AC048A18B59DA29,352F8693F1F21BA3CF33369A09FDEB2B39E39DDAF7D736BE5CEC0FDC465906F0,1246891443258964,1246891456438499,13179535,
atto,atto-serial,3B6A27BCCEB6A42D62A3A8D02A6F0D73653215771DE243A63AC048A18B59DA29,889,3B6A27BCCEB6A42D62A3A8D02A6F0D73653215771DE243A63AC048A18B59DA29,1A7BAB32B253AC16E45DE2F2A8ED8A5FF711173ED059EF3C959100232CB19E77,1246891456443378,1246891471672669,15229291,
atto,atto-serial,3B6A27BCCEB6A42D62A3A8D02A6F0D73653215771DE243A63AC048A18B59DA29,890,3B6A27BCCEB6A42D62A3A8D02A6F0D73653215771DE243A63AC048A18B59DA29,1B22CA5D3EAFA7EFECB55BC546A6971507D11142BFE8156542E30DA0CA1EC445,1246891471676696,1246891484882982,13206286,
atto,atto-serial,3B6A27BCCEB6A42D62A3A8D02A6F0D73653215771DE243A63AC048A18B59DA29,891,3B6A27BCCEB6A42D62A3A8D02A6F0D73653215771DE243A63AC048A18B59DA29,81863EAB54F1AAC2E7AC2379A3001D044146A161C50B732E48D99962C1D9DBA9,1246891484887050,1246891497712643,12825593,
atto,atto-serial,3B6A27BCCEB6A42D62A3A8D02A6F0D73653215771DE243A63AC048A18B59DA29,892,3B6A27BCCEB6A42D62A3A8D02A6F0D73653215771DE243A63AC048A18B59DA29,F080FDE939038ED90397A8750485FB2130C59B82BD98A2C21C9A638AFB22DCFD,1246891497717172,1246891511101511,13384339,
atto,atto-serial,3B6A27BCCEB6A42D62A3A8D02A6F0D73653215771DE243A63AC048A18B59DA29,893,3B6A27BCCEB6A42D62A3A8D02A6F0D73653215771DE243A63AC048A18B59DA29,27E5C01454A28571FDFDE0BE6A3947C950A8E827B1990E01CC9542CC9B3DE66F,1246891511105849,1246891524177763,13071914,
atto,atto-serial,3B6A27BCCEB6A42D62A3A8D02A6F0D73653215771DE243A63AC048A18B59DA29,894,3B6A27BCCEB6A42D62A3A8D02A6F0D73653215771DE243A63AC048A18B59DA29,4E00D2715E410687601EE204C52823CF4CDD13580B332E1DA2E29EDC47FA0D33,1246891524182412,1246891538044024,13861612,
atto,atto-serial,3B6A27BCCEB6A42D62A3A8D02A6F0D73653215771DE243A63AC048A18B59DA29,895,3B6A27BCCEB6A42D62A3A8D02A6F0D73653215771DE243A63AC048A18B59DA29,EA534938DA2502E2FE578801952DFC763F49FA54F4589AB4E800A1C0F819C30A,1246891538048131,1246891556285850,18237719,
atto,atto-serial,3B6A27BCCEB6A42D62A3A8D02A6F0D73653215771DE243A63AC048A18B59DA29,896,3B6A27BCCEB6A42D62A3A8D02A6F0D73653215771DE243A63AC048A18B59DA29,EF2F941227A3911B2525F4FEBD01444D85EF8AB6DA41CC580628BBE3ED9BC7C4,1246891556290408,1246891572031486,15741078,
atto,atto-serial,3B6A27BCCEB6A42D62A3A8D02A6F0D73653215771DE243A63AC048A18B59DA29,897,3B6A27BCCEB6A42D62A3A8D02A6F0D73653215771DE243A63AC048A18B59DA29,A26E3899B1B315BEA7928191991C791D487D1BD1033C1B2722AF2E43D40D8B8E,1246891572035564,1246891585780297,13744733,
atto,atto-serial,3B6A27BCCEB6A42D62A3A8D02A6F0D73653215771DE243A63AC048A18B59DA29,898,3B6A27BCCEB6A42D62A3A8D02A6F0D73653215771DE243A63AC048A18B59DA29,C68D614948965C76DFB3681BB1D7927542F32BAA655B50CA1430C1654A70944C,1246891585784996,1246891598159155,12374159,
atto,atto-serial,3B6A27BCCEB6A42D62A3A8D02A6F0D73653215771DE243A63AC048A18B59DA29,899,3B6A27BCCEB6A42D62A3A8D02A6F0D73653215771DE243A63AC048A18B59DA29,92273CB5DB94A15706F4C3C9B914CBB5ECBFEC7FC145B2FE55C9FD02BD72CB79,1246891598163974,1246891611645564,13481590,
atto,atto-serial,3B6A27BCCEB6A42D62A3A8D02A6F0D73653215771DE243A63AC048A18B59DA29,900,3B6A27BCCEB6A42D62A3A8D02A6F0D73653215771DE243A63AC048A18B59DA29,1071E96957D0C98A6C728421B8FFC8FB88997466F2C6797A003E401A45471C4E,1246891611649622,1246891624128477,12478855,
atto,atto-serial,3B6A27BCCEB6A42D62A3A8D02A6F0D73653215771DE243A63AC048A18B59DA29,901,3B6A27BCCEB6A42D62A3A8D02A6F0D73653215771DE243A63AC048A18B59DA29,E9FE23316B2F0D6FB6054E3B12945F1C5019F89FA691A50E3EE885F696745134,1246891624132524,1246891636630595,12498071,
atto,atto-serial,3B6A27BCCEB6A42D62A3A8D02A6F0D73653215771DE243A63AC048A18B59DA29,902,3B6A27BCCEB6A42D62A3A8D02A6F0D73653215771DE243A63AC048A18B59DA29,2C9934F0AE2564D9A3C4AB41CBE33481FD576937C5FB3307B35F63DBF108A9B0,1246891636635214,1246891649821522,13186308,
atto,atto-serial,3B6A27BCCEB6A42D62A3A8D02A6F0D73653215771DE243A63AC048A18B59DA29,903,3B6A27BCCEB6A42D62A3A8D02A6F0D73653215771DE243A63AC048A18B59DA29,D51135BD617C6E3240139E285D285C2538C6AFD500EAE9C01E60CBD3589E47D3,1246891649826031,1246891662421754,12595723,
atto,atto-serial,3B6A27BCCEB6A42D62A3A8D02A6F0D73653215771DE243A63AC048A18B59DA29,904,3B6A27BCCEB6A42D62A3A8D02A6F0D73653215771DE243A63AC048A18B59DA29,8566B8004EA4206442BC2D9D5AEC81B344E79832EC8C08DA563D674E816A42C5,1246891662426533,1246891681799145,19372612,
atto,atto-serial,3B6A27BCCEB6A42D62A3A8D02A6F0D73653215771DE243A63AC048A18B59DA29,905,3B6A27BCCEB6A42D62A3A8D02A6F0D73653215771DE243A63AC048A18B59DA29,0B21BC9F238FA30310442255147AC5925780828DDA699E3AAE53A15A2867D9E0,1246891681803152,1246891694650817,12847665,
atto,atto-serial,3B6A27BCCEB6A42D62A3A8D02A6F0D73653215771DE243A63AC048A18B59DA29,906,3B6A27BCCEB6A42D62A3A8D02A6F0D73653215771DE243A63AC048A18B59DA29,789DDE4AF6A49073F0B77E31F0F5723A5CBAB782E9BDC98CF902856CA6B2A831,1246891694655977,1246891710154330,15498353,
atto,atto-serial,3B6A27BCCEB6A42D62A3A8D02A6F0D73653215771DE243A63AC048A18B59DA29,907,3B6A27BCCEB6A42D62A3A8D02A6F0D73653215771DE243A63AC048A18B59DA29,2E7621E1ED6286EDA260F3D553D0FC3BB19A1B054B1D8FF27C4947C322B3B538,1246891710158819,1246891723233759,13074940,
atto,atto-serial,3B6A27BCCEB6A42D62A3A8D02A6F0D73653215771DE243A63AC048A18B59DA29,908,3B6A27BCCEB6A42D62A3A8D02A6F0D73653215771DE243A63AC048A18B59DA29,6E8D5BB6044778B0D21BDBC7D2B262D6589CB5B3F7CD969C6D4CB00AE7BF7DF2,1246891723238197,1246891736824925,13586728,
atto,atto-serial,3B6A27BCCEB6A42D62A3A8D02A6F0D73653215771DE243A63AC048A18B59DA29,909,3B6A27BCCEB6A42D62A3A8D02A6F0D73653215771DE243A63AC048A18B59DA29,DDB92C8F040BF757C341EC667BDA68679A82882B3BFDAA08A6EEA6069FD72454,1246891736839763,1246891758339002,21499239,
atto,atto-serial,3B6A27BCCEB6A42D62A3A8D02A6F0D73653215771DE243A63AC048A18B59DA29,910,3B6A27BCCEB6A42D62A3A8D02A6F0D73653215771DE243A63AC048A18B59DA29,416744BD2BEA3B3BF514DA6B587756D84F74D008CBF5DFEF99AACEF78851F6D2,1246891758343341,1246891771124852,12781511,
atto,atto-serial,3B6A27BCCEB6A42D62A3A8D02A6F0D73653215771DE243A63AC048A18B59DA29,911,3B6A27BCCEB6A42D62A3A8D02A6F0D73653215771DE243A63AC048A18B59DA29,CCFD9D0BB343F522CC3546012BDB56F7C2E88832C46A3501074FA8404FA71741,1246891771129400,1246891783761171,12631771,
atto,atto-serial,3B6A27BCCEB6A42D62A3A8D02A6F0D73653215771DE243A63AC048A18B59DA29,912,3B6A27BCCEB6A42D62A3A8D02A6F0D73653215771DE243A63AC048A18B59DA29,7246F94B9E789586A5E88C17C4BCBC4954EBBB861F025C3D33482986B3E93AF7,1246891783765600,1246891796545047,12779447,
atto,atto-serial,3B6A27BCCEB6A42D62A3A8D02A6F0D73653215771DE243A63AC048A18B59DA29,913,3B6A27BCCEB6A42D62A3A8D02A6F0D73653215771DE243A63AC048A18B59DA29,4DE3A26BDB02345C0CB569E0C2C186FE4366917A5D33920CCD89057D67AFA56F,1246891796549756,1246891815298410,18748654,
atto,atto-serial,3B6A27BCCEB6A42D62A3A8D02A6F0D73653215771DE243A63AC048A18B59DA29,914,3B6A27BCCEB6A42D62A3A8D02A6F0D73653215771DE243A63AC048A18B59DA29,790D14C871289946C0A1C70B72DD6FCA1F1F2085A6D165C818929AE953EAF8F5,1246891815303359,1246891828854219,13550860,
atto,atto-serial,3B6A27BCCEB6A42D62A3A8D02A6F0D73653215771DE243A63AC048A18B59DA29,915,3B6A27BCCEB6A42D62A3A8D02A6F0D73653215771DE243A63AC048A18B59DA29,72768418F0170B458D1F16CEC921BB25D109D6EE4F95A3EFECCCFF06636A254E,1246891828858898,1246891843193635,14334737,
atto,atto-serial,3B6A27BCCEB6A42D62A3A8D02A6F0D73653215771DE243A63AC048A18B59DA29,916,3B6A27BCCEB6A42D62A3A8D02A6F0D73653215771DE243A63AC048A18B59DA29,CFBB317E6A3AAF55D55D46B2FA2097BC19FCB2C388983D1C0066DB1689CBD6A1,1246891843198224,1246891855651721,12453497,
atto,atto-serial,3B6A27BCCEB6A42D62A3A8D02A6F0D73653215771DE243A63AC048A18B59DA29,917,3B6A27BCCEB6A42D62A3A8D02A6F0D73653215771DE243A63AC048A18B59DA29,BDFC8A45B2534D6C423167E39D40C594F79B2D4BFEA9BBD70D329D67FB655027,1246891855656711,1246891868328547,12671836,
atto,atto-serial,3B6A27BCCEB6A42D62A3A8D02A6F0D73653215771DE243A63AC048A18B59DA29,918,3B6A27BCCEB6A42D62A3A8D02A6F0D73653215771DE243A63AC048A18B59DA29,4F7E36B4429F2A0CDECC23579DBE32772C7BB0783DD17A555C69A7AA545697BE,1246891868333376,1246891898978665,30645289,
atto,atto-serial,3B6A27BCCEB6A42D62A3A8D02A6F0D73653215771DE243A63AC048A18B59DA29,919,3B6A27BCCEB6A42D62A3A8D02A6F0D73653215771DE243A63AC048A18B59DA29,EC75C0710A7BFDE06CCEE6C65DACD5B8B4BF21D7451CB9FCE56A4E575E4BF252,1246891898983845,1246891913278808,14294963,
atto,atto-serial,3B6A27BCCEB6A42D62A3A8D02A6F0D73653215771DE243A63AC048A18B59DA29,920,3B6A27BCCEB6A42D62A3A8D02A6F0D73653215771DE243A63AC048A18B59DA29,55F948384587F1008FD8422EBF2CE122B52098AD8A4722AD85CAE9031BBEFB3C,1246891913282735,1246891929190835,15908100,
atto,atto-serial,3B6A27BCCEB6A42D62A3A8D02A6F0D73653215771DE243A63AC048A18B59DA29,921,3B6A27BCCEB6A42D62A3A8D02A6F0D73653215771DE243A63AC048A18B59DA29,FC6014C374011A8EF37D625D0100B917345C49E14AC3269D5DD7930EDBFA0084,1246891929196245,1246891941572719,12376474,
atto,atto-serial,3B6A27BCCEB6A42D62A3A8D02A6F0D73653215771DE243A63AC048A18B59DA29,922,3B6A27BCCEB6A42D62A3A8D02A6F0D73653215771DE243A63AC048A18B59DA29,3461F8A5B0DAB42C9820DAAFAEED7501C5FD36897E5CADDC66ED9C06D7345139,1246891941577378,1246891963902342,22324964,
atto,atto-serial,3B6A27BCCEB6A42D62A3A8D02A6F0D73653215771DE243A63AC048A18B59DA29,923,3B6A27BCCEB6A42D62A3A8D02A6F0D73653215771DE243A63AC048A18B59DA29,D5A3BE954A65E87CADC98DAB3695859C35045A220E237E075045DCF69DC6218B,1246891963907051,1246891976686719,12779668,
atto,atto-serial,3B6A27BCCEB6A42D62A3A8D02A6F0D73653215771DE243A63AC048A18B59DA29,924,3B6A27BCCEB6A42D62A3A8D02A6F0D73653215771DE243A63AC048A18B59DA29,2F753262835FA800A7A3D4E80CF02D9AE20B1EF6028A32E4EC78F935D80D6A0E,1246891976693431,1246891992321537,15628106,
atto,atto-serial,3B6A27BCCEB6A42D62A3A8D02A6F0D73653215771DE243A63AC048A18B59DA29,925,3B6A27BCCEB6A42D62A3A8D02A6F0D73653215771DE243A63AC048A18B59DA29,F64FFEED5D4D460A363DE9E5F81903E371AF356B18E694674CA1A8951795B747,1246891992325865,1246892005795614,13469749,
atto,atto-serial,3B6A27BCCEB6A42D62A3A8D02A6F0D73653215771DE243A63AC048A18B59DA29,926,3B6A27BCCEB6A42D62A3A8D02A6F0D73653215771DE243A63AC048A18B59DA29,93ACF52542A07B2678FE75F5B8550D4614B1C13D86AB2B301B1874143E5C687D,1246892005800143,1246892023247703,17447560,
atto,atto-serial,3B6A27BCCEB6A42D62A3A8D02A6F0D73653215771DE243A63AC048A18B59DA29,927,3B6A27BCCEB6A42D62A3A8D02A6F0D73653215771DE243A63AC048A18B59DA29,0D7AB0F3039EF6B6362E2F3B17D93444D039E1F35E216FCAEA7FBD0EBB196EDD,1246892023252582,1246892035971697,12719115,
atto,atto-serial,3B6A27BCCEB6A42D62A3A8D02A6F0D73653215771DE243A63AC048A18B59DA29,928,3B6A27BCCEB6A42D62A3A8D02A6F0D73653215771DE243A63AC048A18B59DA29,6F33C65F2B000E833D09AE6F08497BC7B2E0795890EE3706B37DBA632D3C032A,1246892035976025,1246892053918811,17942786,
atto,atto-serial,3B6A27BCCEB6A42D62A3A8D02A6F0D73653215771DE243A63AC048A18B59DA29,929,3B6A27BCCEB6A42D62A3A8D02A6F0D73653215771DE243A63AC048A18B59DA29,F25234ECB1577BCB9CC3C19A1E85F3B920A506E3F1058AE0BAF9BBE89405F435,1246892053922819,1246892071706768,17783949,
atto,atto-serial,3B6A27BCCEB6A42D62A3A8D02A6F0D73653215771DE243A63AC048A18B59DA29,930,3B6A27BCCEB6A42D62A3A8D02A6F0D73653215771DE243A63AC048A18B59DA29,8747D21657FFAB53DDD7BA28B246E6760F91D75D9EB578D678B1099E86C41A8D,1246892071710676,1246892090320560,18609884,
atto,atto-serial,3B6A27BCCEB6A42D62A3A8D02A6F0D73653215771DE243A63AC048A18B59DA29,931,3B6A27BCCEB6A42D62A3A8D02A6F0D73653215771DE243A63AC048A18B59DA29,65EEEE3298F91670B9FB2E5E9D54F3CA4150D0BCFDBE355C637546BD46C95B97,1246892090324968,1246892103519422,13194454,
atto,atto-serial,3B6A27BCCEB6A42D62A3A8D02A6F0D73653215771DE243A63AC048A18B59DA29,932,3B6A27BCCEB6A42D62A3A8D02A6F0D73653215771DE243A63AC048A18B59DA29,3150D769BAC1E3C6F1E8AA49041D337368A0ECCFC80FBC08CF981126469C867B,1246892103524732,1246892128175427,24650695,
atto,atto-serial,3B6A27BCCEB6A42D62A3A8D02A6F0D73653215771DE243A63AC048A18B59DA29,933,3B6A27BCCEB6A42D62A3A8D02A6F0D73653215771DE243A63AC048A18B59DA29,A1823294B77676F91C6C4CD6EA93D69BBB7593A644DC9BCBB5D23C16B1437FF9,1246892128178834,1246892143993058,15814224,
atto,atto-serial,3B6A27BCCEB6A42D62A3A8D02A6F0D73653215771DE243A63AC048A18B59DA29,934,3B6A27BCCEB6A42D62A3A8D02A6F0D73653215771DE243A63AC048A18B59DA29,2F11BC81B5B1F55DF9A273FCE2A09BEEC3E58D9152E137979C3737CFA1F0C067,1246892143997857,1246892159423214,15425357,
atto,atto-serial,3B6A27BCCEB6A42D62A3A8D02A6F0D73653215771DE243A63AC048A18B59DA29,935,3B6A27BCCEB6A42D62A3A8D02A6F0D73653215771DE243A63AC048A18B59DA29,E8C8520813E54428C2063AFD681395AEB230F794C3D574B58D65E0DD9AD72F55,1246892159427843,1246892177665231,18237388,
atto,atto-serial,3B6A27BCCEB6A42D62A3A8D02A6F0D73653215771DE243A63AC048A18B59DA29,936,3B6A27BCCEB6A42D62A3A8D02A6F0D73653215771DE243A63AC048A18B59DA29,AA7A752910E9D77600834FB11E90FE97615CF78B23E3B85D27724002F3BE7901,1246892177669419,1246892194760472,17091053,
atto,atto-serial,3B6A27BCCEB6A42D62A3A8D02A6F0D73653215771DE243A63AC048A18B59DA29,937,3B6A27BCCEB6A42D62A3A8D02A6F0D73653215771DE243A63AC048A18B59DA29,CE391F898B7B4F9AE4FA62438937DA8B3F73C798A51F2A330673F3AD1BF104BD,1246892194764990,1246892212086755,17321765,
atto,atto-serial,3B6A27BCCEB6A42D62A3A8D02A6F0D73653215771DE243A63AC048A18B59DA29,938,3B6A27BCCEB6A42D62A3A8D02A6F0D73653215771DE243A63AC048A18B59DA29,8819F64F9BE22CA6E26CE9EC8476DA52EDB78218D24218023D4AD8F6DA501408,1246892212092075,1246892224660297,12568222,
atto,atto-serial,3B6A27BCCEB6A42D62A3A8D02A6F0D73653215771DE243A63AC048A18B59DA29,939,3B6A27BCCEB6A42D62A3A8D02A6F0D73653215771DE243A63AC048A18B59DA29,8FC0B933C8044EC8EBF0AEBE6E1DEDBA7A31B81020EFD4565EF19D97161E7877,1246892224667611,1246892237476904,12809293,
atto,atto-serial,3B6A27BCCEB6A42D62A3A8D02A6F0D73653215771DE243A63AC048A18B59DA29,940,3B6A27BCCEB6A42D62A3A8D02A6F0D73653215771DE243A63AC048A18B59DA29,20941750FAF494297E88E919E87D2902758332F754571EC6CC92C728CAAAAAC9,1246892237481573,1246892250355507,12873934,
atto,atto-serial,3B6A27BCCEB6A42D62A3A8D02A6F0D73653215771DE243A63AC048A18B59DA29,941,3B6A27BCCEB6A42D62A3A8D02A6F0D73653215771DE243A63AC048A18B59DA29,D98C1EF42CE296D970103F5EB81F1FC9B77DD056DBF0D23F4C3E5C2439070D8F,1246892250360105,1246892263260819,12900714,
atto,atto-serial,3B6A27BCCEB6A42D62A3A8D02A6F0D73653215771DE243A63AC048A18B59DA29,942,3B6A27BCCEB6A42D62A3A8D02A6F0D73653215771DE243A63AC048A18B59DA29,A0BAD7B73DCAA1DE11E2BD3576A9D64FDC22CA12C7D4FE70319D3B25AA58F6A2,1246892263266360,1246892276057509,12791149,
atto,atto-serial,3B6A27BCCEB6A42D62A3A8D02A6F0D73653215771DE243A63AC048A18B59DA29,943,3B6A27BCCEB6A42D62A3A8D02A6F0D73653215771DE243A63AC048A18B59DA29,5E2FED26C38137ABACA891E107CC9695F6703D84429A2384AC3F5FC294B63565,1246892276063290,1246892293926408,17863118,
atto,atto-serial,3B6A27BCCEB6A42D62A3A8D02A6F0D73653215771DE243A63AC048A18B59DA29,944,3B6A27BCCEB6A42D62A3A8D02A6F0D73653215771DE243A63AC048A18B59DA29,136B2A57377D8EADAC4B3E10F809EB960254E54DFE9F363C514297C3F2DD7BD0,1246892293932800,1246892310748477,16815677,
atto,atto-serial,3B6A27BCCEB6A42D62A3A8D02A6F0D73653215771DE243A63AC048A18B59DA29,945,3B6A27BCCEB6A42D62A3A8D02A6F0D73653215771DE243A63AC048A18B59DA29,0836A3D1973F61D106F1A1213875863F105EDA9F0E6A3B5CF80BB6B7D285658C,1246892310753948,1246892323632420,12878472,
atto,atto-serial,3B6A27BCCEB6A42D62A3A8D02A6F0D73653215771DE243A63AC048A18B59DA29,946,3B6A27BCCEB6A42D62A3A8D02A6F0D73653215771DE243A63AC048A18B59DA29,FB8020A184E11050C9C18FBDB3B136972CD9701DB104487569586583AB398B13,1246892323636458,1246892342776424,19139966,
atto,atto-serial,3B6A27BCCEB6A42D62A3A8D02A6F0D73653215771DE243A63AC048A18B59DA29,947,3B6A27BCCEB6A42D62A3A8D02A6F0D73653215771DE243A63AC048A18B59DA29,B672B8BDDF7CB83121BD40DD6BDF03E8EDA68120BEE87881B701A4D62A08C467,1246892342782025,1246892367787284,25005259,
atto,atto-serial,3B6A27BCCEB6A42D62A3A8D02A6F0D73653215771DE243A63AC048A18B59DA29,948,3B6A27BCCEB6A42D62A3A8D02A6F0D73653215771DE243A63AC048A18B59DA29,29EC5E1B07679BD4E100F5A2502E27E658E8FCACE6C0B872B8BC7AB79BAD17C2,1246892367791341,1246892484315380,116524039,
atto,atto-serial,3B6A27BCCEB6A42D62A3A8D02A6F0D73653215771DE243A63AC048A18B59DA29,949,3B6A27BCCEB6A42D62A3A8D02A6F0D73653215771DE243A63AC048A18B59DA29,7B7917A773922E7D3DE6AFB1E7193DEFBB7F42DC0F31F365387598F6226F30D9,1246892484319708,1246892495535550,11215842,
atto,atto-serial,3B6A27BCCEB6A42D62A3A8D02A6F0D73653215771DE243A63AC048A18B59DA29,950,3B6A27BCCEB6A42D62A3A8D02A6F0D73653215771DE243A63AC048A18B59DA29,32916E5B9A38CFAC7322210394490E87962318FEC8E1099EEF85956394E1CBFB,1246892495538796,1246892509926201,14387405,
atto,atto-serial,3B6A27BCCEB6A42D62A3A8D02A6F0D73653215771DE243A63AC048A18B59DA29,951,3B6A27BCCEB6A42D62A3A8D02A6F0D73653215771DE243A63AC048A18B59DA29,FA65888EDD4F5F1205DD61B653D5458E9AD004DDBD1AAE7D3D18AEF80B58FC9E,1246892509931511,1246892526650518,16719007,
atto,atto-serial,3B6A27BCCEB6A42D62A3A8D02A6F0D73653215771DE243A63AC048A18B59DA29,952,3B6A27BCCEB6A42D62A3A8D02A6F0D73653215771DE243A63AC048A18B59DA29,5A206B7B4A6744CDB6147445BF227DD336309CF7970CB3A406AE8E66AE0C59A6,1246892526654646,1246892554215235,27560589,
atto,atto-serial,3B6A27BCCEB6A42D62A3A8D02A6F0D73653215771DE243A63AC048A18B59DA29,953,3B6A27BCCEB6A42D62A3A8D02A6F0D73653215771DE243A63AC048A18B59DA29,2EB1945C3B6AC9727822AB4BCCEFE716672CD14C94F0BF1CB7F059C73FE1B6EC,1246892554220004,1246892573609607,19389603,
atto,atto-serial,3B6A27BCCEB6A42D62A3A8D02A6F0D73653215771DE243A63AC048A18B59DA29,954,3B6A27BCCEB6A42D62A3A8D02A6F0D73653215771DE243A63AC048A18B59DA29,17F369B8ABEC4CC0E9CB67A45A9F95058203A915487DCD91FF66485D510E6071,1246892573614857,1246892590755924,17141067,
atto,atto-serial,3B6A27BCCEB6A42D62A3A8D02A6F0D73653215771DE243A63AC048A18B59DA29,955,3B6A27BCCEB6A42D62A3A8D02A6F0D73653215771DE243A63AC048A18B59DA29,4BE32832A48D7D87BEA54AFE7725C5B57AD0F4AE579E77FC0D61A4C44CA11132,1246892590760743,1246892606552165,15791422,
atto,atto-serial,3B6A27BCCEB6A42D62A3A8D02A6F0D73653215771DE243A63AC048A18B59DA29,956,3B6A27BCCEB6A42D62A3A8D02A6F0D73653215771DE243A63AC048A18B59DA29,0925D6860AA381848306B796151B1E035EFBE3E74E23EB8E7149AD950C45D11F,1246892606556493,1246892624250304,17693811,
atto,atto-serial,3B6A27BCCEB6A42D62A3A8D02A6F0D73653215771DE243A63AC048A18B59DA29,957,3B6A27BCCEB6A42D62A3A8D02A6F0D73653215771DE243A63AC048A18B59DA29,AE10E0A27F5EFC41F2CFD445A655A6CD27A9ECA2C99B21D92A8AF1B2A1C8E621,1246892624254622,1246892639250977,14996355,
atto,atto-serial,3B6A27BCCEB6A42D62A3A8D02A6F0D73653215771DE243A63AC048A18B59DA29,958,3B6A27BCCEB6A42D62A3A8D02A6F0D73653215771DE243A63AC048A18B59DA29,DD72257574401B9B1C5982BFC7D18CBB7C391965BD22C044C027633395E33670,1246892639254604,1246892657034395,17779791,
atto,atto-serial,3B6A27BCCEB6A42D62A3A8D02A6F0D73653215771DE243A63AC048A18B59DA29,959,3B6A27BCCEB6A42D62A3A8D02A6F0D73653215771DE243A63AC048A18B59DA29,057B27E8C06402F924A35793A09C693155EFAEEAD305DFBB789720080D5A316A,1246892657039615,1246892677199389,20159774,
atto,atto-serial,3B6A27BCCEB6A42D62A3A8D02A6F0D73653215771DE243A63AC048A18B59DA29,960,3B6A27BCCEB6A42D62A3A8D02A6F0D73653215771DE243A63AC048A18B59DA29,20BA8B1B3A780291ED93905AFEC708CC5297C9A54455394B9697E977135334B5,1246892677203967,1246892690785766,13581799,
atto,atto-serial,3B6A27BCCEB6A42D62A3A8D02A6F0D73653215771DE243A63AC048A18B59DA29,961,3B6A27BCCEB6A42D62A3A8D02A6F0D73653215771DE243A63AC048A18B59DA29,6F0D6BEE282400BF1AA37BB4A502FBFCC9DE1EBF7FA54A8734B3B7D7364FD589,1246892690791036,1246892713394381,22603345,
atto,atto-serial,3B6A27BCCEB6A42D62A3A8D02A6F0D73653215771DE243A63AC048A18B59DA29,962,3B6A27BCCEB6A42D62A3A8D02A6F0D73653215771DE243A63AC048A18B59DA29,37F701B19D880501A618D950D45A8C4A06EF4D09ED0ABDF32CFE352C494952EA,1246892713399010,1246892725898794,12499784,
atto,atto-serial,3B6A27BCCEB6A42D62A3A8D02A6F0D73653215771DE243A63AC048A18B59DA29,963,3B6A27BCCEB6A42D62A3A8D02A6F0D73653215771DE243A63AC048A18B59DA29,50EB1263CFA21F1A9C88FAB0F8E2BC28FA9A90ABD4D11E0B185BA43F93B5510F,1246892725904534,1246892751828101,25923567,
atto,atto-serial,3B6A27BCCEB6A42D62A3A8D02A6F0D73653215771DE243A63AC048A18B59DA29,964,3B6A27BCCEB6A42D62A3A8D02A6F0D73653215771DE243A63AC048A18B59DA29,C1B798C8615AA2B4E3566F4FC328E60BC1AC1E857EA98222048F4A423AB91524,1246892751831908,1246892763540092,11708184,
atto,atto-serial,3B6A27BCCEB6A42D62A3A8D02A6F0D73653215771DE243A63AC048A18B59DA29,965,3B6A27BCCEB6A42D62A3A8D02A6F0D73653215771DE243A63AC048A18B59DA29,A96D31EE67425C2382B44F03B22B815BB7E14E97511C746D1E3D5A2AD697B471,1246892763544390,1246892781200109,17655719,
atto,atto-serial,3B6A27BCCEB6A42D62A3A8D02A6F0D73653215771DE243A63AC048A18B59DA29,966,3B6A27BCCEB6A42D62A3A8D02A6F0D73653215771DE243A63AC048A18B59DA29,F8023AD25C99950FC3CB1FB3FA8A2232F7DE31FD398A8E87939C938EA8556DD5,1246892781204337,1246892795817725,14613388,
atto,atto-serial,3B6A27BCCEB6A42D62A3A8D02A6F0D73653215771DE243A63AC048A18B59DA29,967,3B6A27BCCEB6A42D62A3A8D02A6F0D73653215771DE243A63AC048A18B59DA29,38AD22C5792615AFDE6A82573F471041FB5AA4EDACE07219BECE59AA9F0AF6AB,1246892795822725,1246892814535442,18712717,
atto,atto-serial,3B6A27BCCEB6A42D62A3A8D02A6F0D73653215771DE243A63AC048A18B59DA29,968,3B6A27BCCEB6A42D62A3A8D02A6F0D73653215771DE243A63AC048A18B59DA29,F1AD5B1CFB5052E3C173EBDD90EE6FC9133DC2693CCB6CF32643CDBA863AF111,1246892814540331,1246892826730105,12189774,
atto,atto-serial,3B6A27BCCEB6A42D62A3A8D02A6F0D73653215771DE243A63AC048A18B59DA29,969,3B6A27BCCEB6A42D62A3A8D02A6F0D73653215771DE243A63AC048A18B59DA29,4CB4C72ACFD75B9C2D7DB9FD83324C200CDD445443621532D8104E196A675794,1246892826737329,1246892838309838,11572509,
atto,atto-serial,3B6A27BCCEB6A42D62A3A8D02A6F0D73653215771DE243A63AC048A18B59DA29,970,3B6A27BCCEB6A42D62A3A8D02A6F0D73653215771DE243A63AC048A18B59DA29,E952629DFE624E5424C83E1F6FD38AC0BCCF76D4F168AFFC974FC9A3F30EEF41,1246892838313986,1246892856203202,17889216,
atto,atto-serial,3B6A27BCCEB6A42D62A3A8D02A6F0D73653215771DE243A63AC048A18B59DA29,971,3B6A27BCCEB6A42D62A3A8D02A6F0D73653215771DE243A63AC048A18B59DA29,8F700792FA6B797F2D3357223F28B2FC07AE691D50EA77F4EFEC7FCB2D8A2212,1246892856207370,1246892867316913,11109543,
atto,atto-serial,3B6A27BCCEB6A42D62A3A8D02A6F0D73653215771DE243A63AC048A18B59DA29,972,3B6A27BCCEB6A42D62A3A8D02A6F0D73653215771DE243A63AC048A18B59DA29,0AAF054E5F2F3079D48FDB306E335C16CB8DB921EE7A099BF4D3C368F74136ED,1246892867321001,1246892885011626,17690625,
atto,atto-serial,3B6A27BCCEB6A42D62A3A8D02A6F0D73653215771DE243A63AC048A18B59DA29,973,3B6A27BCCEB6A42D62A3A8D02A6F0D73653215771DE243A63AC048A18B59DA29,6217A49E0ECA906671BDF31E077CCD5EDBC7FBAF9DF90B5E36CB0627BB698EFE,1246892885016575,1246892896822301,11805726,
atto,atto-serial,3B6A27BCCEB6A42D62A3A8D02A6F0D73653215771DE243A63AC048A18B59DA29,974,3B6A27BCCEB6A42D62A3A8D02A6F0D73653215771DE243A63AC048A18B59DA29,A25EF153099761B60B534EA27583B3AA9F804BA8FBC9AF1CF0C97088F0DE7281,1246892896827470,1246892911177786,14350316,
atto,atto-serial,3B6A27BCCEB6A42D62A3A8D02A6F0D73653215771DE243A63AC048A18B59DA29,975,3B6A27BCCEB6A42D62A3A8D02A6F0D73653215771DE243A63AC048A18B59DA29,CC7EBEED4FBDEEE54417EDB3E93CC41E61374D6B729F0D49395E972F30EE3FEA,1246892911182525,1246892924112424,12929899,
atto,atto-serial,3B6A27BCCEB6A42D62A3A8D02A6F0D73653215771DE243A63AC048A18B59DA29,976,3B6A27BCCEB6A42D62A3A8D02A6F0D73653215771DE243A63AC048A18B59DA29,EFE53651F5FCC8201B9A74328BB0383F974523947075D89981CD3154DF79C066,1246892924118796,1246892944261528,20142732,
atto,atto-serial,3B6A27BCCEB6A42D62A3A8D02A6F0D73653215771DE243A63AC048A18B59DA29,977,3B6A27BCCEB6A42D62A3A8D02A6F0D73653215771DE243A63AC048A18B59DA29,AED40220BF69FE5556600FA9CF5DE9C3328A53A3FDA2E5C467C98678FC9A4A87,1246892944265846,1246892961097374,16831528,
atto,atto-serial,3B6A27BCCEB6A42D62A3A8D02A6F0D73653215771DE243A63AC048A18B59DA29,978,3B6A27BCCEB6A42D62A3A8D02A6F0D73653215771DE243A63AC048A18B59DA29,3DE5A945BEA28466F1AD0A928376A5FBFBD9B0402D7491F3EDE07AEFBCEA7D2E,1246892961102082,1246892984121176,23019094,
atto,atto-serial,3B6A27BCCEB6A42D62A3A8D02A6F0D73653215771DE243A63AC048A18B59DA29,979,3B6A27BCCEB6A42D62A3A8D02A6F0D73653215771DE243A63AC048A18B59DA29,2F1C6EFC55922D271287419A28994DD758BF10C0AEB3C323A6146D124C22F0AD,1246892984126626,1246892997548836,13422210,
atto,atto-serial,3B6A27BCCEB6A42D62A3A8D02A6F0D73653215771DE243A63AC048A18B59DA29,980,3B6A27BCCEB6A42D62A3A8D02A6F0D73653215771DE243A63AC048A18B59DA29,DDE9AE53FA3BA152DAE05A28C36D74BB348DEF37EBAA2053A4D8335C5C750B99,1246892997555478,1246893018311277,20755799,
atto,atto-serial,3B6A27BCCEB6A42D62A3A8D02A6F0D73653215771DE243A63AC048A18B59DA29,981,3B6A27BCCEB6A42D62A3A8D02A6F0D73653215771DE243A63AC048A18B59DA29,B96076FE3EA40237B2E5F74BCA93CB7B69F71DCB4BB4B4CD932ABA04B6E31CC9,1246893018315345,1246893031542119,13226774,
atto,atto-serial,3B6A27BCCEB6A42D62A3A8D02A6F0D73653215771DE243A63AC048A18B59DA29,982,3B6A27BCCEB6A42D62A3A8D02A6F0D73653215771DE243A63AC048A18B59DA29,B812D9C04C35945199C23979F21B5F59853707EB3E38693CEC3A9AECCD959CB7,1246893031548010,1246893049349863,17801853,
atto,atto-serial,3B6A27BCCEB6A42D62A3A8D02A6F0D73653215771DE243A63AC048A18B59DA29,983,3B6A27BCCEB6A42D62A3A8D02A6F0D73653215771DE243A63AC048A18B59DA29,296C26E838ACDB56BE99F300A45869E8F4B763435C8A4E60C6D0EEFC35456392,1246893049355023,1246893066414767,17059744,
atto,atto-serial,3B6A27BCCEB6A42D62A3A8D02A6F0D73653215771DE243A63AC048A18B59DA29,984,3B6A27BCCEB6A42D62A3A8D02A6F0D73653215771DE243A63AC048A18B59DA29,57E8AF9B584F71ACA8941D2C4EB66E3AF0718FAA484DC5247D573283DDEF6B76,1246893066420728,1246893078397003,11976275,
atto,atto-serial,3B6A27BCCEB6A42D62A3A8D02A6F0D73653215771DE243A63AC048A18B59DA29,985,3B6A27BCCEB6A42D62A3A8D02A6F0D73653215771DE243A63AC048A18B59DA29,80B1CA8AE95C09D28DF3C01CDCF2BC6085C8C1634265CA492CC716EED3B27E4C,1246893078402443,1246893096967244,18564801,
atto,atto-serial,3B6A27BCCEB6A42D62A3A8D02A6F0D73653215771DE243A63AC048A18B59DA29,986,3B6A27BCCEB6A42D62A3A8D02A6F0D73653215771DE243A63AC048A18B59DA29,F7E556D3C165589CABDBE72DA7D05E139EC0B378A6FDC01D1CE633ADCE4B0CAD,1246893096971532,1246893117263994,20292462,
atto,atto-serial,3B6A27BCCEB6A42D62A3A8D02A6F0D73653215771DE243A63AC048A18B59DA29,987,3B6A27BCCEB6A42D62A3A8D02A6F0D73653215771DE243A63AC048A18B59DA29,2FB6A3C4235113F3E68EFE5FB2051513AE064C65AFF5B51C97EDA64BD349C736,1246893117268031,1246893136110902,18842871,
atto,atto-serial,3B6A27BCCEB6A42D62A3A8D02A6F0D73653215771DE243A63AC048A18B59DA29,988,3B6A27BCCEB6A42D62A3A8D02A6F0D73653215771DE243A63AC048A18B59DA29,2D0C1D20A622373A5BE376DFDBE8EBA353B553FF9B9F9637E85A7C046A78770A,1246893136115040,1246893152065870,15950830,
atto,atto-serial,3B6A27BCCEB6A42D62A3A8D02A6F0D73653215771DE243A63AC048A18B59DA29,989,3B6A27BCCEB6A42D62A3A8D02A6F0D73653215771DE243A63AC048A18B59DA29,AB48F91CF4A2AA5BCBD59133B67CF359F375E3083C27DC5797A7B714F245A60F,1246893152070569,1246893165054138,12983569,
atto,atto-serial,3B6A27BCCEB6A42D62A3A8D02A6F0D73653215771DE243A63AC048A18B59DA29,990,3B6A27BCCEB6A42D62A3A8D02A6F0D73653215771DE243A63AC048A18B59DA29,F71314008236A1CBE48DE9B4ABDF22F88C4DBE4AF7DE1D457B9DC741F84C9514,1246893165058005,1246893179417117,14359112,
atto,atto-serial,3B6A27BCCEB6A42D62A3A8D02A6F0D73653215771DE243A63AC048A18B59DA29,991,3B6A27BCCEB6A42D62A3A8D02A6F0D73653215771DE243A63AC048A18B59DA29,55755310E13BAEC432903986C5EB8317EA20AA4F435B7BD9414A93483E66CB41,1246893179424291,1246893192616751,13192460,
atto,atto-serial,3B6A27BCCEB6A42D62A3A8D02A6F0D73653215771DE243A63AC048A18B59DA29,992,3B6A27BCCEB6A42D62A3A8D02A6F0D73653215771DE243A63AC048A18B59DA29,C14658F240484CEFC63C7947CEE2141790801FF5411199AA16E6232E54FF0CE1,1246893192621049,1246893212784900,20163851,
atto,atto-serial,3B6A27BCCEB6A42D62A3A8D02A6F0D73653215771DE243A63AC048A18B59DA29,993,3B6A27BCCEB6A42D62A3A8D02A6F0D73653215771DE243A63AC048A18B59DA29,75B5B1DC527313ABB930A0B007AA07A54C856A7F5391CB814B5A58A13B4ED1BD,1246893212789038,1246893225112302,12323264,
atto,atto-serial,3B6A27BCCEB6A42D62A3A8D02A6F0D73653215771DE243A63AC048A18B59DA29,994,3B6A27BCCEB6A42D62A3A8D02A6F0D73653215771DE243A63AC048A18B59DA29,5B150846F4E0D8350650781A16CADF0ECEBBA8AC6D10BB29B59787E0A3763CE7,1246893225118193,1246893242778381,17660188,
atto,atto-serial,3B6A27BCCEB6A42D62A3A8D02A6F0D73653215771DE243A63AC048A18B59DA29,995,3B6A27BCCEB6A42D62A3A8D02A6F0D73653215771DE243A63AC048A18B59DA29,F816C6A5D699F14867CDA6BDC70B379FCD89DC67F865D79E61F4715127A8718C,1246893242784022,1246893259892568,17108546,
atto,atto-serial,3B6A27BCCEB6A42D62A3A8D02A6F0D73653215771DE243A63AC048A18B59DA29,996,3B6A27BCCEB6A42D62A3A8D02A6F0D73653215771DE243A63AC048A18B59DA29,A50E3C8737632438A90EAB7B7608459E7395A7E0B11C196D874A64F2D410D6F0,1246893259896866,1246893275161592,15264726,
atto,atto-serial,3B6A27BCCEB6A42D62A3A8D02A6F0D73653215771DE243A63AC048A18B59DA29,997,3B6A27BCCEB6A42D62A3A8D02A6F0D73653215771DE243A63AC048A18B59DA29,2CD297E99A0BCE69536C7E2975D6550C8FC91E91C4222A6D379ABE98B76E379D,1246893275165920,1246893293333678,18167758,
atto,atto-serial,3B6A27BCCEB6A42D62A3A8D02A6F0D73653215771DE243A63AC048A18B59DA29,998,3B6A27BCCEB6A42D62A3A8D02A6F0D73653215771DE243A63AC048A18B59DA29,4FE3446919FD631F02730860B0410F2586A949A924ECC33189765DD453BB661A,1246893293337765,1246893308149304,14811539,
atto,atto-serial,3B6A27BCCEB6A42D62A3A8D02A6F0D73653215771DE243A63AC048A18B59DA29,999,3B6A27BCCEB6A42D62A3A8D02A6F0D73653215771DE243A63AC048A18B59DA29,C808490B54E893A280848084B6391F41D7A722F3F680B5D76EBA9CE3D75FC804,1246893308153773,1246893319685696,11531923,
atto,atto-serial,3B6A27BCCEB6A42D62A3A8D02A6F0D73653215771DE243A63AC048A18B59DA29,1000,3B6A27BCCEB6A42D62A3A8D02A6F0D73653215771DE243A63AC048A18B59DA29,B6EDFF815A784E29D85842E27C79EA457078D1004AA12A99887AB3059052752B,1246893319689944,1246893332256944,12567000,
